x,y,z
-5.000000,-5.000000,90036.000000
-5.000000,-4.900000,89437.000000
-5.000000,-4.800000,88840.000000
-5.000000,-4.700000,88245.000000
-5.000000,-4.600000,87652.000000
-5.000000,-4.500000,87061.000000
-5.000000,-4.400000,86472.000000
-5.000000,-4.300000,85885.000000
-5.000000,-4.200000,85300.000000
-5.000000,-4.100000,84717.000000
-5.000000,-4.000000,84136.000000
-5.000000,-3.900000,83557.000000
-5.000000,-3.800000,82980.000000
-5.000000,-3.700000,82405.000000
-5.000000,-3.600000,81832.000000
-5.000000,-3.500000,81261.000000
-5.000000,-3.400000,80692.000000
-5.000000,-3.300000,80125.000000
-5.000000,-3.200000,79560.000000
-5.000000,-3.100000,78997.000000
-5.000000,-3.000000,78436.000000
-5.000000,-2.900000,77877.000000
-5.000000,-2.800000,77320.000000
-5.000000,-2.700000,76765.000000
-5.000000,-2.600000,76212.000000
-5.000000,-2.500000,75661.000000
-5.000000,-2.400000,75112.000000
-5.000000,-2.300000,74565.000000
-5.000000,-2.200000,74020.000000
-5.000000,-2.100000,73477.000000
-5.000000,-2.000000,72936.000000
-5.000000,-1.900000,72397.000000
-5.000000,-1.800000,71860.000000
-5.000000,-1.700000,71325.000000
-5.000000,-1.600000,70792.000000
-5.000000,-1.500000,70261.000000
-5.000000,-1.400000,69732.000000
-5.000000,-1.300000,69205.000000
-5.000000,-1.200000,68680.000000
-5.000000,-1.100000,68157.000000
-5.000000,-1.000000,67636.000000
-5.000000,-0.900000,67117.000000
-5.000000,-0.800000,66600.000000
-5.000000,-0.700000,66085.000000
-5.000000,-0.600000,65572.000000
-5.000000,-0.500000,65061.000000
-5.000000,-0.400000,64552.000000
-5.000000,-0.300000,64045.000000
-5.000000,-0.200000,63540.000000
-5.000000,-0.100000,63037.000000
-5.000000,-0.000000,62536.000000
-5.000000,0.100000,62037.000000
-5.000000,0.200000,61540.000000
-5.000000,0.300000,61045.000000
-5.000000,0.400000,60552.000000
-5.000000,0.500000,60061.000000
-5.000000,0.600000,59572.000000
-5.000000,0.700000,59085.000000
-5.000000,0.800000,58600.000000
-5.000000,0.900000,58117.000000
-5.000000,1.000000,57636.000000
-5.000000,1.100000,57157.000000
-5.000000,1.200000,56680.000000
-5.000000,1.300000,56205.000000
-5.000000,1.400000,55732.000000
-5.000000,1.500000,55261.000000
-5.000000,1.600000,54792.000000
-5.000000,1.700000,54325.000000
-5.000000,1.800000,53860.000000
-5.000000,1.900000,53397.000000
-5.000000,2.000000,52936.000000
-5.000000,2.100000,52477.000000
-5.000000,2.200000,52020.000000
-5.000000,2.300000,51565.000000
-5.000000,2.400000,51112.000000
-5.000000,2.500000,50661.000000
-5.000000,2.600000,50212.000000
-5.000000,2.700000,49765.000000
-5.000000,2.800000,49320.000000
-5.000000,2.900000,48877.000000
-5.000000,3.000000,48436.000000
-5.000000,3.100000,47997.000000
-5.000000,3.200000,47560.000000
-5.000000,3.300000,47125.000000
-5.000000,3.400000,46692.000000
-5.000000,3.500000,46261.000000
-5.000000,3.600000,45832.000000
-5.000000,3.700000,45405.000000
-5.000000,3.800000,44980.000000
-5.000000,3.900000,44557.000000
-5.000000,4.000000,44136.000000
-5.000000,4.100000,43717.000000
-5.000000,4.200000,43300.000000
-5.000000,4.300000,42885.000000
-5.000000,4.400000,42472.000000
-5.000000,4.500000,42061.000000
-5.000000,4.600000,41652.000000
-5.000000,4.700000,41245.000000
-5.000000,4.800000,40840.000000
-5.000000,4.900000,40437.000000
-5.000000,5.000000,40036.000000
-4.900000,-5.000000,84192.820000
-4.900000,-4.900000,83613.620000
-4.900000,-4.800000,83036.420000
-4.900000,-4.700000,82461.220000
-4.900000,-4.600000,81888.020000
-4.900000,-4.500000,81316.820000
-4.900000,-4.400000,80747.620000
-4.900000,-4.300000,80180.420000
-4.900000,-4.200000,79615.220000
-4.900000,-4.100000,79052.020000
-4.900000,-4.000000,78490.820000
-4.900000,-3.900000,77931.620000
-4.900000,-3.800000,77374.420000
-4.900000,-3.700000,76819.220000
-4.900000,-3.600000,76266.020000
-4.900000,-3.500000,75714.820000
-4.900000,-3.400000,75165.620000
-4.900000,-3.300000,74618.420000
-4.900000,-3.200000,74073.220000
-4.900000,-3.100000,73530.020000
-4.900000,-3.000000,72988.820000
-4.900000,-2.900000,72449.620000
-4.900000,-2.800000,71912.420000
-4.900000,-2.700000,71377.220000
-4.900000,-2.600000,70844.020000
-4.900000,-2.500000,70312.820000
-4.900000,-2.400000,69783.620000
-4.900000,-2.300000,69256.420000
-4.900000,-2.200000,68731.220000
-4.900000,-2.100000,68208.020000
-4.900000,-2.000000,67686.820000
-4.900000,-1.900000,67167.620000
-4.900000,-1.800000,66650.420000
-4.900000,-1.700000,66135.220000
-4.900000,-1.600000,65622.020000
-4.900000,-1.500000,65110.820000
-4.900000,-1.400000,64601.620000
-4.900000,-1.300000,64094.420000
-4.900000,-1.200000,63589.220000
-4.900000,-1.100000,63086.020000
-4.900000,-1.000000,62584.820000
-4.900000,-0.900000,62085.620000
-4.900000,-0.800000,61588.420000
-4.900000,-0.700000,61093.220000
-4.900000,-0.600000,60600.020000
-4.900000,-0.500000,60108.820000
-4.900000,-0.400000,59619.620000
-4.900000,-0.300000,59132.420000
-4.900000,-0.200000,58647.220000
-4.900000,-0.100000,58164.020000
-4.900000,-0.000000,57682.820000
-4.900000,0.100000,57203.620000
-4.900000,0.200000,56726.420000
-4.900000,0.300000,56251.220000
-4.900000,0.400000,55778.020000
-4.900000,0.500000,55306.820000
-4.900000,0.600000,54837.620000
-4.900000,0.700000,54370.420000
-4.900000,0.800000,53905.220000
-4.900000,0.900000,53442.020000
-4.900000,1.000000,52980.820000
-4.900000,1.100000,52521.620000
-4.900000,1.200000,52064.420000
-4.900000,1.300000,51609.220000
-4.900000,1.400000,51156.020000
-4.900000,1.500000,50704.820000
-4.900000,1.600000,50255.620000
-4.900000,1.700000,49808.420000
-4.900000,1.800000,49363.220000
-4.900000,1.900000,48920.020000
-4.900000,2.000000,48478.820000
-4.900000,2.100000,48039.620000
-4.900000,2.200000,47602.420000
-4.900000,2.300000,47167.220000
-4.900000,2.400000,46734.020000
-4.900000,2.500000,46302.820000
-4.900000,2.600000,45873.620000
-4.900000,2.700000,45446.420000
-4.900000,2.800000,45021.220000
-4.900000,2.900000,44598.020000
-4.900000,3.000000,44176.820000
-4.900000,3.100000,43757.620000
-4.900000,3.200000,43340.420000
-4.900000,3.300000,42925.220000
-4.900000,3.400000,42512.020000
-4.900000,3.500000,42100.820000
-4.900000,3.600000,41691.620000
-4.900000,3.700000,41284.420000
-4.900000,3.800000,40879.220000
-4.900000,3.900000,40476.020000
-4.900000,4.000000,40074.820000
-4.900000,4.100000,39675.620000
-4.900000,4.200000,39278.420000
-4.900000,4.300000,38883.220000
-4.900000,4.400000,38490.020000
-4.900000,4.500000,38098.820000
-4.900000,4.600000,37709.620000
-4.900000,4.700000,37322.420000
-4.900000,4.800000,36937.220000
-4.900000,4.900000,36554.020000
-4.900000,5.000000,36172.820000
-4.800000,-5.000000,78657.800000
-4.800000,-4.900000,78098.000000
-4.800000,-4.800000,77540.200000
-4.800000,-4.700000,76984.400000
-4.800000,-4.600000,76430.600000
-4.800000,-4.500000,75878.800000
-4.800000,-4.400000,75329.000000
-4.800000,-4.300000,74781.200000
-4.800000,-4.200000,74235.400000
-4.800000,-4.100000,73691.600000
-4.800000,-4.000000,73149.800000
-4.800000,-3.900000,72610.000000
-4.800000,-3.800000,72072.200000
-4.800000,-3.700000,71536.400000
-4.800000,-3.600000,71002.600000
-4.800000,-3.500000,70470.800000
-4.800000,-3.400000,69941.000000
-4.800000,-3.300000,69413.200000
-4.800000,-3.200000,68887.400000
-4.800000,-3.100000,68363.600000
-4.800000,-3.000000,67841.800000
-4.800000,-2.900000,67322.000000
-4.800000,-2.800000,66804.200000
-4.800000,-2.700000,66288.400000
-4.800000,-2.600000,65774.600000
-4.800000,-2.500000,65262.800000
-4.800000,-2.400000,64753.000000
-4.800000,-2.300000,64245.200000
-4.800000,-2.200000,63739.400000
-4.800000,-2.100000,63235.600000
-4.800000,-2.000000,62733.800000
-4.800000,-1.900000,62234.000000
-4.800000,-1.800000,61736.200000
-4.800000,-1.700000,61240.400000
-4.800000,-1.600000,60746.600000
-4.800000,-1.500000,60254.800000
-4.800000,-1.400000,59765.000000
-4.800000,-1.300000,59277.200000
-4.800000,-1.200000,58791.400000
-4.800000,-1.100000,58307.600000
-4.800000,-1.000000,57825.800000
-4.800000,-0.900000,57346.000000
-4.800000,-0.800000,56868.200000
-4.800000,-0.700000,56392.400000
-4.800000,-0.600000,55918.600000
-4.800000,-0.500000,55446.800000
-4.800000,-0.400000,54977.000000
-4.800000,-0.300000,54509.200000
-4.800000,-0.200000,54043.400000
-4.800000,-0.100000,53579.600000
-4.800000,-0.000000,53117.800000
-4.800000,0.100000,52658.000000
-4.800000,0.200000,52200.200000
-4.800000,0.300000,51744.400000
-4.800000,0.400000,51290.600000
-4.800000,0.500000,50838.800000
-4.800000,0.600000,50389.000000
-4.800000,0.700000,49941.200000
-4.800000,0.800000,49495.400000
-4.800000,0.900000,49051.600000
-4.800000,1.000000,48609.800000
-4.800000,1.100000,48170.000000
-4.800000,1.200000,47732.200000
-4.800000,1.300000,47296.400000
-4.800000,1.400000,46862.600000
-4.800000,1.500000,46430.800000
-4.800000,1.600000,46001.000000
-4.800000,1.700000,45573.200000
-4.800000,1.800000,45147.400000
-4.800000,1.900000,44723.600000
-4.800000,2.000000,44301.800000
-4.800000,2.100000,43882.000000
-4.800000,2.200000,43464.200000
-4.800000,2.300000,43048.400000
-4.800000,2.400000,42634.600000
-4.800000,2.500000,42222.800000
-4.800000,2.600000,41813.000000
-4.800000,2.700000,41405.200000
-4.800000,2.800000,40999.400000
-4.800000,2.900000,40595.600000
-4.800000,3.000000,40193.800000
-4.800000,3.100000,39794.000000
-4.800000,3.200000,39396.200000
-4.800000,3.300000,39000.400000
-4.800000,3.400000,38606.600000
-4.800000,3.500000,38214.800000
-4.800000,3.600000,37825.000000
-4.800000,3.700000,37437.200000
-4.800000,3.800000,37051.400000
-4.800000,3.900000,36667.600000
-4.800000,4.000000,36285.800000
-4.800000,4.100000,35906.000000
-4.800000,4.200000,35528.200000
-4.800000,4.300000,35152.400000
-4.800000,4.400000,34778.600000
-4.800000,4.500000,34406.800000
-4.800000,4.600000,34037.000000
-4.800000,4.700000,33669.200000
-4.800000,4.800000,33303.400000
-4.800000,4.900000,32939.600000
-4.800000,5.000000,32577.800000
-4.700000,-5.000000,73419.300000
-4.700000,-4.900000,72878.500000
-4.700000,-4.800000,72339.700000
-4.700000,-4.700000,71802.900000
-4.700000,-4.600000,71268.100000
-4.700000,-4.500000,70735.300000
-4.700000,-4.400000,70204.500000
-4.700000,-4.300000,69675.700000
-4.700000,-4.200000,69148.900000
-4.700000,-4.100000,68624.100000
-4.700000,-4.000000,68101.300000
-4.700000,-3.900000,67580.500000
-4.700000,-3.800000,67061.700000
-4.700000,-3.700000,66544.900000
-4.700000,-3.600000,66030.100000
-4.700000,-3.500000,65517.300000
-4.700000,-3.400000,65006.500000
-4.700000,-3.300000,64497.700000
-4.700000,-3.200000,63990.900000
-4.700000,-3.100000,63486.100000
-4.700000,-3.000000,62983.300000
-4.700000,-2.900000,62482.500000
-4.700000,-2.800000,61983.700000
-4.700000,-2.700000,61486.900000
-4.700000,-2.600000,60992.100000
-4.700000,-2.500000,60499.300000
-4.700000,-2.400000,60008.500000
-4.700000,-2.300000,59519.700000
-4.700000,-2.200000,59032.900000
-4.700000,-2.100000,58548.100000
-4.700000,-2.000000,58065.300000
-4.700000,-1.900000,57584.500000
-4.700000,-1.800000,57105.700000
-4.700000,-1.700000,56628.900000
-4.700000,-1.600000,56154.100000
-4.700000,-1.500000,55681.300000
-4.700000,-1.400000,55210.500000
-4.700000,-1.300000,54741.700000
-4.700000,-1.200000,54274.900000
-4.700000,-1.100000,53810.100000
-4.700000,-1.000000,53347.300000
-4.700000,-0.900000,52886.500000
-4.700000,-0.800000,52427.700000
-4.700000,-0.700000,51970.900000
-4.700000,-0.600000,51516.100000
-4.700000,-0.500000,51063.300000
-4.700000,-0.400000,50612.500000
-4.700000,-0.300000,50163.700000
-4.700000,-0.200000,49716.900000
-4.700000,-0.100000,49272.100000
-4.700000,-0.000000,48829.300000
-4.700000,0.100000,48388.500000
-4.700000,0.200000,47949.700000
-4.700000,0.300000,47512.900000
-4.700000,0.400000,47078.100000
-4.700000,0.500000,46645.300000
-4.700000,0.600000,46214.500000
-4.700000,0.700000,45785.700000
-4.700000,0.800000,45358.900000
-4.700000,0.900000,44934.100000
-4.700000,1.000000,44511.300000
-4.700000,1.100000,44090.500000
-4.700000,1.200000,43671.700000
-4.700000,1.300000,43254.900000
-4.700000,1.400000,42840.100000
-4.700000,1.500000,42427.300000
-4.700000,1.600000,42016.500000
-4.700000,1.700000,41607.700000
-4.700000,1.800000,41200.900000
-4.700000,1.900000,40796.100000
-4.700000,2.000000,40393.300000
-4.700000,2.100000,39992.500000
-4.700000,2.200000,39593.700000
-4.700000,2.300000,39196.900000
-4.700000,2.400000,38802.100000
-4.700000,2.500000,38409.300000
-4.700000,2.600000,38018.500000
-4.700000,2.700000,37629.700000
-4.700000,2.800000,37242.900000
-4.700000,2.900000,36858.100000
-4.700000,3.000000,36475.300000
-4.700000,3.100000,36094.500000
-4.700000,3.200000,35715.700000
-4.700000,3.300000,35338.900000
-4.700000,3.400000,34964.100000
-4.700000,3.500000,34591.300000
-4.700000,3.600000,34220.500000
-4.700000,3.700000,33851.700000
-4.700000,3.800000,33484.900000
-4.700000,3.900000,33120.100000
-4.700000,4.000000,32757.300000
-4.700000,4.100000,32396.500000
-4.700000,4.200000,32037.700000
-4.700000,4.300000,31680.900000
-4.700000,4.400000,31326.100000
-4.700000,4.500000,30973.300000
-4.700000,4.600000,30622.500000
-4.700000,4.700000,30273.700000
-4.700000,4.800000,29926.900000
-4.700000,4.900000,29582.100000
-4.700000,5.000000,29239.300000
-4.600000,-5.000000,68465.920000
-4.600000,-4.900000,67943.720000
-4.600000,-4.800000,67423.520000
-4.600000,-4.700000,66905.320000
-4.600000,-4.600000,66389.120000
-4.600000,-4.500000,65874.920000
-4.600000,-4.400000,65362.720000
-4.600000,-4.300000,64852.520000
-4.600000,-4.200000,64344.320000
-4.600000,-4.100000,63838.120000
-4.600000,-4.000000,63333.920000
-4.600000,-3.900000,62831.720000
-4.600000,-3.800000,62331.520000
-4.600000,-3.700000,61833.320000
-4.600000,-3.600000,61337.120000
-4.600000,-3.500000,60842.920000
-4.600000,-3.400000,60350.720000
-4.600000,-3.300000,59860.520000
-4.600000,-3.200000,59372.320000
-4.600000,-3.100000,58886.120000
-4.600000,-3.000000,58401.920000
-4.600000,-2.900000,57919.720000
-4.600000,-2.800000,57439.520000
-4.600000,-2.700000,56961.320000
-4.600000,-2.600000,56485.120000
-4.600000,-2.500000,56010.920000
-4.600000,-2.400000,55538.720000
-4.600000,-2.300000,55068.520000
-4.600000,-2.200000,54600.320000
-4.600000,-2.100000,54134.120000
-4.600000,-2.000000,53669.920000
-4.600000,-1.900000,53207.720000
-4.600000,-1.800000,52747.520000
-4.600000,-1.700000,52289.320000
-4.600000,-1.600000,51833.120000
-4.600000,-1.500000,51378.920000
-4.600000,-1.400000,50926.720000
-4.600000,-1.300000,50476.520000
-4.600000,-1.200000,50028.320000
-4.600000,-1.100000,49582.120000
-4.600000,-1.000000,49137.920000
-4.600000,-0.900000,48695.720000
-4.600000,-0.800000,48255.520000
-4.600000,-0.700000,47817.320000
-4.600000,-0.600000,47381.120000
-4.600000,-0.500000,46946.920000
-4.600000,-0.400000,46514.720000
-4.600000,-0.300000,46084.520000
-4.600000,-0.200000,45656.320000
-4.600000,-0.100000,45230.120000
-4.600000,-0.000000,44805.920000
-4.600000,0.100000,44383.720000
-4.600000,0.200000,43963.520000
-4.600000,0.300000,43545.320000
-4.600000,0.400000,43129.120000
-4.600000,0.500000,42714.920000
-4.600000,0.600000,42302.720000
-4.600000,0.700000,41892.520000
-4.600000,0.800000,41484.320000
-4.600000,0.900000,41078.120000
-4.600000,1.000000,40673.920000
-4.600000,1.100000,40271.720000
-4.600000,1.200000,39871.520000
-4.600000,1.300000,39473.320000
-4.600000,1.400000,39077.120000
-4.600000,1.500000,38682.920000
-4.600000,1.600000,38290.720000
-4.600000,1.700000,37900.520000
-4.600000,1.800000,37512.320000
-4.600000,1.900000,37126.120000
-4.600000,2.000000,36741.920000
-4.600000,2.100000,36359.720000
-4.600000,2.200000,35979.520000
-4.600000,2.300000,35601.320000
-4.600000,2.400000,35225.120000
-4.600000,2.500000,34850.920000
-4.600000,2.600000,34478.720000
-4.600000,2.700000,34108.520000
-4.600000,2.800000,33740.320000
-4.600000,2.900000,33374.120000
-4.600000,3.000000,33009.920000
-4.600000,3.100000,32647.720000
-4.600000,3.200000,32287.520000
-4.600000,3.300000,31929.320000
-4.600000,3.400000,31573.120000
-4.600000,3.500000,31218.920000
-4.600000,3.600000,30866.720000
-4.600000,3.700000,30516.520000
-4.600000,3.800000,30168.320000
-4.600000,3.900000,29822.120000
-4.600000,4.000000,29477.920000
-4.600000,4.100000,29135.720000
-4.600000,4.200000,28795.520000
-4.600000,4.300000,28457.320000
-4.600000,4.400000,28121.120000
-4.600000,4.500000,27786.920000
-4.600000,4.600000,27454.720000
-4.600000,4.700000,27124.520000
-4.600000,4.800000,26796.320000
-4.600000,4.900000,26470.120000
-4.600000,5.000000,26145.920000
-4.500000,-5.000000,63786.500000
-4.500000,-4.900000,63282.500000
-4.500000,-4.800000,62780.500000
-4.500000,-4.700000,62280.500000
-4.500000,-4.600000,61782.500000
-4.500000,-4.500000,61286.500000
-4.500000,-4.400000,60792.500000
-4.500000,-4.300000,60300.500000
-4.500000,-4.200000,59810.500000
-4.500000,-4.100000,59322.500000
-4.500000,-4.000000,58836.500000
-4.500000,-3.900000,58352.500000
-4.500000,-3.800000,57870.500000
-4.500000,-3.700000,57390.500000
-4.500000,-3.600000,56912.500000
-4.500000,-3.500000,56436.500000
-4.500000,-3.400000,55962.500000
-4.500000,-3.300000,55490.500000
-4.500000,-3.200000,55020.500000
-4.500000,-3.100000,54552.500000
-4.500000,-3.000000,54086.500000
-4.500000,-2.900000,53622.500000
-4.500000,-2.800000,53160.500000
-4.500000,-2.700000,52700.500000
-4.500000,-2.600000,52242.500000
-4.500000,-2.500000,51786.500000
-4.500000,-2.400000,51332.500000
-4.500000,-2.300000,50880.500000
-4.500000,-2.200000,50430.500000
-4.500000,-2.100000,49982.500000
-4.500000,-2.000000,49536.500000
-4.500000,-1.900000,49092.500000
-4.500000,-1.800000,48650.500000
-4.500000,-1.700000,48210.500000
-4.500000,-1.600000,47772.500000
-4.500000,-1.500000,47336.500000
-4.500000,-1.400000,46902.500000
-4.500000,-1.300000,46470.500000
-4.500000,-1.200000,46040.500000
-4.500000,-1.100000,45612.500000
-4.500000,-1.000000,45186.500000
-4.500000,-0.900000,44762.500000
-4.500000,-0.800000,44340.500000
-4.500000,-0.700000,43920.500000
-4.500000,-0.600000,43502.500000
-4.500000,-0.500000,43086.500000
-4.500000,-0.400000,42672.500000
-4.500000,-0.300000,42260.500000
-4.500000,-0.200000,41850.500000
-4.500000,-0.100000,41442.500000
-4.500000,-0.000000,41036.500000
-4.500000,0.100000,40632.500000
-4.500000,0.200000,40230.500000
-4.500000,0.300000,39830.500000
-4.500000,0.400000,39432.500000
-4.500000,0.500000,39036.500000
-4.500000,0.600000,38642.500000
-4.500000,0.700000,38250.500000
-4.500000,0.800000,37860.500000
-4.500000,0.900000,37472.500000
-4.500000,1.000000,37086.500000
-4.500000,1.100000,36702.500000
-4.500000,1.200000,36320.500000
-4.500000,1.300000,35940.500000
-4.500000,1.400000,35562.500000
-4.500000,1.500000,35186.500000
-4.500000,1.600000,34812.500000
-4.500000,1.700000,34440.500000
-4.500000,1.800000,34070.500000
-4.500000,1.900000,33702.500000
-4.500000,2.000000,33336.500000
-4.500000,2.100000,32972.500000
-4.500000,2.200000,32610.500000
-4.500000,2.300000,32250.500000
-4.500000,2.400000,31892.500000
-4.500000,2.500000,31536.500000
-4.500000,2.600000,31182.500000
-4.500000,2.700000,30830.500000
-4.500000,2.800000,30480.500000
-4.500000,2.900000,30132.500000
-4.500000,3.000000,29786.500000
-4.500000,3.100000,29442.500000
-4.500000,3.200000,29100.500000
-4.500000,3.300000,28760.500000
-4.500000,3.400000,28422.500000
-4.500000,3.500000,28086.500000
-4.500000,3.600000,27752.500000
-4.500000,3.700000,27420.500000
-4.500000,3.800000,27090.500000
-4.500000,3.900000,26762.500000
-4.500000,4.000000,26436.500000
-4.500000,4.100000,26112.500000
-4.500000,4.200000,25790.500000
-4.500000,4.300000,25470.500000
-4.500000,4.400000,25152.500000
-4.500000,4.500000,24836.500000
-4.500000,4.600000,24522.500000
-4.500000,4.700000,24210.500000
-4.500000,4.800000,23900.500000
-4.500000,4.900000,23592.500000
-4.500000,5.000000,23286.500000
-4.400000,-5.000000,59370.120000
-4.400000,-4.900000,58883.920000
-4.400000,-4.800000,58399.720000
-4.400000,-4.700000,57917.520000
-4.400000,-4.600000,57437.320000
-4.400000,-4.500000,56959.120000
-4.400000,-4.400000,56482.920000
-4.400000,-4.300000,56008.720000
-4.400000,-4.200000,55536.520000
-4.400000,-4.100000,55066.320000
-4.400000,-4.000000,54598.120000
-4.400000,-3.900000,54131.920000
-4.400000,-3.800000,53667.720000
-4.400000,-3.700000,53205.520000
-4.400000,-3.600000,52745.320000
-4.400000,-3.500000,52287.120000
-4.400000,-3.400000,51830.920000
-4.400000,-3.300000,51376.720000
-4.400000,-3.200000,50924.520000
-4.400000,-3.100000,50474.320000
-4.400000,-3.000000,50026.120000
-4.400000,-2.900000,49579.920000
-4.400000,-2.800000,49135.720000
-4.400000,-2.700000,48693.520000
-4.400000,-2.600000,48253.320000
-4.400000,-2.500000,47815.120000
-4.400000,-2.400000,47378.920000
-4.400000,-2.300000,46944.720000
-4.400000,-2.200000,46512.520000
-4.400000,-2.100000,46082.320000
-4.400000,-2.000000,45654.120000
-4.400000,-1.900000,45227.920000
-4.400000,-1.800000,44803.720000
-4.400000,-1.700000,44381.520000
-4.400000,-1.600000,43961.320000
-4.400000,-1.500000,43543.120000
-4.400000,-1.400000,43126.920000
-4.400000,-1.300000,42712.720000
-4.400000,-1.200000,42300.520000
-4.400000,-1.100000,41890.320000
-4.400000,-1.000000,41482.120000
-4.400000,-0.900000,41075.920000
-4.400000,-0.800000,40671.720000
-4.400000,-0.700000,40269.520000
-4.400000,-0.600000,39869.320000
-4.400000,-0.500000,39471.120000
-4.400000,-0.400000,39074.920000
-4.400000,-0.300000,38680.720000
-4.400000,-0.200000,38288.520000
-4.400000,-0.100000,37898.320000
-4.400000,-0.000000,37510.120000
-4.400000,0.100000,37123.920000
-4.400000,0.200000,36739.720000
-4.400000,0.300000,36357.520000
-4.400000,0.400000,35977.320000
-4.400000,0.500000,35599.120000
-4.400000,0.600000,35222.920000
-4.400000,0.700000,34848.720000
-4.400000,0.800000,34476.520000
-4.400000,0.900000,34106.320000
-4.400000,1.000000,33738.120000
-4.400000,1.100000,33371.920000
-4.400000,1.200000,33007.720000
-4.400000,1.300000,32645.520000
-4.400000,1.400000,32285.320000
-4.400000,1.500000,31927.120000
-4.400000,1.600000,31570.920000
-4.400000,1.700000,31216.720000
-4.400000,1.800000,30864.520000
-4.400000,1.900000,30514.320000
-4.400000,2.000000,30166.120000
-4.400000,2.100000,29819.920000
-4.400000,2.200000,29475.720000
-4.400000,2.300000,29133.520000
-4.400000,2.400000,28793.320000
-4.400000,2.500000,28455.120000
-4.400000,2.600000,28118.920000
-4.400000,2.700000,27784.720000
-4.400000,2.800000,27452.520000
-4.400000,2.900000,27122.320000
-4.400000,3.000000,26794.120000
-4.400000,3.100000,26467.920000
-4.400000,3.200000,26143.720000
-4.400000,3.300000,25821.520000
-4.400000,3.400000,25501.320000
-4.400000,3.500000,25183.120000
-4.400000,3.600000,24866.920000
-4.400000,3.700000,24552.720000
-4.400000,3.800000,24240.520000
-4.400000,3.900000,23930.320000
-4.400000,4.000000,23622.120000
-4.400000,4.100000,23315.920000
-4.400000,4.200000,23011.720000
-4.400000,4.300000,22709.520000
-4.400000,4.400000,22409.320000
-4.400000,4.500000,22111.120000
-4.400000,4.600000,21814.920000
-4.400000,4.700000,21520.720000
-4.400000,4.800000,21228.520000
-4.400000,4.900000,20938.320000
-4.400000,5.000000,20650.120000
-4.300000,-5.000000,55206.100000
-4.300000,-4.900000,54737.300000
-4.300000,-4.800000,54270.500000
-4.300000,-4.700000,53805.700000
-4.300000,-4.600000,53342.900000
-4.300000,-4.500000,52882.100000
-4.300000,-4.400000,52423.300000
-4.300000,-4.300000,51966.500000
-4.300000,-4.200000,51511.700000
-4.300000,-4.100000,51058.900000
-4.300000,-4.000000,50608.100000
-4.300000,-3.900000,50159.300000
-4.300000,-3.800000,49712.500000
-4.300000,-3.700000,49267.700000
-4.300000,-3.600000,48824.900000
-4.300000,-3.500000,48384.100000
-4.300000,-3.400000,47945.300000
-4.300000,-3.300000,47508.500000
-4.300000,-3.200000,47073.700000
-4.300000,-3.100000,46640.900000
-4.300000,-3.000000,46210.100000
-4.300000,-2.900000,45781.300000
-4.300000,-2.800000,45354.500000
-4.300000,-2.700000,44929.700000
-4.300000,-2.600000,44506.900000
-4.300000,-2.500000,44086.100000
-4.300000,-2.400000,43667.300000
-4.300000,-2.300000,43250.500000
-4.300000,-2.200000,42835.700000
-4.300000,-2.100000,42422.900000
-4.300000,-2.000000,42012.100000
-4.300000,-1.900000,41603.300000
-4.300000,-1.800000,41196.500000
-4.300000,-1.700000,40791.700000
-4.300000,-1.600000,40388.900000
-4.300000,-1.500000,39988.100000
-4.300000,-1.400000,39589.300000
-4.300000,-1.300000,39192.500000
-4.300000,-1.200000,38797.700000
-4.300000,-1.100000,38404.900000
-4.300000,-1.000000,38014.100000
-4.300000,-0.900000,37625.300000
-4.300000,-0.800000,37238.500000
-4.300000,-0.700000,36853.700000
-4.300000,-0.600000,36470.900000
-4.300000,-0.500000,36090.100000
-4.300000,-0.400000,35711.300000
-4.300000,-0.300000,35334.500000
-4.300000,-0.200000,34959.700000
-4.300000,-0.100000,34586.900000
-4.300000,-0.000000,34216.100000
-4.300000,0.100000,33847.300000
-4.300000,0.200000,33480.500000
-4.300000,0.300000,33115.700000
-4.300000,0.400000,32752.900000
-4.300000,0.500000,32392.100000
-4.300000,0.600000,32033.300000
-4.300000,0.700000,31676.500000
-4.300000,0.800000,31321.700000
-4.300000,0.900000,30968.900000
-4.300000,1.000000,30618.100000
-4.300000,1.100000,30269.300000
-4.300000,1.200000,29922.500000
-4.300000,1.300000,29577.700000
-4.300000,1.400000,29234.900000
-4.300000,1.500000,28894.100000
-4.300000,1.600000,28555.300000
-4.300000,1.700000,28218.500000
-4.300000,1.800000,27883.700000
-4.300000,1.900000,27550.900000
-4.300000,2.000000,27220.100000
-4.300000,2.100000,26891.300000
-4.300000,2.200000,26564.500000
-4.300000,2.300000,26239.700000
-4.300000,2.400000,25916.900000
-4.300000,2.500000,25596.100000
-4.300000,2.600000,25277.300000
-4.300000,2.700000,24960.500000
-4.300000,2.800000,24645.700000
-4.300000,2.900000,24332.900000
-4.300000,3.000000,24022.100000
-4.300000,3.100000,23713.300000
-4.300000,3.200000,23406.500000
-4.300000,3.300000,23101.700000
-4.300000,3.400000,22798.900000
-4.300000,3.500000,22498.100000
-4.300000,3.600000,22199.300000
-4.300000,3.700000,21902.500000
-4.300000,3.800000,21607.700000
-4.300000,3.900000,21314.900000
-4.300000,4.000000,21024.100000
-4.300000,4.100000,20735.300000
-4.300000,4.200000,20448.500000
-4.300000,4.300000,20163.700000
-4.300000,4.400000,19880.900000
-4.300000,4.500000,19600.100000
-4.300000,4.600000,19321.300000
-4.300000,4.700000,19044.500000
-4.300000,4.800000,18769.700000
-4.300000,4.900000,18496.900000
-4.300000,5.000000,18226.100000
-4.200000,-5.000000,51284.000000
-4.200000,-4.900000,50832.200000
-4.200000,-4.800000,50382.400000
-4.200000,-4.700000,49934.600000
-4.200000,-4.600000,49488.800000
-4.200000,-4.500000,49045.000000
-4.200000,-4.400000,48603.200000
-4.200000,-4.300000,48163.400000
-4.200000,-4.200000,47725.600000
-4.200000,-4.100000,47289.800000
-4.200000,-4.000000,46856.000000
-4.200000,-3.900000,46424.200000
-4.200000,-3.800000,45994.400000
-4.200000,-3.700000,45566.600000
-4.200000,-3.600000,45140.800000
-4.200000,-3.500000,44717.000000
-4.200000,-3.400000,44295.200000
-4.200000,-3.300000,43875.400000
-4.200000,-3.200000,43457.600000
-4.200000,-3.100000,43041.800000
-4.200000,-3.000000,42628.000000
-4.200000,-2.900000,42216.200000
-4.200000,-2.800000,41806.400000
-4.200000,-2.700000,41398.600000
-4.200000,-2.600000,40992.800000
-4.200000,-2.500000,40589.000000
-4.200000,-2.400000,40187.200000
-4.200000,-2.300000,39787.400000
-4.200000,-2.200000,39389.600000
-4.200000,-2.100000,38993.800000
-4.200000,-2.000000,38600.000000
-4.200000,-1.900000,38208.200000
-4.200000,-1.800000,37818.400000
-4.200000,-1.700000,37430.600000
-4.200000,-1.600000,37044.800000
-4.200000,-1.500000,36661.000000
-4.200000,-1.400000,36279.200000
-4.200000,-1.300000,35899.400000
-4.200000,-1.200000,35521.600000
-4.200000,-1.100000,35145.800000
-4.200000,-1.000000,34772.000000
-4.200000,-0.900000,34400.200000
-4.200000,-0.800000,34030.400000
-4.200000,-0.700000,33662.600000
-4.200000,-0.600000,33296.800000
-4.200000,-0.500000,32933.000000
-4.200000,-0.400000,32571.200000
-4.200000,-0.300000,32211.400000
-4.200000,-0.200000,31853.600000
-4.200000,-0.100000,31497.800000
-4.200000,-0.000000,31144.000000
-4.200000,0.100000,30792.200000
-4.200000,0.200000,30442.400000
-4.200000,0.300000,30094.600000
-4.200000,0.400000,29748.800000
-4.200000,0.500000,29405.000000
-4.200000,0.600000,29063.200000
-4.200000,0.700000,28723.400000
-4.200000,0.800000,28385.600000
-4.200000,0.900000,28049.800000
-4.200000,1.000000,27716.000000
-4.200000,1.100000,27384.200000
-4.200000,1.200000,27054.400000
-4.200000,1.300000,26726.600000
-4.200000,1.400000,26400.800000
-4.200000,1.500000,26077.000000
-4.200000,1.600000,25755.200000
-4.200000,1.700000,25435.400000
-4.200000,1.800000,25117.600000
-4.200000,1.900000,24801.800000
-4.200000,2.000000,24488.000000
-4.200000,2.100000,24176.200000
-4.200000,2.200000,23866.400000
-4.200000,2.300000,23558.600000
-4.200000,2.400000,23252.800000
-4.200000,2.500000,22949.000000
-4.200000,2.600000,22647.200000
-4.200000,2.700000,22347.400000
-4.200000,2.800000,22049.600000
-4.200000,2.900000,21753.800000
-4.200000,3.000000,21460.000000
-4.200000,3.100000,21168.200000
-4.200000,3.200000,20878.400000
-4.200000,3.300000,20590.600000
-4.200000,3.400000,20304.800000
-4.200000,3.500000,20021.000000
-4.200000,3.600000,19739.200000
-4.200000,3.700000,19459.400000
-4.200000,3.800000,19181.600000
-4.200000,3.900000,18905.800000
-4.200000,4.000000,18632.000000
-4.200000,4.100000,18360.200000
-4.200000,4.200000,18090.400000
-4.200000,4.300000,17822.600000
-4.200000,4.400000,17556.800000
-4.200000,4.500000,17293.000000
-4.200000,4.600000,17031.200000
-4.200000,4.700000,16771.400000
-4.200000,4.800000,16513.600000
-4.200000,4.900000,16257.800000
-4.200000,5.000000,16004.000000
-4.100000,-5.000000,47593.620000
-4.100000,-4.900000,47158.420000
-4.100000,-4.800000,46725.220000
-4.100000,-4.700000,46294.020000
-4.100000,-4.600000,45864.820000
-4.100000,-4.500000,45437.620000
-4.100000,-4.400000,45012.420000
-4.100000,-4.300000,44589.220000
-4.100000,-4.200000,44168.020000
-4.100000,-4.100000,43748.820000
-4.100000,-4.000000,43331.620000
-4.100000,-3.900000,42916.420000
-4.100000,-3.800000,42503.220000
-4.100000,-3.700000,42092.020000
-4.100000,-3.600000,41682.820000
-4.100000,-3.500000,41275.620000
-4.100000,-3.400000,40870.420000
-4.100000,-3.300000,40467.220000
-4.100000,-3.200000,40066.020000
-4.100000,-3.100000,39666.820000
-4.100000,-3.000000,39269.620000
-4.100000,-2.900000,38874.420000
-4.100000,-2.800000,38481.220000
-4.100000,-2.700000,38090.020000
-4.100000,-2.600000,37700.820000
-4.100000,-2.500000,37313.620000
-4.100000,-2.400000,36928.420000
-4.100000,-2.300000,36545.220000
-4.100000,-2.200000,36164.020000
-4.100000,-2.100000,35784.820000
-4.100000,-2.000000,35407.620000
-4.100000,-1.900000,35032.420000
-4.100000,-1.800000,34659.220000
-4.100000,-1.700000,34288.020000
-4.100000,-1.600000,33918.820000
-4.100000,-1.500000,33551.620000
-4.100000,-1.400000,33186.420000
-4.100000,-1.300000,32823.220000
-4.100000,-1.200000,32462.020000
-4.100000,-1.100000,32102.820000
-4.100000,-1.000000,31745.620000
-4.100000,-0.900000,31390.420000
-4.100000,-0.800000,31037.220000
-4.100000,-0.700000,30686.020000
-4.100000,-0.600000,30336.820000
-4.100000,-0.500000,29989.620000
-4.100000,-0.400000,29644.420000
-4.100000,-0.300000,29301.220000
-4.100000,-0.200000,28960.020000
-4.100000,-0.100000,28620.820000
-4.100000,-0.000000,28283.620000
-4.100000,0.100000,27948.420000
-4.100000,0.200000,27615.220000
-4.100000,0.300000,27284.020000
-4.100000,0.400000,26954.820000
-4.100000,0.500000,26627.620000
-4.100000,0.600000,26302.420000
-4.100000,0.700000,25979.220000
-4.100000,0.800000,25658.020000
-4.100000,0.900000,25338.820000
-4.100000,1.000000,25021.620000
-4.100000,1.100000,24706.420000
-4.100000,1.200000,24393.220000
-4.100000,1.300000,24082.020000
-4.100000,1.400000,23772.820000
-4.100000,1.500000,23465.620000
-4.100000,1.600000,23160.420000
-4.100000,1.700000,22857.220000
-4.100000,1.800000,22556.020000
-4.100000,1.900000,22256.820000
-4.100000,2.000000,21959.620000
-4.100000,2.100000,21664.420000
-4.100000,2.200000,21371.220000
-4.100000,2.300000,21080.020000
-4.100000,2.400000,20790.820000
-4.100000,2.500000,20503.620000
-4.100000,2.600000,20218.420000
-4.100000,2.700000,19935.220000
-4.100000,2.800000,19654.020000
-4.100000,2.900000,19374.820000
-4.100000,3.000000,19097.620000
-4.100000,3.100000,18822.420000
-4.100000,3.200000,18549.220000
-4.100000,3.300000,18278.020000
-4.100000,3.400000,18008.820000
-4.100000,3.500000,17741.620000
-4.100000,3.600000,17476.420000
-4.100000,3.700000,17213.220000
-4.100000,3.800000,16952.020000
-4.100000,3.900000,16692.820000
-4.100000,4.000000,16435.620000
-4.100000,4.100000,16180.420000
-4.100000,4.200000,15927.220000
-4.100000,4.300000,15676.020000
-4.100000,4.400000,15426.820000
-4.100000,4.500000,15179.620000
-4.100000,4.600000,14934.420000
-4.100000,4.700000,14691.220000
-4.100000,4.800000,14450.020000
-4.100000,4.900000,14210.820000
-4.100000,5.000000,13973.620000
-4.000000,-5.000000,44125.000000
-4.000000,-4.900000,43706.000000
-4.000000,-4.800000,43289.000000
-4.000000,-4.700000,42874.000000
-4.000000,-4.600000,42461.000000
-4.000000,-4.500000,42050.000000
-4.000000,-4.400000,41641.000000
-4.000000,-4.300000,41234.000000
-4.000000,-4.200000,40829.000000
-4.000000,-4.100000,40426.000000
-4.000000,-4.000000,40025.000000
-4.000000,-3.900000,39626.000000
-4.000000,-3.800000,39229.000000
-4.000000,-3.700000,38834.000000
-4.000000,-3.600000,38441.000000
-4.000000,-3.500000,38050.000000
-4.000000,-3.400000,37661.000000
-4.000000,-3.300000,37274.000000
-4.000000,-3.200000,36889.000000
-4.000000,-3.100000,36506.000000
-4.000000,-3.000000,36125.000000
-4.000000,-2.900000,35746.000000
-4.000000,-2.800000,35369.000000
-4.000000,-2.700000,34994.000000
-4.000000,-2.600000,34621.000000
-4.000000,-2.500000,34250.000000
-4.000000,-2.400000,33881.000000
-4.000000,-2.300000,33514.000000
-4.000000,-2.200000,33149.000000
-4.000000,-2.100000,32786.000000
-4.000000,-2.000000,32425.000000
-4.000000,-1.900000,32066.000000
-4.000000,-1.800000,31709.000000
-4.000000,-1.700000,31354.000000
-4.000000,-1.600000,31001.000000
-4.000000,-1.500000,30650.000000
-4.000000,-1.400000,30301.000000
-4.000000,-1.300000,29954.000000
-4.000000,-1.200000,29609.000000
-4.000000,-1.100000,29266.000000
-4.000000,-1.000000,28925.000000
-4.000000,-0.900000,28586.000000
-4.000000,-0.800000,28249.000000
-4.000000,-0.700000,27914.000000
-4.000000,-0.600000,27581.000000
-4.000000,-0.500000,27250.000000
-4.000000,-0.400000,26921.000000
-4.000000,-0.300000,26594.000000
-4.000000,-0.200000,26269.000000
-4.000000,-0.100000,25946.000000
-4.000000,-0.000000,25625.000000
-4.000000,0.100000,25306.000000
-4.000000,0.200000,24989.000000
-4.000000,0.300000,24674.000000
-4.000000,0.400000,24361.000000
-4.000000,0.500000,24050.000000
-4.000000,0.600000,23741.000000
-4.000000,0.700000,23434.000000
-4.000000,0.800000,23129.000000
-4.000000,0.900000,22826.000000
-4.000000,1.000000,22525.000000
-4.000000,1.100000,22226.000000
-4.000000,1.200000,21929.000000
-4.000000,1.300000,21634.000000
-4.000000,1.400000,21341.000000
-4.000000,1.500000,21050.000000
-4.000000,1.600000,20761.000000
-4.000000,1.700000,20474.000000
-4.000000,1.800000,20189.000000
-4.000000,1.900000,19906.000000
-4.000000,2.000000,19625.000000
-4.000000,2.100000,19346.000000
-4.000000,2.200000,19069.000000
-4.000000,2.300000,18794.000000
-4.000000,2.400000,18521.000000
-4.000000,2.500000,18250.000000
-4.000000,2.600000,17981.000000
-4.000000,2.700000,17714.000000
-4.000000,2.800000,17449.000000
-4.000000,2.900000,17186.000000
-4.000000,3.000000,16925.000000
-4.000000,3.100000,16666.000000
-4.000000,3.200000,16409.000000
-4.000000,3.300000,16154.000000
-4.000000,3.400000,15901.000000
-4.000000,3.500000,15650.000000
-4.000000,3.600000,15401.000000
-4.000000,3.700000,15154.000000
-4.000000,3.800000,14909.000000
-4.000000,3.900000,14666.000000
-4.000000,4.000000,14425.000000
-4.000000,4.100000,14186.000000
-4.000000,4.200000,13949.000000
-4.000000,4.300000,13714.000000
-4.000000,4.400000,13481.000000
-4.000000,4.500000,13250.000000
-4.000000,4.600000,13021.000000
-4.000000,4.700000,12794.000000
-4.000000,4.800000,12569.000000
-4.000000,4.900000,12346.000000
-4.000000,5.000000,12125.000000
-3.900000,-5.000000,40868.420000
-3.900000,-4.900000,40465.220000
-3.900000,-4.800000,40064.020000
-3.900000,-4.700000,39664.820000
-3.900000,-4.600000,39267.620000
-3.900000,-4.500000,38872.420000
-3.900000,-4.400000,38479.220000
-3.900000,-4.300000,38088.020000
-3.900000,-4.200000,37698.820000
-3.900000,-4.100000,37311.620000
-3.900000,-4.000000,36926.420000
-3.900000,-3.900000,36543.220000
-3.900000,-3.800000,36162.020000
-3.900000,-3.700000,35782.820000
-3.900000,-3.600000,35405.620000
-3.900000,-3.500000,35030.420000
-3.900000,-3.400000,34657.220000
-3.900000,-3.300000,34286.020000
-3.900000,-3.200000,33916.820000
-3.900000,-3.100000,33549.620000
-3.900000,-3.000000,33184.420000
-3.900000,-2.900000,32821.220000
-3.900000,-2.800000,32460.020000
-3.900000,-2.700000,32100.820000
-3.900000,-2.600000,31743.620000
-3.900000,-2.500000,31388.420000
-3.900000,-2.400000,31035.220000
-3.900000,-2.300000,30684.020000
-3.900000,-2.200000,30334.820000
-3.900000,-2.100000,29987.620000
-3.900000,-2.000000,29642.420000
-3.900000,-1.900000,29299.220000
-3.900000,-1.800000,28958.020000
-3.900000,-1.700000,28618.820000
-3.900000,-1.600000,28281.620000
-3.900000,-1.500000,27946.420000
-3.900000,-1.400000,27613.220000
-3.900000,-1.300000,27282.020000
-3.900000,-1.200000,26952.820000
-3.900000,-1.100000,26625.620000
-3.900000,-1.000000,26300.420000
-3.900000,-0.900000,25977.220000
-3.900000,-0.800000,25656.020000
-3.900000,-0.700000,25336.820000
-3.900000,-0.600000,25019.620000
-3.900000,-0.500000,24704.420000
-3.900000,-0.400000,24391.220000
-3.900000,-0.300000,24080.020000
-3.900000,-0.200000,23770.820000
-3.900000,-0.100000,23463.620000
-3.900000,-0.000000,23158.420000
-3.900000,0.100000,22855.220000
-3.900000,0.200000,22554.020000
-3.900000,0.300000,22254.820000
-3.900000,0.400000,21957.620000
-3.900000,0.500000,21662.420000
-3.900000,0.600000,21369.220000
-3.900000,0.700000,21078.020000
-3.900000,0.800000,20788.820000
-3.900000,0.900000,20501.620000
-3.900000,1.000000,20216.420000
-3.900000,1.100000,19933.220000
-3.900000,1.200000,19652.020000
-3.900000,1.300000,19372.820000
-3.900000,1.400000,19095.620000
-3.900000,1.500000,18820.420000
-3.900000,1.600000,18547.220000
-3.900000,1.700000,18276.020000
-3.900000,1.800000,18006.820000
-3.900000,1.900000,17739.620000
-3.900000,2.000000,17474.420000
-3.900000,2.100000,17211.220000
-3.900000,2.200000,16950.020000
-3.900000,2.300000,16690.820000
-3.900000,2.400000,16433.620000
-3.900000,2.500000,16178.420000
-3.900000,2.600000,15925.220000
-3.900000,2.700000,15674.020000
-3.900000,2.800000,15424.820000
-3.900000,2.900000,15177.620000
-3.900000,3.000000,14932.420000
-3.900000,3.100000,14689.220000
-3.900000,3.200000,14448.020000
-3.900000,3.300000,14208.820000
-3.900000,3.400000,13971.620000
-3.900000,3.500000,13736.420000
-3.900000,3.600000,13503.220000
-3.900000,3.700000,13272.020000
-3.900000,3.800000,13042.820000
-3.900000,3.900000,12815.620000
-3.900000,4.000000,12590.420000
-3.900000,4.100000,12367.220000
-3.900000,4.200000,12146.020000
-3.900000,4.300000,11926.820000
-3.900000,4.400000,11709.620000
-3.900000,4.500000,11494.420000
-3.900000,4.600000,11281.220000
-3.900000,4.700000,11070.020000
-3.900000,4.800000,10860.820000
-3.900000,4.900000,10653.620000
-3.900000,5.000000,10448.420000
-3.800000,-5.000000,37814.400000
-3.800000,-4.900000,37426.600000
-3.800000,-4.800000,37040.800000
-3.800000,-4.700000,36657.000000
-3.800000,-4.600000,36275.200000
-3.800000,-4.500000,35895.400000
-3.800000,-4.400000,35517.600000
-3.800000,-4.300000,35141.800000
-3.800000,-4.200000,34768.000000
-3.800000,-4.100000,34396.200000
-3.800000,-4.000000,34026.400000
-3.800000,-3.900000,33658.600000
-3.800000,-3.800000,33292.800000
-3.800000,-3.700000,32929.000000
-3.800000,-3.600000,32567.200000
-3.800000,-3.500000,32207.400000
-3.800000,-3.400000,31849.600000
-3.800000,-3.300000,31493.800000
-3.800000,-3.200000,31140.000000
-3.800000,-3.100000,30788.200000
-3.800000,-3.000000,30438.400000
-3.800000,-2.900000,30090.600000
-3.800000,-2.800000,29744.800000
-3.800000,-2.700000,29401.000000
-3.800000,-2.600000,29059.200000
-3.800000,-2.500000,28719.400000
-3.800000,-2.400000,28381.600000
-3.800000,-2.300000,28045.800000
-3.800000,-2.200000,27712.000000
-3.800000,-2.100000,27380.200000
-3.800000,-2.000000,27050.400000
-3.800000,-1.900000,26722.600000
-3.800000,-1.800000,26396.800000
-3.800000,-1.700000,26073.000000
-3.800000,-1.600000,25751.200000
-3.800000,-1.500000,25431.400000
-3.800000,-1.400000,25113.600000
-3.800000,-1.300000,24797.800000
-3.800000,-1.200000,24484.000000
-3.800000,-1.100000,24172.200000
-3.800000,-1.000000,23862.400000
-3.800000,-0.900000,23554.600000
-3.800000,-0.800000,23248.800000
-3.800000,-0.700000,22945.000000
-3.800000,-0.600000,22643.200000
-3.800000,-0.500000,22343.400000
-3.800000,-0.400000,22045.600000
-3.800000,-0.300000,21749.800000
-3.800000,-0.200000,21456.000000
-3.800000,-0.100000,21164.200000
-3.800000,-0.000000,20874.400000
-3.800000,0.100000,20586.600000
-3.800000,0.200000,20300.800000
-3.800000,0.300000,20017.000000
-3.800000,0.400000,19735.200000
-3.800000,0.500000,19455.400000
-3.800000,0.600000,19177.600000
-3.800000,0.700000,18901.800000
-3.800000,0.800000,18628.000000
-3.800000,0.900000,18356.200000
-3.800000,1.000000,18086.400000
-3.800000,1.100000,17818.600000
-3.800000,1.200000,17552.800000
-3.800000,1.300000,17289.000000
-3.800000,1.400000,17027.200000
-3.800000,1.500000,16767.400000
-3.800000,1.600000,16509.600000
-3.800000,1.700000,16253.800000
-3.800000,1.800000,16000.000000
-3.800000,1.900000,15748.200000
-3.800000,2.000000,15498.400000
-3.800000,2.100000,15250.600000
-3.800000,2.200000,15004.800000
-3.800000,2.300000,14761.000000
-3.800000,2.400000,14519.200000
-3.800000,2.500000,14279.400000
-3.800000,2.600000,14041.600000
-3.800000,2.700000,13805.800000
-3.800000,2.800000,13572.000000
-3.800000,2.900000,13340.200000
-3.800000,3.000000,13110.400000
-3.800000,3.100000,12882.600000
-3.800000,3.200000,12656.800000
-3.800000,3.300000,12433.000000
-3.800000,3.400000,12211.200000
-3.800000,3.500000,11991.400000
-3.800000,3.600000,11773.600000
-3.800000,3.700000,11557.800000
-3.800000,3.800000,11344.000000
-3.800000,3.900000,11132.200000
-3.800000,4.000000,10922.400000
-3.800000,4.100000,10714.600000
-3.800000,4.200000,10508.800000
-3.800000,4.300000,10305.000000
-3.800000,4.400000,10103.200000
-3.800000,4.500000,9903.400000
-3.800000,4.600000,9705.600000
-3.800000,4.700000,9509.800000
-3.800000,4.800000,9316.000000
-3.800000,4.900000,9124.200000
-3.800000,5.000000,8934.400000
-3.700000,-5.000000,34953.700000
-3.700000,-4.900000,34580.900000
-3.700000,-4.800000,34210.100000
-3.700000,-4.700000,33841.300000
-3.700000,-4.600000,33474.500000
-3.700000,-4.500000,33109.700000
-3.700000,-4.400000,32746.900000
-3.700000,-4.300000,32386.100000
-3.700000,-4.200000,32027.300000
-3.700000,-4.100000,31670.500000
-3.700000,-4.000000,31315.700000
-3.700000,-3.900000,30962.900000
-3.700000,-3.800000,30612.100000
-3.700000,-3.700000,30263.300000
-3.700000,-3.600000,29916.500000
-3.700000,-3.500000,29571.700000
-3.700000,-3.400000,29228.900000
-3.700000,-3.300000,28888.100000
-3.700000,-3.200000,28549.300000
-3.700000,-3.100000,28212.500000
-3.700000,-3.000000,27877.700000
-3.700000,-2.900000,27544.900000
-3.700000,-2.800000,27214.100000
-3.700000,-2.700000,26885.300000
-3.700000,-2.600000,26558.500000
-3.700000,-2.500000,26233.700000
-3.700000,-2.400000,25910.900000
-3.700000,-2.300000,25590.100000
-3.700000,-2.200000,25271.300000
-3.700000,-2.100000,24954.500000
-3.700000,-2.000000,24639.700000
-3.700000,-1.900000,24326.900000
-3.700000,-1.800000,24016.100000
-3.700000,-1.700000,23707.300000
-3.700000,-1.600000,23400.500000
-3.700000,-1.500000,23095.700000
-3.700000,-1.400000,22792.900000
-3.700000,-1.300000,22492.100000
-3.700000,-1.200000,22193.300000
-3.700000,-1.100000,21896.500000
-3.700000,-1.000000,21601.700000
-3.700000,-0.900000,21308.900000
-3.700000,-0.800000,21018.100000
-3.700000,-0.700000,20729.300000
-3.700000,-0.600000,20442.500000
-3.700000,-0.500000,20157.700000
-3.700000,-0.400000,19874.900000
-3.700000,-0.300000,19594.100000
-3.700000,-0.200000,19315.300000
-3.700000,-0.100000,19038.500000
-3.700000,-0.000000,18763.700000
-3.700000,0.100000,18490.900000
-3.700000,0.200000,18220.100000
-3.700000,0.300000,17951.300000
-3.700000,0.400000,17684.500000
-3.700000,0.500000,17419.700000
-3.700000,0.600000,17156.900000
-3.700000,0.700000,16896.100000
-3.700000,0.800000,16637.300000
-3.700000,0.900000,16380.500000
-3.700000,1.000000,16125.700000
-3.700000,1.100000,15872.900000
-3.700000,1.200000,15622.100000
-3.700000,1.300000,15373.300000
-3.700000,1.400000,15126.500000
-3.700000,1.500000,14881.700000
-3.700000,1.600000,14638.900000
-3.700000,1.700000,14398.100000
-3.700000,1.800000,14159.300000
-3.700000,1.900000,13922.500000
-3.700000,2.000000,13687.700000
-3.700000,2.100000,13454.900000
-3.700000,2.200000,13224.100000
-3.700000,2.300000,12995.300000
-3.700000,2.400000,12768.500000
-3.700000,2.500000,12543.700000
-3.700000,2.600000,12320.900000
-3.700000,2.700000,12100.100000
-3.700000,2.800000,11881.300000
-3.700000,2.900000,11664.500000
-3.700000,3.000000,11449.700000
-3.700000,3.100000,11236.900000
-3.700000,3.200000,11026.100000
-3.700000,3.300000,10817.300000
-3.700000,3.400000,10610.500000
-3.700000,3.500000,10405.700000
-3.700000,3.600000,10202.900000
-3.700000,3.700000,10002.100000
-3.700000,3.800000,9803.300000
-3.700000,3.900000,9606.500000
-3.700000,4.000000,9411.700000
-3.700000,4.100000,9218.900000
-3.700000,4.200000,9028.100000
-3.700000,4.300000,8839.300000
-3.700000,4.400000,8652.500000
-3.700000,4.500000,8467.700000
-3.700000,4.600000,8284.900000
-3.700000,4.700000,8104.100000
-3.700000,4.800000,7925.300000
-3.700000,4.900000,7748.500000
-3.700000,5.000000,7573.700000
-3.600000,-5.000000,32277.320000
-3.600000,-4.900000,31919.120000
-3.600000,-4.800000,31562.920000
-3.600000,-4.700000,31208.720000
-3.600000,-4.600000,30856.520000
-3.600000,-4.500000,30506.320000
-3.600000,-4.400000,30158.120000
-3.600000,-4.300000,29811.920000
-3.600000,-4.200000,29467.720000
-3.600000,-4.100000,29125.520000
-3.600000,-4.000000,28785.320000
-3.600000,-3.900000,28447.120000
-3.600000,-3.800000,28110.920000
-3.600000,-3.700000,27776.720000
-3.600000,-3.600000,27444.520000
-3.600000,-3.500000,27114.320000
-3.600000,-3.400000,26786.120000
-3.600000,-3.300000,26459.920000
-3.600000,-3.200000,26135.720000
-3.600000,-3.100000,25813.520000
-3.600000,-3.000000,25493.320000
-3.600000,-2.900000,25175.120000
-3.600000,-2.800000,24858.920000
-3.600000,-2.700000,24544.720000
-3.600000,-2.600000,24232.520000
-3.600000,-2.500000,23922.320000
-3.600000,-2.400000,23614.120000
-3.600000,-2.300000,23307.920000
-3.600000,-2.200000,23003.720000
-3.600000,-2.100000,22701.520000
-3.600000,-2.000000,22401.320000
-3.600000,-1.900000,22103.120000
-3.600000,-1.800000,21806.920000
-3.600000,-1.700000,21512.720000
-3.600000,-1.600000,21220.520000
-3.600000,-1.500000,20930.320000
-3.600000,-1.400000,20642.120000
-3.600000,-1.300000,20355.920000
-3.600000,-1.200000,20071.720000
-3.600000,-1.100000,19789.520000
-3.600000,-1.000000,19509.320000
-3.600000,-0.900000,19231.120000
-3.600000,-0.800000,18954.920000
-3.600000,-0.700000,18680.720000
-3.600000,-0.600000,18408.520000
-3.600000,-0.500000,18138.320000
-3.600000,-0.400000,17870.120000
-3.600000,-0.300000,17603.920000
-3.600000,-0.200000,17339.720000
-3.600000,-0.100000,17077.520000
-3.600000,-0.000000,16817.320000
-3.600000,0.100000,16559.120000
-3.600000,0.200000,16302.920000
-3.600000,0.300000,16048.720000
-3.600000,0.400000,15796.520000
-3.600000,0.500000,15546.320000
-3.600000,0.600000,15298.120000
-3.600000,0.700000,15051.920000
-3.600000,0.800000,14807.720000
-3.600000,0.900000,14565.520000
-3.600000,1.000000,14325.320000
-3.600000,1.100000,14087.120000
-3.600000,1.200000,13850.920000
-3.600000,1.300000,13616.720000
-3.600000,1.400000,13384.520000
-3.600000,1.500000,13154.320000
-3.600000,1.600000,12926.120000
-3.600000,1.700000,12699.920000
-3.600000,1.800000,12475.720000
-3.600000,1.900000,12253.520000
-3.600000,2.000000,12033.320000
-3.600000,2.100000,11815.120000
-3.600000,2.200000,11598.920000
-3.600000,2.300000,11384.720000
-3.600000,2.400000,11172.520000
-3.600000,2.500000,10962.320000
-3.600000,2.600000,10754.120000
-3.600000,2.700000,10547.920000
-3.600000,2.800000,10343.720000
-3.600000,2.900000,10141.520000
-3.600000,3.000000,9941.320000
-3.600000,3.100000,9743.120000
-3.600000,3.200000,9546.920000
-3.600000,3.300000,9352.720000
-3.600000,3.400000,9160.520000
-3.600000,3.500000,8970.320000
-3.600000,3.600000,8782.120000
-3.600000,3.700000,8595.920000
-3.600000,3.800000,8411.720000
-3.600000,3.900000,8229.520000
-3.600000,4.000000,8049.320000
-3.600000,4.100000,7871.120000
-3.600000,4.200000,7694.920000
-3.600000,4.300000,7520.720000
-3.600000,4.400000,7348.520000
-3.600000,4.500000,7178.320000
-3.600000,4.600000,7010.120000
-3.600000,4.700000,6843.920000
-3.600000,4.800000,6679.720000
-3.600000,4.900000,6517.520000
-3.600000,5.000000,6357.320000
-3.500000,-5.000000,29776.500000
-3.500000,-4.900000,29432.500000
-3.500000,-4.800000,29090.500000
-3.500000,-4.700000,28750.500000
-3.500000,-4.600000,28412.500000
-3.500000,-4.500000,28076.500000
-3.500000,-4.400000,27742.500000
-3.500000,-4.300000,27410.500000
-3.500000,-4.200000,27080.500000
-3.500000,-4.100000,26752.500000
-3.500000,-4.000000,26426.500000
-3.500000,-3.900000,26102.500000
-3.500000,-3.800000,25780.500000
-3.500000,-3.700000,25460.500000
-3.500000,-3.600000,25142.500000
-3.500000,-3.500000,24826.500000
-3.500000,-3.400000,24512.500000
-3.500000,-3.300000,24200.500000
-3.500000,-3.200000,23890.500000
-3.500000,-3.100000,23582.500000
-3.500000,-3.000000,23276.500000
-3.500000,-2.900000,22972.500000
-3.500000,-2.800000,22670.500000
-3.500000,-2.700000,22370.500000
-3.500000,-2.600000,22072.500000
-3.500000,-2.500000,21776.500000
-3.500000,-2.400000,21482.500000
-3.500000,-2.300000,21190.500000
-3.500000,-2.200000,20900.500000
-3.500000,-2.100000,20612.500000
-3.500000,-2.000000,20326.500000
-3.500000,-1.900000,20042.500000
-3.500000,-1.800000,19760.500000
-3.500000,-1.700000,19480.500000
-3.500000,-1.600000,19202.500000
-3.500000,-1.500000,18926.500000
-3.500000,-1.400000,18652.500000
-3.500000,-1.300000,18380.500000
-3.500000,-1.200000,18110.500000
-3.500000,-1.100000,17842.500000
-3.500000,-1.000000,17576.500000
-3.500000,-0.900000,17312.500000
-3.500000,-0.800000,17050.500000
-3.500000,-0.700000,16790.500000
-3.500000,-0.600000,16532.500000
-3.500000,-0.500000,16276.500000
-3.500000,-0.400000,16022.500000
-3.500000,-0.300000,15770.500000
-3.500000,-0.200000,15520.500000
-3.500000,-0.100000,15272.500000
-3.500000,-0.000000,15026.500000
-3.500000,0.100000,14782.500000
-3.500000,0.200000,14540.500000
-3.500000,0.300000,14300.500000
-3.500000,0.400000,14062.500000
-3.500000,0.500000,13826.500000
-3.500000,0.600000,13592.500000
-3.500000,0.700000,13360.500000
-3.500000,0.800000,13130.500000
-3.500000,0.900000,12902.500000
-3.500000,1.000000,12676.500000
-3.500000,1.100000,12452.500000
-3.500000,1.200000,12230.500000
-3.500000,1.300000,12010.500000
-3.500000,1.400000,11792.500000
-3.500000,1.500000,11576.500000
-3.500000,1.600000,11362.500000
-3.500000,1.700000,11150.500000
-3.500000,1.800000,10940.500000
-3.500000,1.900000,10732.500000
-3.500000,2.000000,10526.500000
-3.500000,2.100000,10322.500000
-3.500000,2.200000,10120.500000
-3.500000,2.300000,9920.500000
-3.500000,2.400000,9722.500000
-3.500000,2.500000,9526.500000
-3.500000,2.600000,9332.500000
-3.500000,2.700000,9140.500000
-3.500000,2.800000,8950.500000
-3.500000,2.900000,8762.500000
-3.500000,3.000000,8576.500000
-3.500000,3.100000,8392.500000
-3.500000,3.200000,8210.500000
-3.500000,3.300000,8030.500000
-3.500000,3.400000,7852.500000
-3.500000,3.500000,7676.500000
-3.500000,3.600000,7502.500000
-3.500000,3.700000,7330.500000
-3.500000,3.800000,7160.500000
-3.500000,3.900000,6992.500000
-3.500000,4.000000,6826.500000
-3.500000,4.100000,6662.500000
-3.500000,4.200000,6500.500000
-3.500000,4.300000,6340.500000
-3.500000,4.400000,6182.500000
-3.500000,4.500000,6026.500000
-3.500000,4.600000,5872.500000
-3.500000,4.700000,5720.500000
-3.500000,4.800000,5570.500000
-3.500000,4.900000,5422.500000
-3.500000,5.000000,5276.500000
-3.400000,-5.000000,27442.720000
-3.400000,-4.900000,27112.520000
-3.400000,-4.800000,26784.320000
-3.400000,-4.700000,26458.120000
-3.400000,-4.600000,26133.920000
-3.400000,-4.500000,25811.720000
-3.400000,-4.400000,25491.520000
-3.400000,-4.300000,25173.320000
-3.400000,-4.200000,24857.120000
-3.400000,-4.100000,24542.920000
-3.400000,-4.000000,24230.720000
-3.400000,-3.900000,23920.520000
-3.400000,-3.800000,23612.320000
-3.400000,-3.700000,23306.120000
-3.400000,-3.600000,23001.920000
-3.400000,-3.500000,22699.720000
-3.400000,-3.400000,22399.520000
-3.400000,-3.300000,22101.320000
-3.400000,-3.200000,21805.120000
-3.400000,-3.100000,21510.920000
-3.400000,-3.000000,21218.720000
-3.400000,-2.900000,20928.520000
-3.400000,-2.800000,20640.320000
-3.400000,-2.700000,20354.120000
-3.400000,-2.600000,20069.920000
-3.400000,-2.500000,19787.720000
-3.400000,-2.400000,19507.520000
-3.400000,-2.300000,19229.320000
-3.400000,-2.200000,18953.120000
-3.400000,-2.100000,18678.920000
-3.400000,-2.000000,18406.720000
-3.400000,-1.900000,18136.520000
-3.400000,-1.800000,17868.320000
-3.400000,-1.700000,17602.120000
-3.400000,-1.600000,17337.920000
-3.400000,-1.500000,17075.720000
-3.400000,-1.400000,16815.520000
-3.400000,-1.300000,16557.320000
-3.400000,-1.200000,16301.120000
-3.400000,-1.100000,16046.920000
-3.400000,-1.000000,15794.720000
-3.400000,-0.900000,15544.520000
-3.400000,-0.800000,15296.320000
-3.400000,-0.700000,15050.120000
-3.400000,-0.600000,14805.920000
-3.400000,-0.500000,14563.720000
-3.400000,-0.400000,14323.520000
-3.400000,-0.300000,14085.320000
-3.400000,-0.200000,13849.120000
-3.400000,-0.100000,13614.920000
-3.400000,-0.000000,13382.720000
-3.400000,0.100000,13152.520000
-3.400000,0.200000,12924.320000
-3.400000,0.300000,12698.120000
-3.400000,0.400000,12473.920000
-3.400000,0.500000,12251.720000
-3.400000,0.600000,12031.520000
-3.400000,0.700000,11813.320000
-3.400000,0.800000,11597.120000
-3.400000,0.900000,11382.920000
-3.400000,1.000000,11170.720000
-3.400000,1.100000,10960.520000
-3.400000,1.200000,10752.320000
-3.400000,1.300000,10546.120000
-3.400000,1.400000,10341.920000
-3.400000,1.500000,10139.720000
-3.400000,1.600000,9939.520000
-3.400000,1.700000,9741.320000
-3.400000,1.800000,9545.120000
-3.400000,1.900000,9350.920000
-3.400000,2.000000,9158.720000
-3.400000,2.100000,8968.520000
-3.400000,2.200000,8780.320000
-3.400000,2.300000,8594.120000
-3.400000,2.400000,8409.920000
-3.400000,2.500000,8227.720000
-3.400000,2.600000,8047.520000
-3.400000,2.700000,7869.320000
-3.400000,2.800000,7693.120000
-3.400000,2.900000,7518.920000
-3.400000,3.000000,7346.720000
-3.400000,3.100000,7176.520000
-3.400000,3.200000,7008.320000
-3.400000,3.300000,6842.120000
-3.400000,3.400000,6677.920000
-3.400000,3.500000,6515.720000
-3.400000,3.600000,6355.520000
-3.400000,3.700000,6197.320000
-3.400000,3.800000,6041.120000
-3.400000,3.900000,5886.920000
-3.400000,4.000000,5734.720000
-3.400000,4.100000,5584.520000
-3.400000,4.200000,5436.320000
-3.400000,4.300000,5290.120000
-3.400000,4.400000,5145.920000
-3.400000,4.500000,5003.720000
-3.400000,4.600000,4863.520000
-3.400000,4.700000,4725.320000
-3.400000,4.800000,4589.120000
-3.400000,4.900000,4454.920000
-3.400000,5.000000,4322.720000
-3.300000,-5.000000,25267.700000
-3.300000,-4.900000,24950.900000
-3.300000,-4.800000,24636.100000
-3.300000,-4.700000,24323.300000
-3.300000,-4.600000,24012.500000
-3.300000,-4.500000,23703.700000
-3.300000,-4.400000,23396.900000
-3.300000,-4.300000,23092.100000
-3.300000,-4.200000,22789.300000
-3.300000,-4.100000,22488.500000
-3.300000,-4.000000,22189.700000
-3.300000,-3.900000,21892.900000
-3.300000,-3.800000,21598.100000
-3.300000,-3.700000,21305.300000
-3.300000,-3.600000,21014.500000
-3.300000,-3.500000,20725.700000
-3.300000,-3.400000,20438.900000
-3.300000,-3.300000,20154.100000
-3.300000,-3.200000,19871.300000
-3.300000,-3.100000,19590.500000
-3.300000,-3.000000,19311.700000
-3.300000,-2.900000,19034.900000
-3.300000,-2.800000,18760.100000
-3.300000,-2.700000,18487.300000
-3.300000,-2.600000,18216.500000
-3.300000,-2.500000,17947.700000
-3.300000,-2.400000,17680.900000
-3.300000,-2.300000,17416.100000
-3.300000,-2.200000,17153.300000
-3.300000,-2.100000,16892.500000
-3.300000,-2.000000,16633.700000
-3.300000,-1.900000,16376.900000
-3.300000,-1.800000,16122.100000
-3.300000,-1.700000,15869.300000
-3.300000,-1.600000,15618.500000
-3.300000,-1.500000,15369.700000
-3.300000,-1.400000,15122.900000
-3.300000,-1.300000,14878.100000
-3.300000,-1.200000,14635.300000
-3.300000,-1.100000,14394.500000
-3.300000,-1.000000,14155.700000
-3.300000,-0.900000,13918.900000
-3.300000,-0.800000,13684.100000
-3.300000,-0.700000,13451.300000
-3.300000,-0.600000,13220.500000
-3.300000,-0.500000,12991.700000
-3.300000,-0.400000,12764.900000
-3.300000,-0.300000,12540.100000
-3.300000,-0.200000,12317.300000
-3.300000,-0.100000,12096.500000
-3.300000,-0.000000,11877.700000
-3.300000,0.100000,11660.900000
-3.300000,0.200000,11446.100000
-3.300000,0.300000,11233.300000
-3.300000,0.400000,11022.500000
-3.300000,0.500000,10813.700000
-3.300000,0.600000,10606.900000
-3.300000,0.700000,10402.100000
-3.300000,0.800000,10199.300000
-3.300000,0.900000,9998.500000
-3.300000,1.000000,9799.700000
-3.300000,1.100000,9602.900000
-3.300000,1.200000,9408.100000
-3.300000,1.300000,9215.300000
-3.300000,1.400000,9024.500000
-3.300000,1.500000,8835.700000
-3.300000,1.600000,8648.900000
-3.300000,1.700000,8464.100000
-3.300000,1.800000,8281.300000
-3.300000,1.900000,8100.500000
-3.300000,2.000000,7921.700000
-3.300000,2.100000,7744.900000
-3.300000,2.200000,7570.100000
-3.300000,2.300000,7397.300000
-3.300000,2.400000,7226.500000
-3.300000,2.500000,7057.700000
-3.300000,2.600000,6890.900000
-3.300000,2.700000,6726.100000
-3.300000,2.800000,6563.300000
-3.300000,2.900000,6402.500000
-3.300000,3.000000,6243.700000
-3.300000,3.100000,6086.900000
-3.300000,3.200000,5932.100000
-3.300000,3.300000,5779.300000
-3.300000,3.400000,5628.500000
-3.300000,3.500000,5479.700000
-3.300000,3.600000,5332.900000
-3.300000,3.700000,5188.100000
-3.300000,3.800000,5045.300000
-3.300000,3.900000,4904.500000
-3.300000,4.000000,4765.700000
-3.300000,4.100000,4628.900000
-3.300000,4.200000,4494.100000
-3.300000,4.300000,4361.300000
-3.300000,4.400000,4230.500000
-3.300000,4.500000,4101.700000
-3.300000,4.600000,3974.900000
-3.300000,4.700000,3850.100000
-3.300000,4.800000,3727.300000
-3.300000,4.900000,3606.500000
-3.300000,5.000000,3487.700000
-3.200000,-5.000000,23243.400000
-3.200000,-4.900000,22939.600000
-3.200000,-4.800000,22637.800000
-3.200000,-4.700000,22338.000000
-3.200000,-4.600000,22040.200000
-3.200000,-4.500000,21744.400000
-3.200000,-4.400000,21450.600000
-3.200000,-4.300000,21158.800000
-3.200000,-4.200000,20869.000000
-3.200000,-4.100000,20581.200000
-3.200000,-4.000000,20295.400000
-3.200000,-3.900000,20011.600000
-3.200000,-3.800000,19729.800000
-3.200000,-3.700000,19450.000000
-3.200000,-3.600000,19172.200000
-3.200000,-3.500000,18896.400000
-3.200000,-3.400000,18622.600000
-3.200000,-3.300000,18350.800000
-3.200000,-3.200000,18081.000000
-3.200000,-3.100000,17813.200000
-3.200000,-3.000000,17547.400000
-3.200000,-2.900000,17283.600000
-3.200000,-2.800000,17021.800000
-3.200000,-2.700000,16762.000000
-3.200000,-2.600000,16504.200000
-3.200000,-2.500000,16248.400000
-3.200000,-2.400000,15994.600000
-3.200000,-2.300000,15742.800000
-3.200000,-2.200000,15493.000000
-3.200000,-2.100000,15245.200000
-3.200000,-2.000000,14999.400000
-3.200000,-1.900000,14755.600000
-3.200000,-1.800000,14513.800000
-3.200000,-1.700000,14274.000000
-3.200000,-1.600000,14036.200000
-3.200000,-1.500000,13800.400000
-3.200000,-1.400000,13566.600000
-3.200000,-1.300000,13334.800000
-3.200000,-1.200000,13105.000000
-3.200000,-1.100000,12877.200000
-3.200000,-1.000000,12651.400000
-3.200000,-0.900000,12427.600000
-3.200000,-0.800000,12205.800000
-3.200000,-0.700000,11986.000000
-3.200000,-0.600000,11768.200000
-3.200000,-0.500000,11552.400000
-3.200000,-0.400000,11338.600000
-3.200000,-0.300000,11126.800000
-3.200000,-0.200000,10917.000000
-3.200000,-0.100000,10709.200000
-3.200000,-0.000000,10503.400000
-3.200000,0.100000,10299.600000
-3.200000,0.200000,10097.800000
-3.200000,0.300000,9898.000000
-3.200000,0.400000,9700.200000
-3.200000,0.500000,9504.400000
-3.200000,0.600000,9310.600000
-3.200000,0.700000,9118.800000
-3.200000,0.800000,8929.000000
-3.200000,0.900000,8741.200000
-3.200000,1.000000,8555.400000
-3.200000,1.100000,8371.600000
-3.200000,1.200000,8189.800000
-3.200000,1.300000,8010.000000
-3.200000,1.400000,7832.200000
-3.200000,1.500000,7656.400000
-3.200000,1.600000,7482.600000
-3.200000,1.700000,7310.800000
-3.200000,1.800000,7141.000000
-3.200000,1.900000,6973.200000
-3.200000,2.000000,6807.400000
-3.200000,2.100000,6643.600000
-3.200000,2.200000,6481.800000
-3.200000,2.300000,6322.000000
-3.200000,2.400000,6164.200000
-3.200000,2.500000,6008.400000
-3.200000,2.600000,5854.600000
-3.200000,2.700000,5702.800000
-3.200000,2.800000,5553.000000
-3.200000,2.900000,5405.200000
-3.200000,3.000000,5259.400000
-3.200000,3.100000,5115.600000
-3.200000,3.200000,4973.800000
-3.200000,3.300000,4834.000000
-3.200000,3.400000,4696.200000
-3.200000,3.500000,4560.400000
-3.200000,3.600000,4426.600000
-3.200000,3.700000,4294.800000
-3.200000,3.800000,4165.000000
-3.200000,3.900000,4037.200000
-3.200000,4.000000,3911.400000
-3.200000,4.100000,3787.600000
-3.200000,4.200000,3665.800000
-3.200000,4.300000,3546.000000
-3.200000,4.400000,3428.200000
-3.200000,4.500000,3312.400000
-3.200000,4.600000,3198.600000
-3.200000,4.700000,3086.800000
-3.200000,4.800000,2977.000000
-3.200000,4.900000,2869.200000
-3.200000,5.000000,2763.400000
-3.100000,-5.000000,21362.020000
-3.100000,-4.900000,21070.820000
-3.100000,-4.800000,20781.620000
-3.100000,-4.700000,20494.420000
-3.100000,-4.600000,20209.220000
-3.100000,-4.500000,19926.020000
-3.100000,-4.400000,19644.820000
-3.100000,-4.300000,19365.620000
-3.100000,-4.200000,19088.420000
-3.100000,-4.100000,18813.220000
-3.100000,-4.000000,18540.020000
-3.100000,-3.900000,18268.820000
-3.100000,-3.800000,17999.620000
-3.100000,-3.700000,17732.420000
-3.100000,-3.600000,17467.220000
-3.100000,-3.500000,17204.020000
-3.100000,-3.400000,16942.820000
-3.100000,-3.300000,16683.620000
-3.100000,-3.200000,16426.420000
-3.100000,-3.100000,16171.220000
-3.100000,-3.000000,15918.020000
-3.100000,-2.900000,15666.820000
-3.100000,-2.800000,15417.620000
-3.100000,-2.700000,15170.420000
-3.100000,-2.600000,14925.220000
-3.100000,-2.500000,14682.020000
-3.100000,-2.400000,14440.820000
-3.100000,-2.300000,14201.620000
-3.100000,-2.200000,13964.420000
-3.100000,-2.100000,13729.220000
-3.100000,-2.000000,13496.020000
-3.100000,-1.900000,13264.820000
-3.100000,-1.800000,13035.620000
-3.100000,-1.700000,12808.420000
-3.100000,-1.600000,12583.220000
-3.100000,-1.500000,12360.020000
-3.100000,-1.400000,12138.820000
-3.100000,-1.300000,11919.620000
-3.100000,-1.200000,11702.420000
-3.100000,-1.100000,11487.220000
-3.100000,-1.000000,11274.020000
-3.100000,-0.900000,11062.820000
-3.100000,-0.800000,10853.620000
-3.100000,-0.700000,10646.420000
-3.100000,-0.600000,10441.220000
-3.100000,-0.500000,10238.020000
-3.100000,-0.400000,10036.820000
-3.100000,-0.300000,9837.620000
-3.100000,-0.200000,9640.420000
-3.100000,-0.100000,9445.220000
-3.100000,-0.000000,9252.020000
-3.100000,0.100000,9060.820000
-3.100000,0.200000,8871.620000
-3.100000,0.300000,8684.420000
-3.100000,0.400000,8499.220000
-3.100000,0.500000,8316.020000
-3.100000,0.600000,8134.820000
-3.100000,0.700000,7955.620000
-3.100000,0.800000,7778.420000
-3.100000,0.900000,7603.220000
-3.100000,1.000000,7430.020000
-3.100000,1.100000,7258.820000
-3.100000,1.200000,7089.620000
-3.100000,1.300000,6922.420000
-3.100000,1.400000,6757.220000
-3.100000,1.500000,6594.020000
-3.100000,1.600000,6432.820000
-3.100000,1.700000,6273.620000
-3.100000,1.800000,6116.420000
-3.100000,1.900000,5961.220000
-3.100000,2.000000,5808.020000
-3.100000,2.100000,5656.820000
-3.100000,2.200000,5507.620000
-3.100000,2.300000,5360.420000
-3.100000,2.400000,5215.220000
-3.100000,2.500000,5072.020000
-3.100000,2.600000,4930.820000
-3.100000,2.700000,4791.620000
-3.100000,2.800000,4654.420000
-3.100000,2.900000,4519.220000
-3.100000,3.000000,4386.020000
-3.100000,3.100000,4254.820000
-3.100000,3.200000,4125.620000
-3.100000,3.300000,3998.420000
-3.100000,3.400000,3873.220000
-3.100000,3.500000,3750.020000
-3.100000,3.600000,3628.820000
-3.100000,3.700000,3509.620000
-3.100000,3.800000,3392.420000
-3.100000,3.900000,3277.220000
-3.100000,4.000000,3164.020000
-3.100000,4.100000,3052.820000
-3.100000,4.200000,2943.620000
-3.100000,4.300000,2836.420000
-3.100000,4.400000,2731.220000
-3.100000,4.500000,2628.020000
-3.100000,4.600000,2526.820000
-3.100000,4.700000,2427.620000
-3.100000,4.800000,2330.420000
-3.100000,4.900000,2235.220000
-3.100000,5.000000,2142.020000
-3.000000,-5.000000,19616.000000
-3.000000,-4.900000,19337.000000
-3.000000,-4.800000,19060.000000
-3.000000,-4.700000,18785.000000
-3.000000,-4.600000,18512.000000
-3.000000,-4.500000,18241.000000
-3.000000,-4.400000,17972.000000
-3.000000,-4.300000,17705.000000
-3.000000,-4.200000,17440.000000
-3.000000,-4.100000,17177.000000
-3.000000,-4.000000,16916.000000
-3.000000,-3.900000,16657.000000
-3.000000,-3.800000,16400.000000
-3.000000,-3.700000,16145.000000
-3.000000,-3.600000,15892.000000
-3.000000,-3.500000,15641.000000
-3.000000,-3.400000,15392.000000
-3.000000,-3.300000,15145.000000
-3.000000,-3.200000,14900.000000
-3.000000,-3.100000,14657.000000
-3.000000,-3.000000,14416.000000
-3.000000,-2.900000,14177.000000
-3.000000,-2.800000,13940.000000
-3.000000,-2.700000,13705.000000
-3.000000,-2.600000,13472.000000
-3.000000,-2.500000,13241.000000
-3.000000,-2.400000,13012.000000
-3.000000,-2.300000,12785.000000
-3.000000,-2.200000,12560.000000
-3.000000,-2.100000,12337.000000
-3.000000,-2.000000,12116.000000
-3.000000,-1.900000,11897.000000
-3.000000,-1.800000,11680.000000
-3.000000,-1.700000,11465.000000
-3.000000,-1.600000,11252.000000
-3.000000,-1.500000,11041.000000
-3.000000,-1.400000,10832.000000
-3.000000,-1.300000,10625.000000
-3.000000,-1.200000,10420.000000
-3.000000,-1.100000,10217.000000
-3.000000,-1.000000,10016.000000
-3.000000,-0.900000,9817.000000
-3.000000,-0.800000,9620.000000
-3.000000,-0.700000,9425.000000
-3.000000,-0.600000,9232.000000
-3.000000,-0.500000,9041.000000
-3.000000,-0.400000,8852.000000
-3.000000,-0.300000,8665.000000
-3.000000,-0.200000,8480.000000
-3.000000,-0.100000,8297.000000
-3.000000,-0.000000,8116.000000
-3.000000,0.100000,7937.000000
-3.000000,0.200000,7760.000000
-3.000000,0.300000,7585.000000
-3.000000,0.400000,7412.000000
-3.000000,0.500000,7241.000000
-3.000000,0.600000,7072.000000
-3.000000,0.700000,6905.000000
-3.000000,0.800000,6740.000000
-3.000000,0.900000,6577.000000
-3.000000,1.000000,6416.000000
-3.000000,1.100000,6257.000000
-3.000000,1.200000,6100.000000
-3.000000,1.300000,5945.000000
-3.000000,1.400000,5792.000000
-3.000000,1.500000,5641.000000
-3.000000,1.600000,5492.000000
-3.000000,1.700000,5345.000000
-3.000000,1.800000,5200.000000
-3.000000,1.900000,5057.000000
-3.000000,2.000000,4916.000000
-3.000000,2.100000,4777.000000
-3.000000,2.200000,4640.000000
-3.000000,2.300000,4505.000000
-3.000000,2.400000,4372.000000
-3.000000,2.500000,4241.000000
-3.000000,2.600000,4112.000000
-3.000000,2.700000,3985.000000
-3.000000,2.800000,3860.000000
-3.000000,2.900000,3737.000000
-3.000000,3.000000,3616.000000
-3.000000,3.100000,3497.000000
-3.000000,3.200000,3380.000000
-3.000000,3.300000,3265.000000
-3.000000,3.400000,3152.000000
-3.000000,3.500000,3041.000000
-3.000000,3.600000,2932.000000
-3.000000,3.700000,2825.000000
-3.000000,3.800000,2720.000000
-3.000000,3.900000,2617.000000
-3.000000,4.000000,2516.000000
-3.000000,4.100000,2417.000000
-3.000000,4.200000,2320.000000
-3.000000,4.300000,2225.000000
-3.000000,4.400000,2132.000000
-3.000000,4.500000,2041.000000
-3.000000,4.600000,1952.000000
-3.000000,4.700000,1865.000000
-3.000000,4.800000,1780.000000
-3.000000,4.900000,1697.000000
-3.000000,5.000000,1616.000000
-2.900000,-5.000000,17998.020000
-2.900000,-4.900000,17730.820000
-2.900000,-4.800000,17465.620000
-2.900000,-4.700000,17202.420000
-2.900000,-4.600000,16941.220000
-2.900000,-4.500000,16682.020000
-2.900000,-4.400000,16424.820000
-2.900000,-4.300000,16169.620000
-2.900000,-4.200000,15916.420000
-2.900000,-4.100000,15665.220000
-2.900000,-4.000000,15416.020000
-2.900000,-3.900000,15168.820000
-2.900000,-3.800000,14923.620000
-2.900000,-3.700000,14680.420000
-2.900000,-3.600000,14439.220000
-2.900000,-3.500000,14200.020000
-2.900000,-3.400000,13962.820000
-2.900000,-3.300000,13727.620000
-2.900000,-3.200000,13494.420000
-2.900000,-3.100000,13263.220000
-2.900000,-3.000000,13034.020000
-2.900000,-2.900000,12806.820000
-2.900000,-2.800000,12581.620000
-2.900000,-2.700000,12358.420000
-2.900000,-2.600000,12137.220000
-2.900000,-2.500000,11918.020000
-2.900000,-2.400000,11700.820000
-2.900000,-2.300000,11485.620000
-2.900000,-2.200000,11272.420000
-2.900000,-2.100000,11061.220000
-2.900000,-2.000000,10852.020000
-2.900000,-1.900000,10644.820000
-2.900000,-1.800000,10439.620000
-2.900000,-1.700000,10236.420000
-2.900000,-1.600000,10035.220000
-2.900000,-1.500000,9836.020000
-2.900000,-1.400000,9638.820000
-2.900000,-1.300000,9443.620000
-2.900000,-1.200000,9250.420000
-2.900000,-1.100000,9059.220000
-2.900000,-1.000000,8870.020000
-2.900000,-0.900000,8682.820000
-2.900000,-0.800000,8497.620000
-2.900000,-0.700000,8314.420000
-2.900000,-0.600000,8133.220000
-2.900000,-0.500000,7954.020000
-2.900000,-0.400000,7776.820000
-2.900000,-0.300000,7601.620000
-2.900000,-0.200000,7428.420000
-2.900000,-0.100000,7257.220000
-2.900000,-0.000000,7088.020000
-2.900000,0.100000,6920.820000
-2.900000,0.200000,6755.620000
-2.900000,0.300000,6592.420000
-2.900000,0.400000,6431.220000
-2.900000,0.500000,6272.020000
-2.900000,0.600000,6114.820000
-2.900000,0.700000,5959.620000
-2.900000,0.800000,5806.420000
-2.900000,0.900000,5655.220000
-2.900000,1.000000,5506.020000
-2.900000,1.100000,5358.820000
-2.900000,1.200000,5213.620000
-2.900000,1.300000,5070.420000
-2.900000,1.400000,4929.220000
-2.900000,1.500000,4790.020000
-2.900000,1.600000,4652.820000
-2.900000,1.700000,4517.620000
-2.900000,1.800000,4384.420000
-2.900000,1.900000,4253.220000
-2.900000,2.000000,4124.020000
-2.900000,2.100000,3996.820000
-2.900000,2.200000,3871.620000
-2.900000,2.300000,3748.420000
-2.900000,2.400000,3627.220000
-2.900000,2.500000,3508.020000
-2.900000,2.600000,3390.820000
-2.900000,2.700000,3275.620000
-2.900000,2.800000,3162.420000
-2.900000,2.900000,3051.220000
-2.900000,3.000000,2942.020000
-2.900000,3.100000,2834.820000
-2.900000,3.200000,2729.620000
-2.900000,3.300000,2626.420000
-2.900000,3.400000,2525.220000
-2.900000,3.500000,2426.020000
-2.900000,3.600000,2328.820000
-2.900000,3.700000,2233.620000
-2.900000,3.800000,2140.420000
-2.900000,3.900000,2049.220000
-2.900000,4.000000,1960.020000
-2.900000,4.100000,1872.820000
-2.900000,4.200000,1787.620000
-2.900000,4.300000,1704.420000
-2.900000,4.400000,1623.220000
-2.900000,4.500000,1544.020000
-2.900000,4.600000,1466.820000
-2.900000,4.700000,1391.620000
-2.900000,4.800000,1318.420000
-2.900000,4.900000,1247.220000
-2.900000,5.000000,1178.020000
-2.800000,-5.000000,16501.000000
-2.800000,-4.900000,16245.200000
-2.800000,-4.800000,15991.400000
-2.800000,-4.700000,15739.600000
-2.800000,-4.600000,15489.800000
-2.800000,-4.500000,15242.000000
-2.800000,-4.400000,14996.200000
-2.800000,-4.300000,14752.400000
-2.800000,-4.200000,14510.600000
-2.800000,-4.100000,14270.800000
-2.800000,-4.000000,14033.000000
-2.800000,-3.900000,13797.200000
-2.800000,-3.800000,13563.400000
-2.800000,-3.700000,13331.600000
-2.800000,-3.600000,13101.800000
-2.800000,-3.500000,12874.000000
-2.800000,-3.400000,12648.200000
-2.800000,-3.300000,12424.400000
-2.800000,-3.200000,12202.600000
-2.800000,-3.100000,11982.800000
-2.800000,-3.000000,11765.000000
-2.800000,-2.900000,11549.200000
-2.800000,-2.800000,11335.400000
-2.800000,-2.700000,11123.600000
-2.800000,-2.600000,10913.800000
-2.800000,-2.500000,10706.000000
-2.800000,-2.400000,10500.200000
-2.800000,-2.300000,10296.400000
-2.800000,-2.200000,10094.600000
-2.800000,-2.100000,9894.800000
-2.800000,-2.000000,9697.000000
-2.800000,-1.900000,9501.200000
-2.800000,-1.800000,9307.400000
-2.800000,-1.700000,9115.600000
-2.800000,-1.600000,8925.800000
-2.800000,-1.500000,8738.000000
-2.800000,-1.400000,8552.200000
-2.800000,-1.300000,8368.400000
-2.800000,-1.200000,8186.600000
-2.800000,-1.100000,8006.800000
-2.800000,-1.000000,7829.000000
-2.800000,-0.900000,7653.200000
-2.800000,-0.800000,7479.400000
-2.800000,-0.700000,7307.600000
-2.800000,-0.600000,7137.800000
-2.800000,-0.500000,6970.000000
-2.800000,-0.400000,6804.200000
-2.800000,-0.300000,6640.400000
-2.800000,-0.200000,6478.600000
-2.800000,-0.100000,6318.800000
-2.800000,-0.000000,6161.000000
-2.800000,0.100000,6005.200000
-2.800000,0.200000,5851.400000
-2.800000,0.300000,5699.600000
-2.800000,0.400000,5549.800000
-2.800000,0.500000,5402.000000
-2.800000,0.600000,5256.200000
-2.800000,0.700000,5112.400000
-2.800000,0.800000,4970.600000
-2.800000,0.900000,4830.800000
-2.800000,1.000000,4693.000000
-2.800000,1.100000,4557.200000
-2.800000,1.200000,4423.400000
-2.800000,1.300000,4291.600000
-2.800000,1.400000,4161.800000
-2.800000,1.500000,4034.000000
-2.800000,1.600000,3908.200000
-2.800000,1.700000,3784.400000
-2.800000,1.800000,3662.600000
-2.800000,1.900000,3542.800000
-2.800000,2.000000,3425.000000
-2.800000,2.100000,3309.200000
-2.800000,2.200000,3195.400000
-2.800000,2.300000,3083.600000
-2.800000,2.400000,2973.800000
-2.800000,2.500000,2866.000000
-2.800000,2.600000,2760.200000
-2.800000,2.700000,2656.400000
-2.800000,2.800000,2554.600000
-2.800000,2.900000,2454.800000
-2.800000,3.000000,2357.000000
-2.800000,3.100000,2261.200000
-2.800000,3.200000,2167.400000
-2.800000,3.300000,2075.600000
-2.800000,3.400000,1985.800000
-2.800000,3.500000,1898.000000
-2.800000,3.600000,1812.200000
-2.800000,3.700000,1728.400000
-2.800000,3.800000,1646.600000
-2.800000,3.900000,1566.800000
-2.800000,4.000000,1489.000000
-2.800000,4.100000,1413.200000
-2.800000,4.200000,1339.400000
-2.800000,4.300000,1267.600000
-2.800000,4.400000,1197.800000
-2.800000,4.500000,1130.000000
-2.800000,4.600000,1064.200000
-2.800000,4.700000,1000.400000
-2.800000,4.800000,938.600000
-2.800000,4.900000,878.800000
-2.800000,5.000000,821.000000
-2.700000,-5.000000,15118.100000
-2.700000,-4.900000,14873.300000
-2.700000,-4.800000,14630.500000
-2.700000,-4.700000,14389.700000
-2.700000,-4.600000,14150.900000
-2.700000,-4.500000,13914.100000
-2.700000,-4.400000,13679.300000
-2.700000,-4.300000,13446.500000
-2.700000,-4.200000,13215.700000
-2.700000,-4.100000,12986.900000
-2.700000,-4.000000,12760.100000
-2.700000,-3.900000,12535.300000
-2.700000,-3.800000,12312.500000
-2.700000,-3.700000,12091.700000
-2.700000,-3.600000,11872.900000
-2.700000,-3.500000,11656.100000
-2.700000,-3.400000,11441.300000
-2.700000,-3.300000,11228.500000
-2.700000,-3.200000,11017.700000
-2.700000,-3.100000,10808.900000
-2.700000,-3.000000,10602.100000
-2.700000,-2.900000,10397.300000
-2.700000,-2.800000,10194.500000
-2.700000,-2.700000,9993.700000
-2.700000,-2.600000,9794.900000
-2.700000,-2.500000,9598.100000
-2.700000,-2.400000,9403.300000
-2.700000,-2.300000,9210.500000
-2.700000,-2.200000,9019.700000
-2.700000,-2.100000,8830.900000
-2.700000,-2.000000,8644.100000
-2.700000,-1.900000,8459.300000
-2.700000,-1.800000,8276.500000
-2.700000,-1.700000,8095.700000
-2.700000,-1.600000,7916.900000
-2.700000,-1.500000,7740.100000
-2.700000,-1.400000,7565.300000
-2.700000,-1.300000,7392.500000
-2.700000,-1.200000,7221.700000
-2.700000,-1.100000,7052.900000
-2.700000,-1.000000,6886.100000
-2.700000,-0.900000,6721.300000
-2.700000,-0.800000,6558.500000
-2.700000,-0.700000,6397.700000
-2.700000,-0.600000,6238.900000
-2.700000,-0.500000,6082.100000
-2.700000,-0.400000,5927.300000
-2.700000,-0.300000,5774.500000
-2.700000,-0.200000,5623.700000
-2.700000,-0.100000,5474.900000
-2.700000,-0.000000,5328.100000
-2.700000,0.100000,5183.300000
-2.700000,0.200000,5040.500000
-2.700000,0.300000,4899.700000
-2.700000,0.400000,4760.900000
-2.700000,0.500000,4624.100000
-2.700000,0.600000,4489.300000
-2.700000,0.700000,4356.500000
-2.700000,0.800000,4225.700000
-2.700000,0.900000,4096.900000
-2.700000,1.000000,3970.100000
-2.700000,1.100000,3845.300000
-2.700000,1.200000,3722.500000
-2.700000,1.300000,3601.700000
-2.700000,1.400000,3482.900000
-2.700000,1.500000,3366.100000
-2.700000,1.600000,3251.300000
-2.700000,1.700000,3138.500000
-2.700000,1.800000,3027.700000
-2.700000,1.900000,2918.900000
-2.700000,2.000000,2812.100000
-2.700000,2.100000,2707.300000
-2.700000,2.200000,2604.500000
-2.700000,2.300000,2503.700000
-2.700000,2.400000,2404.900000
-2.700000,2.500000,2308.100000
-2.700000,2.600000,2213.300000
-2.700000,2.700000,2120.500000
-2.700000,2.800000,2029.700000
-2.700000,2.900000,1940.900000
-2.700000,3.000000,1854.100000
-2.700000,3.100000,1769.300000
-2.700000,3.200000,1686.500000
-2.700000,3.300000,1605.700000
-2.700000,3.400000,1526.900000
-2.700000,3.500000,1450.100000
-2.700000,3.600000,1375.300000
-2.700000,3.700000,1302.500000
-2.700000,3.800000,1231.700000
-2.700000,3.900000,1162.900000
-2.700000,4.000000,1096.100000
-2.700000,4.100000,1031.300000
-2.700000,4.200000,968.500000
-2.700000,4.300000,907.700000
-2.700000,4.400000,848.900000
-2.700000,4.500000,792.100000
-2.700000,4.600000,737.300000
-2.700000,4.700000,684.500000
-2.700000,4.800000,633.700000
-2.700000,4.900000,584.900000
-2.700000,5.000000,538.100000
-2.600000,-5.000000,13842.720000
-2.600000,-4.900000,13608.520000
-2.600000,-4.800000,13376.320000
-2.600000,-4.700000,13146.120000
-2.600000,-4.600000,12917.920000
-2.600000,-4.500000,12691.720000
-2.600000,-4.400000,12467.520000
-2.600000,-4.300000,12245.320000
-2.600000,-4.200000,12025.120000
-2.600000,-4.100000,11806.920000
-2.600000,-4.000000,11590.720000
-2.600000,-3.900000,11376.520000
-2.600000,-3.800000,11164.320000
-2.600000,-3.700000,10954.120000
-2.600000,-3.600000,10745.920000
-2.600000,-3.500000,10539.720000
-2.600000,-3.400000,10335.520000
-2.600000,-3.300000,10133.320000
-2.600000,-3.200000,9933.120000
-2.600000,-3.100000,9734.920000
-2.600000,-3.000000,9538.720000
-2.600000,-2.900000,9344.520000
-2.600000,-2.800000,9152.320000
-2.600000,-2.700000,8962.120000
-2.600000,-2.600000,8773.920000
-2.600000,-2.500000,8587.720000
-2.600000,-2.400000,8403.520000
-2.600000,-2.300000,8221.320000
-2.600000,-2.200000,8041.120000
-2.600000,-2.100000,7862.920000
-2.600000,-2.000000,7686.720000
-2.600000,-1.900000,7512.520000
-2.600000,-1.800000,7340.320000
-2.600000,-1.700000,7170.120000
-2.600000,-1.600000,7001.920000
-2.600000,-1.500000,6835.720000
-2.600000,-1.400000,6671.520000
-2.600000,-1.300000,6509.320000
-2.600000,-1.200000,6349.120000
-2.600000,-1.100000,6190.920000
-2.600000,-1.000000,6034.720000
-2.600000,-0.900000,5880.520000
-2.600000,-0.800000,5728.320000
-2.600000,-0.700000,5578.120000
-2.600000,-0.600000,5429.920000
-2.600000,-0.500000,5283.720000
-2.600000,-0.400000,5139.520000
-2.600000,-0.300000,4997.320000
-2.600000,-0.200000,4857.120000
-2.600000,-0.100000,4718.920000
-2.600000,-0.000000,4582.720000
-2.600000,0.100000,4448.520000
-2.600000,0.200000,4316.320000
-2.600000,0.300000,4186.120000
-2.600000,0.400000,4057.920000
-2.600000,0.500000,3931.720000
-2.600000,0.600000,3807.520000
-2.600000,0.700000,3685.320000
-2.600000,0.800000,3565.120000
-2.600000,0.900000,3446.920000
-2.600000,1.000000,3330.720000
-2.600000,1.100000,3216.520000
-2.600000,1.200000,3104.320000
-2.600000,1.300000,2994.120000
-2.600000,1.400000,2885.920000
-2.600000,1.500000,2779.720000
-2.600000,1.600000,2675.520000
-2.600000,1.700000,2573.320000
-2.600000,1.800000,2473.120000
-2.600000,1.900000,2374.920000
-2.600000,2.000000,2278.720000
-2.600000,2.100000,2184.520000
-2.600000,2.200000,2092.320000
-2.600000,2.300000,2002.120000
-2.600000,2.400000,1913.920000
-2.600000,2.500000,1827.720000
-2.600000,2.600000,1743.520000
-2.600000,2.700000,1661.320000
-2.600000,2.800000,1581.120000
-2.600000,2.900000,1502.920000
-2.600000,3.000000,1426.720000
-2.600000,3.100000,1352.520000
-2.600000,3.200000,1280.320000
-2.600000,3.300000,1210.120000
-2.600000,3.400000,1141.920000
-2.600000,3.500000,1075.720000
-2.600000,3.600000,1011.520000
-2.600000,3.700000,949.320000
-2.600000,3.800000,889.120000
-2.600000,3.900000,830.920000
-2.600000,4.000000,774.720000
-2.600000,4.100000,720.520000
-2.600000,4.200000,668.320000
-2.600000,4.300000,618.120000
-2.600000,4.400000,569.920000
-2.600000,4.500000,523.720000
-2.600000,4.600000,479.520000
-2.600000,4.700000,437.320000
-2.600000,4.800000,397.120000
-2.600000,4.900000,358.920000
-2.600000,5.000000,322.720000
-2.500000,-5.000000,12668.500000
-2.500000,-4.900000,12444.500000
-2.500000,-4.800000,12222.500000
-2.500000,-4.700000,12002.500000
-2.500000,-4.600000,11784.500000
-2.500000,-4.500000,11568.500000
-2.500000,-4.400000,11354.500000
-2.500000,-4.300000,11142.500000
-2.500000,-4.200000,10932.500000
-2.500000,-4.100000,10724.500000
-2.500000,-4.000000,10518.500000
-2.500000,-3.900000,10314.500000
-2.500000,-3.800000,10112.500000
-2.500000,-3.700000,9912.500000
-2.500000,-3.600000,9714.500000
-2.500000,-3.500000,9518.500000
-2.500000,-3.400000,9324.500000
-2.500000,-3.300000,9132.500000
-2.500000,-3.200000,8942.500000
-2.500000,-3.100000,8754.500000
-2.500000,-3.000000,8568.500000
-2.500000,-2.900000,8384.500000
-2.500000,-2.800000,8202.500000
-2.500000,-2.700000,8022.500000
-2.500000,-2.600000,7844.500000
-2.500000,-2.500000,7668.500000
-2.500000,-2.400000,7494.500000
-2.500000,-2.300000,7322.500000
-2.500000,-2.200000,7152.500000
-2.500000,-2.100000,6984.500000
-2.500000,-2.000000,6818.500000
-2.500000,-1.900000,6654.500000
-2.500000,-1.800000,6492.500000
-2.500000,-1.700000,6332.500000
-2.500000,-1.600000,6174.500000
-2.500000,-1.500000,6018.500000
-2.500000,-1.400000,5864.500000
-2.500000,-1.300000,5712.500000
-2.500000,-1.200000,5562.500000
-2.500000,-1.100000,5414.500000
-2.500000,-1.000000,5268.500000
-2.500000,-0.900000,5124.500000
-2.500000,-0.800000,4982.500000
-2.500000,-0.700000,4842.500000
-2.500000,-0.600000,4704.500000
-2.500000,-0.500000,4568.500000
-2.500000,-0.400000,4434.500000
-2.500000,-0.300000,4302.500000
-2.500000,-0.200000,4172.500000
-2.500000,-0.100000,4044.500000
-2.500000,-0.000000,3918.500000
-2.500000,0.100000,3794.500000
-2.500000,0.200000,3672.500000
-2.500000,0.300000,3552.500000
-2.500000,0.400000,3434.500000
-2.500000,0.500000,3318.500000
-2.500000,0.600000,3204.500000
-2.500000,0.700000,3092.500000
-2.500000,0.800000,2982.500000
-2.500000,0.900000,2874.500000
-2.500000,1.000000,2768.500000
-2.500000,1.100000,2664.500000
-2.500000,1.200000,2562.500000
-2.500000,1.300000,2462.500000
-2.500000,1.400000,2364.500000
-2.500000,1.500000,2268.500000
-2.500000,1.600000,2174.500000
-2.500000,1.700000,2082.500000
-2.500000,1.800000,1992.500000
-2.500000,1.900000,1904.500000
-2.500000,2.000000,1818.500000
-2.500000,2.100000,1734.500000
-2.500000,2.200000,1652.500000
-2.500000,2.300000,1572.500000
-2.500000,2.400000,1494.500000
-2.500000,2.500000,1418.500000
-2.500000,2.600000,1344.500000
-2.500000,2.700000,1272.500000
-2.500000,2.800000,1202.500000
-2.500000,2.900000,1134.500000
-2.500000,3.000000,1068.500000
-2.500000,3.100000,1004.500000
-2.500000,3.200000,942.500000
-2.500000,3.300000,882.500000
-2.500000,3.400000,824.500000
-2.500000,3.500000,768.500000
-2.500000,3.600000,714.500000
-2.500000,3.700000,662.500000
-2.500000,3.800000,612.500000
-2.500000,3.900000,564.500000
-2.500000,4.000000,518.500000
-2.500000,4.100000,474.500000
-2.500000,4.200000,432.500000
-2.500000,4.300000,392.500000
-2.500000,4.400000,354.500000
-2.500000,4.500000,318.500000
-2.500000,4.600000,284.500000
-2.500000,4.700000,252.500000
-2.500000,4.800000,222.500000
-2.500000,4.900000,194.500000
-2.500000,5.000000,168.500000
-2.400000,-5.000000,11589.320000
-2.400000,-4.900000,11375.120000
-2.400000,-4.800000,11162.920000
-2.400000,-4.700000,10952.720000
-2.400000,-4.600000,10744.520000
-2.400000,-4.500000,10538.320000
-2.400000,-4.400000,10334.120000
-2.400000,-4.300000,10131.920000
-2.400000,-4.200000,9931.720000
-2.400000,-4.100000,9733.520000
-2.400000,-4.000000,9537.320000
-2.400000,-3.900000,9343.120000
-2.400000,-3.800000,9150.920000
-2.400000,-3.700000,8960.720000
-2.400000,-3.600000,8772.520000
-2.400000,-3.500000,8586.320000
-2.400000,-3.400000,8402.120000
-2.400000,-3.300000,8219.920000
-2.400000,-3.200000,8039.720000
-2.400000,-3.100000,7861.520000
-2.400000,-3.000000,7685.320000
-2.400000,-2.900000,7511.120000
-2.400000,-2.800000,7338.920000
-2.400000,-2.700000,7168.720000
-2.400000,-2.600000,7000.520000
-2.400000,-2.500000,6834.320000
-2.400000,-2.400000,6670.120000
-2.400000,-2.300000,6507.920000
-2.400000,-2.200000,6347.720000
-2.400000,-2.100000,6189.520000
-2.400000,-2.000000,6033.320000
-2.400000,-1.900000,5879.120000
-2.400000,-1.800000,5726.920000
-2.400000,-1.700000,5576.720000
-2.400000,-1.600000,5428.520000
-2.400000,-1.500000,5282.320000
-2.400000,-1.400000,5138.120000
-2.400000,-1.300000,4995.920000
-2.400000,-1.200000,4855.720000
-2.400000,-1.100000,4717.520000
-2.400000,-1.000000,4581.320000
-2.400000,-0.900000,4447.120000
-2.400000,-0.800000,4314.920000
-2.400000,-0.700000,4184.720000
-2.400000,-0.600000,4056.520000
-2.400000,-0.500000,3930.320000
-2.400000,-0.400000,3806.120000
-2.400000,-0.300000,3683.920000
-2.400000,-0.200000,3563.720000
-2.400000,-0.100000,3445.520000
-2.400000,-0.000000,3329.320000
-2.400000,0.100000,3215.120000
-2.400000,0.200000,3102.920000
-2.400000,0.300000,2992.720000
-2.400000,0.400000,2884.520000
-2.400000,0.500000,2778.320000
-2.400000,0.600000,2674.120000
-2.400000,0.700000,2571.920000
-2.400000,0.800000,2471.720000
-2.400000,0.900000,2373.520000
-2.400000,1.000000,2277.320000
-2.400000,1.100000,2183.120000
-2.400000,1.200000,2090.920000
-2.400000,1.300000,2000.720000
-2.400000,1.400000,1912.520000
-2.400000,1.500000,1826.320000
-2.400000,1.600000,1742.120000
-2.400000,1.700000,1659.920000
-2.400000,1.800000,1579.720000
-2.400000,1.900000,1501.520000
-2.400000,2.000000,1425.320000
-2.400000,2.100000,1351.120000
-2.400000,2.200000,1278.920000
-2.400000,2.300000,1208.720000
-2.400000,2.400000,1140.520000
-2.400000,2.500000,1074.320000
-2.400000,2.600000,1010.120000
-2.400000,2.700000,947.920000
-2.400000,2.800000,887.720000
-2.400000,2.900000,829.520000
-2.400000,3.000000,773.320000
-2.400000,3.100000,719.120000
-2.400000,3.200000,666.920000
-2.400000,3.300000,616.720000
-2.400000,3.400000,568.520000
-2.400000,3.500000,522.320000
-2.400000,3.600000,478.120000
-2.400000,3.700000,435.920000
-2.400000,3.800000,395.720000
-2.400000,3.900000,357.520000
-2.400000,4.000000,321.320000
-2.400000,4.100000,287.120000
-2.400000,4.200000,254.920000
-2.400000,4.300000,224.720000
-2.400000,4.400000,196.520000
-2.400000,4.500000,170.320000
-2.400000,4.600000,146.120000
-2.400000,4.700000,123.920000
-2.400000,4.800000,103.720000
-2.400000,4.900000,85.520000
-2.400000,5.000000,69.320000
-2.300000,-5.000000,10599.300000
-2.300000,-4.900000,10394.500000
-2.300000,-4.800000,10191.700000
-2.300000,-4.700000,9990.900000
-2.300000,-4.600000,9792.100000
-2.300000,-4.500000,9595.300000
-2.300000,-4.400000,9400.500000
-2.300000,-4.300000,9207.700000
-2.300000,-4.200000,9016.900000
-2.300000,-4.100000,8828.100000
-2.300000,-4.000000,8641.300000
-2.300000,-3.900000,8456.500000
-2.300000,-3.800000,8273.700000
-2.300000,-3.700000,8092.900000
-2.300000,-3.600000,7914.100000
-2.300000,-3.500000,7737.300000
-2.300000,-3.400000,7562.500000
-2.300000,-3.300000,7389.700000
-2.300000,-3.200000,7218.900000
-2.300000,-3.100000,7050.100000
-2.300000,-3.000000,6883.300000
-2.300000,-2.900000,6718.500000
-2.300000,-2.800000,6555.700000
-2.300000,-2.700000,6394.900000
-2.300000,-2.600000,6236.100000
-2.300000,-2.500000,6079.300000
-2.300000,-2.400000,5924.500000
-2.300000,-2.300000,5771.700000
-2.300000,-2.200000,5620.900000
-2.300000,-2.100000,5472.100000
-2.300000,-2.000000,5325.300000
-2.300000,-1.900000,5180.500000
-2.300000,-1.800000,5037.700000
-2.300000,-1.700000,4896.900000
-2.300000,-1.600000,4758.100000
-2.300000,-1.500000,4621.300000
-2.300000,-1.400000,4486.500000
-2.300000,-1.300000,4353.700000
-2.300000,-1.200000,4222.900000
-2.300000,-1.100000,4094.100000
-2.300000,-1.000000,3967.300000
-2.300000,-0.900000,3842.500000
-2.300000,-0.800000,3719.700000
-2.300000,-0.700000,3598.900000
-2.300000,-0.600000,3480.100000
-2.300000,-0.500000,3363.300000
-2.300000,-0.400000,3248.500000
-2.300000,-0.300000,3135.700000
-2.300000,-0.200000,3024.900000
-2.300000,-0.100000,2916.100000
-2.300000,-0.000000,2809.300000
-2.300000,0.100000,2704.500000
-2.300000,0.200000,2601.700000
-2.300000,0.300000,2500.900000
-2.300000,0.400000,2402.100000
-2.300000,0.500000,2305.300000
-2.300000,0.600000,2210.500000
-2.300000,0.700000,2117.700000
-2.300000,0.800000,2026.900000
-2.300000,0.900000,1938.100000
-2.300000,1.000000,1851.300000
-2.300000,1.100000,1766.500000
-2.300000,1.200000,1683.700000
-2.300000,1.300000,1602.900000
-2.300000,1.400000,1524.100000
-2.300000,1.500000,1447.300000
-2.300000,1.600000,1372.500000
-2.300000,1.700000,1299.700000
-2.300000,1.800000,1228.900000
-2.300000,1.900000,1160.100000
-2.300000,2.000000,1093.300000
-2.300000,2.100000,1028.500000
-2.300000,2.200000,965.700000
-2.300000,2.300000,904.900000
-2.300000,2.400000,846.100000
-2.300000,2.500000,789.300000
-2.300000,2.600000,734.500000
-2.300000,2.700000,681.700000
-2.300000,2.800000,630.900000
-2.300000,2.900000,582.100000
-2.300000,3.000000,535.300000
-2.300000,3.100000,490.500000
-2.300000,3.200000,447.700000
-2.300000,3.300000,406.900000
-2.300000,3.400000,368.100000
-2.300000,3.500000,331.300000
-2.300000,3.600000,296.500000
-2.300000,3.700000,263.700000
-2.300000,3.800000,232.900000
-2.300000,3.900000,204.100000
-2.300000,4.000000,177.300000
-2.300000,4.100000,152.500000
-2.300000,4.200000,129.700000
-2.300000,4.300000,108.900000
-2.300000,4.400000,90.100000
-2.300000,4.500000,73.300000
-2.300000,4.600000,58.500000
-2.300000,4.700000,45.700000
-2.300000,4.800000,34.900000
-2.300000,4.900000,26.100000
-2.300000,5.000000,19.300000
-2.200000,-5.000000,9692.800000
-2.200000,-4.900000,9497.000000
-2.200000,-4.800000,9303.200000
-2.200000,-4.700000,9111.400000
-2.200000,-4.600000,8921.600000
-2.200000,-4.500000,8733.800000
-2.200000,-4.400000,8548.000000
-2.200000,-4.300000,8364.200000
-2.200000,-4.200000,8182.400000
-2.200000,-4.100000,8002.600000
-2.200000,-4.000000,7824.800000
-2.200000,-3.900000,7649.000000
-2.200000,-3.800000,7475.200000
-2.200000,-3.700000,7303.400000
-2.200000,-3.600000,7133.600000
-2.200000,-3.500000,6965.800000
-2.200000,-3.400000,6800.000000
-2.200000,-3.300000,6636.200000
-2.200000,-3.200000,6474.400000
-2.200000,-3.100000,6314.600000
-2.200000,-3.000000,6156.800000
-2.200000,-2.900000,6001.000000
-2.200000,-2.800000,5847.200000
-2.200000,-2.700000,5695.400000
-2.200000,-2.600000,5545.600000
-2.200000,-2.500000,5397.800000
-2.200000,-2.400000,5252.000000
-2.200000,-2.300000,5108.200000
-2.200000,-2.200000,4966.400000
-2.200000,-2.100000,4826.600000
-2.200000,-2.000000,4688.800000
-2.200000,-1.900000,4553.000000
-2.200000,-1.800000,4419.200000
-2.200000,-1.700000,4287.400000
-2.200000,-1.600000,4157.600000
-2.200000,-1.500000,4029.800000
-2.200000,-1.400000,3904.000000
-2.200000,-1.300000,3780.200000
-2.200000,-1.200000,3658.400000
-2.200000,-1.100000,3538.600000
-2.200000,-1.000000,3420.800000
-2.200000,-0.900000,3305.000000
-2.200000,-0.800000,3191.200000
-2.200000,-0.700000,3079.400000
-2.200000,-0.600000,2969.600000
-2.200000,-0.500000,2861.800000
-2.200000,-0.400000,2756.000000
-2.200000,-0.300000,2652.200000
-2.200000,-0.200000,2550.400000
-2.200000,-0.100000,2450.600000
-2.200000,-0.000000,2352.800000
-2.200000,0.100000,2257.000000
-2.200000,0.200000,2163.200000
-2.200000,0.300000,2071.400000
-2.200000,0.400000,1981.600000
-2.200000,0.500000,1893.800000
-2.200000,0.600000,1808.000000
-2.200000,0.700000,1724.200000
-2.200000,0.800000,1642.400000
-2.200000,0.900000,1562.600000
-2.200000,1.000000,1484.800000
-2.200000,1.100000,1409.000000
-2.200000,1.200000,1335.200000
-2.200000,1.300000,1263.400000
-2.200000,1.400000,1193.600000
-2.200000,1.500000,1125.800000
-2.200000,1.600000,1060.000000
-2.200000,1.700000,996.200000
-2.200000,1.800000,934.400000
-2.200000,1.900000,874.600000
-2.200000,2.000000,816.800000
-2.200000,2.100000,761.000000
-2.200000,2.200000,707.200000
-2.200000,2.300000,655.400000
-2.200000,2.400000,605.600000
-2.200000,2.500000,557.800000
-2.200000,2.600000,512.000000
-2.200000,2.700000,468.200000
-2.200000,2.800000,426.400000
-2.200000,2.900000,386.600000
-2.200000,3.000000,348.800000
-2.200000,3.100000,313.000000
-2.200000,3.200000,279.200000
-2.200000,3.300000,247.400000
-2.200000,3.400000,217.600000
-2.200000,3.500000,189.800000
-2.200000,3.600000,164.000000
-2.200000,3.700000,140.200000
-2.200000,3.800000,118.400000
-2.200000,3.900000,98.600000
-2.200000,4.000000,80.800000
-2.200000,4.100000,65.000000
-2.200000,4.200000,51.200000
-2.200000,4.300000,39.400000
-2.200000,4.400000,29.600000
-2.200000,4.500000,21.800000
-2.200000,4.600000,16.000000
-2.200000,4.700000,12.200000
-2.200000,4.800000,10.400000
-2.200000,4.900000,10.600000
-2.200000,5.000000,12.800000
-2.100000,-5.000000,8864.420000
-2.100000,-4.900000,8677.220000
-2.100000,-4.800000,8492.020000
-2.100000,-4.700000,8308.820000
-2.100000,-4.600000,8127.620000
-2.100000,-4.500000,7948.420000
-2.100000,-4.400000,7771.220000
-2.100000,-4.300000,7596.020000
-2.100000,-4.200000,7422.820000
-2.100000,-4.100000,7251.620000
-2.100000,-4.000000,7082.420000
-2.100000,-3.900000,6915.220000
-2.100000,-3.800000,6750.020000
-2.100000,-3.700000,6586.820000
-2.100000,-3.600000,6425.620000
-2.100000,-3.500000,6266.420000
-2.100000,-3.400000,6109.220000
-2.100000,-3.300000,5954.020000
-2.100000,-3.200000,5800.820000
-2.100000,-3.100000,5649.620000
-2.100000,-3.000000,5500.420000
-2.100000,-2.900000,5353.220000
-2.100000,-2.800000,5208.020000
-2.100000,-2.700000,5064.820000
-2.100000,-2.600000,4923.620000
-2.100000,-2.500000,4784.420000
-2.100000,-2.400000,4647.220000
-2.100000,-2.300000,4512.020000
-2.100000,-2.200000,4378.820000
-2.100000,-2.100000,4247.620000
-2.100000,-2.000000,4118.420000
-2.100000,-1.900000,3991.220000
-2.100000,-1.800000,3866.020000
-2.100000,-1.700000,3742.820000
-2.100000,-1.600000,3621.620000
-2.100000,-1.500000,3502.420000
-2.100000,-1.400000,3385.220000
-2.100000,-1.300000,3270.020000
-2.100000,-1.200000,3156.820000
-2.100000,-1.100000,3045.620000
-2.100000,-1.000000,2936.420000
-2.100000,-0.900000,2829.220000
-2.100000,-0.800000,2724.020000
-2.100000,-0.700000,2620.820000
-2.100000,-0.600000,2519.620000
-2.100000,-0.500000,2420.420000
-2.100000,-0.400000,2323.220000
-2.100000,-0.300000,2228.020000
-2.100000,-0.200000,2134.820000
-2.100000,-0.100000,2043.620000
-2.100000,-0.000000,1954.420000
-2.100000,0.100000,1867.220000
-2.100000,0.200000,1782.020000
-2.100000,0.300000,1698.820000
-2.100000,0.400000,1617.620000
-2.100000,0.500000,1538.420000
-2.100000,0.600000,1461.220000
-2.100000,0.700000,1386.020000
-2.100000,0.800000,1312.820000
-2.100000,0.900000,1241.620000
-2.100000,1.000000,1172.420000
-2.100000,1.100000,1105.220000
-2.100000,1.200000,1040.020000
-2.100000,1.300000,976.820000
-2.100000,1.400000,915.620000
-2.100000,1.500000,856.420000
-2.100000,1.600000,799.220000
-2.100000,1.700000,744.020000
-2.100000,1.800000,690.820000
-2.100000,1.900000,639.620000
-2.100000,2.000000,590.420000
-2.100000,2.100000,543.220000
-2.100000,2.200000,498.020000
-2.100000,2.300000,454.820000
-2.100000,2.400000,413.620000
-2.100000,2.500000,374.420000
-2.100000,2.600000,337.220000
-2.100000,2.700000,302.020000
-2.100000,2.800000,268.820000
-2.100000,2.900000,237.620000
-2.100000,3.000000,208.420000
-2.100000,3.100000,181.220000
-2.100000,3.200000,156.020000
-2.100000,3.300000,132.820000
-2.100000,3.400000,111.620000
-2.100000,3.500000,92.420000
-2.100000,3.600000,75.220000
-2.100000,3.700000,60.020000
-2.100000,3.800000,46.820000
-2.100000,3.900000,35.620000
-2.100000,4.000000,26.420000
-2.100000,4.100000,19.220000
-2.100000,4.200000,14.020000
-2.100000,4.300000,10.820000
-2.100000,4.400000,9.620000
-2.100000,4.500000,10.420000
-2.100000,4.600000,13.220000
-2.100000,4.700000,18.020000
-2.100000,4.800000,24.820000
-2.100000,4.900000,33.620000
-2.100000,5.000000,44.420000
-2.000000,-5.000000,8109.000000
-2.000000,-4.900000,7930.000000
-2.000000,-4.800000,7753.000000
-2.000000,-4.700000,7578.000000
-2.000000,-4.600000,7405.000000
-2.000000,-4.500000,7234.000000
-2.000000,-4.400000,7065.000000
-2.000000,-4.300000,6898.000000
-2.000000,-4.200000,6733.000000
-2.000000,-4.100000,6570.000000
-2.000000,-4.000000,6409.000000
-2.000000,-3.900000,6250.000000
-2.000000,-3.800000,6093.000000
-2.000000,-3.700000,5938.000000
-2.000000,-3.600000,5785.000000
-2.000000,-3.500000,5634.000000
-2.000000,-3.400000,5485.000000
-2.000000,-3.300000,5338.000000
-2.000000,-3.200000,5193.000000
-2.000000,-3.100000,5050.000000
-2.000000,-3.000000,4909.000000
-2.000000,-2.900000,4770.000000
-2.000000,-2.800000,4633.000000
-2.000000,-2.700000,4498.000000
-2.000000,-2.600000,4365.000000
-2.000000,-2.500000,4234.000000
-2.000000,-2.400000,4105.000000
-2.000000,-2.300000,3978.000000
-2.000000,-2.200000,3853.000000
-2.000000,-2.100000,3730.000000
-2.000000,-2.000000,3609.000000
-2.000000,-1.900000,3490.000000
-2.000000,-1.800000,3373.000000
-2.000000,-1.700000,3258.000000
-2.000000,-1.600000,3145.000000
-2.000000,-1.500000,3034.000000
-2.000000,-1.400000,2925.000000
-2.000000,-1.300000,2818.000000
-2.000000,-1.200000,2713.000000
-2.000000,-1.100000,2610.000000
-2.000000,-1.000000,2509.000000
-2.000000,-0.900000,2410.000000
-2.000000,-0.800000,2313.000000
-2.000000,-0.700000,2218.000000
-2.000000,-0.600000,2125.000000
-2.000000,-0.500000,2034.000000
-2.000000,-0.400000,1945.000000
-2.000000,-0.300000,1858.000000
-2.000000,-0.200000,1773.000000
-2.000000,-0.100000,1690.000000
-2.000000,-0.000000,1609.000000
-2.000000,0.100000,1530.000000
-2.000000,0.200000,1453.000000
-2.000000,0.300000,1378.000000
-2.000000,0.400000,1305.000000
-2.000000,0.500000,1234.000000
-2.000000,0.600000,1165.000000
-2.000000,0.700000,1098.000000
-2.000000,0.800000,1033.000000
-2.000000,0.900000,970.000000
-2.000000,1.000000,909.000000
-2.000000,1.100000,850.000000
-2.000000,1.200000,793.000000
-2.000000,1.300000,738.000000
-2.000000,1.400000,685.000000
-2.000000,1.500000,634.000000
-2.000000,1.600000,585.000000
-2.000000,1.700000,538.000000
-2.000000,1.800000,493.000000
-2.000000,1.900000,450.000000
-2.000000,2.000000,409.000000
-2.000000,2.100000,370.000000
-2.000000,2.200000,333.000000
-2.000000,2.300000,298.000000
-2.000000,2.400000,265.000000
-2.000000,2.500000,234.000000
-2.000000,2.600000,205.000000
-2.000000,2.700000,178.000000
-2.000000,2.800000,153.000000
-2.000000,2.900000,130.000000
-2.000000,3.000000,109.000000
-2.000000,3.100000,90.000000
-2.000000,3.200000,73.000000
-2.000000,3.300000,58.000000
-2.000000,3.400000,45.000000
-2.000000,3.500000,34.000000
-2.000000,3.600000,25.000000
-2.000000,3.700000,18.000000
-2.000000,3.800000,13.000000
-2.000000,3.900000,10.000000
-2.000000,4.000000,9.000000
-2.000000,4.100000,10.000000
-2.000000,4.200000,13.000000
-2.000000,4.300000,18.000000
-2.000000,4.400000,25.000000
-2.000000,4.500000,34.000000
-2.000000,4.600000,45.000000
-2.000000,4.700000,58.000000
-2.000000,4.800000,73.000000
-2.000000,4.900000,90.000000
-2.000000,5.000000,109.000000
-1.900000,-5.000000,7421.620000
-1.900000,-4.900000,7250.420000
-1.900000,-4.800000,7081.220000
-1.900000,-4.700000,6914.020000
-1.900000,-4.600000,6748.820000
-1.900000,-4.500000,6585.620000
-1.900000,-4.400000,6424.420000
-1.900000,-4.300000,6265.220000
-1.900000,-4.200000,6108.020000
-1.900000,-4.100000,5952.820000
-1.900000,-4.000000,5799.620000
-1.900000,-3.900000,5648.420000
-1.900000,-3.800000,5499.220000
-1.900000,-3.700000,5352.020000
-1.900000,-3.600000,5206.820000
-1.900000,-3.500000,5063.620000
-1.900000,-3.400000,4922.420000
-1.900000,-3.300000,4783.220000
-1.900000,-3.200000,4646.020000
-1.900000,-3.100000,4510.820000
-1.900000,-3.000000,4377.620000
-1.900000,-2.900000,4246.420000
-1.900000,-2.800000,4117.220000
-1.900000,-2.700000,3990.020000
-1.900000,-2.600000,3864.820000
-1.900000,-2.500000,3741.620000
-1.900000,-2.400000,3620.420000
-1.900000,-2.300000,3501.220000
-1.900000,-2.200000,3384.020000
-1.900000,-2.100000,3268.820000
-1.900000,-2.000000,3155.620000
-1.900000,-1.900000,3044.420000
-1.900000,-1.800000,2935.220000
-1.900000,-1.700000,2828.020000
-1.900000,-1.600000,2722.820000
-1.900000,-1.500000,2619.620000
-1.900000,-1.400000,2518.420000
-1.900000,-1.300000,2419.220000
-1.900000,-1.200000,2322.020000
-1.900000,-1.100000,2226.820000
-1.900000,-1.000000,2133.620000
-1.900000,-0.900000,2042.420000
-1.900000,-0.800000,1953.220000
-1.900000,-0.700000,1866.020000
-1.900000,-0.600000,1780.820000
-1.900000,-0.500000,1697.620000
-1.900000,-0.400000,1616.420000
-1.900000,-0.300000,1537.220000
-1.900000,-0.200000,1460.020000
-1.900000,-0.100000,1384.820000
-1.900000,-0.000000,1311.620000
-1.900000,0.100000,1240.420000
-1.900000,0.200000,1171.220000
-1.900000,0.300000,1104.020000
-1.900000,0.400000,1038.820000
-1.900000,0.500000,975.620000
-1.900000,0.600000,914.420000
-1.900000,0.700000,855.220000
-1.900000,0.800000,798.020000
-1.900000,0.900000,742.820000
-1.900000,1.000000,689.620000
-1.900000,1.100000,638.420000
-1.900000,1.200000,589.220000
-1.900000,1.300000,542.020000
-1.900000,1.400000,496.820000
-1.900000,1.500000,453.620000
-1.900000,1.600000,412.420000
-1.900000,1.700000,373.220000
-1.900000,1.800000,336.020000
-1.900000,1.900000,300.820000
-1.900000,2.000000,267.620000
-1.900000,2.100000,236.420000
-1.900000,2.200000,207.220000
-1.900000,2.300000,180.020000
-1.900000,2.400000,154.820000
-1.900000,2.500000,131.620000
-1.900000,2.600000,110.420000
-1.900000,2.700000,91.220000
-1.900000,2.800000,74.020000
-1.900000,2.900000,58.820000
-1.900000,3.000000,45.620000
-1.900000,3.100000,34.420000
-1.900000,3.200000,25.220000
-1.900000,3.300000,18.020000
-1.900000,3.400000,12.820000
-1.900000,3.500000,9.620000
-1.900000,3.600000,8.420000
-1.900000,3.700000,9.220000
-1.900000,3.800000,12.020000
-1.900000,3.900000,16.820000
-1.900000,4.000000,23.620000
-1.900000,4.100000,32.420000
-1.900000,4.200000,43.220000
-1.900000,4.300000,56.020000
-1.900000,4.400000,70.820000
-1.900000,4.500000,87.620000
-1.900000,4.600000,106.420000
-1.900000,4.700000,127.220000
-1.900000,4.800000,150.020000
-1.900000,4.900000,174.820000
-1.900000,5.000000,201.620000
-1.800000,-5.000000,6797.600000
-1.800000,-4.900000,6633.800000
-1.800000,-4.800000,6472.000000
-1.800000,-4.700000,6312.200000
-1.800000,-4.600000,6154.400000
-1.800000,-4.500000,5998.600000
-1.800000,-4.400000,5844.800000
-1.800000,-4.300000,5693.000000
-1.800000,-4.200000,5543.200000
-1.800000,-4.100000,5395.400000
-1.800000,-4.000000,5249.600000
-1.800000,-3.900000,5105.800000
-1.800000,-3.800000,4964.000000
-1.800000,-3.700000,4824.200000
-1.800000,-3.600000,4686.400000
-1.800000,-3.500000,4550.600000
-1.800000,-3.400000,4416.800000
-1.800000,-3.300000,4285.000000
-1.800000,-3.200000,4155.200000
-1.800000,-3.100000,4027.400000
-1.800000,-3.000000,3901.600000
-1.800000,-2.900000,3777.800000
-1.800000,-2.800000,3656.000000
-1.800000,-2.700000,3536.200000
-1.800000,-2.600000,3418.400000
-1.800000,-2.500000,3302.600000
-1.800000,-2.400000,3188.800000
-1.800000,-2.300000,3077.000000
-1.800000,-2.200000,2967.200000
-1.800000,-2.100000,2859.400000
-1.800000,-2.000000,2753.600000
-1.800000,-1.900000,2649.800000
-1.800000,-1.800000,2548.000000
-1.800000,-1.700000,2448.200000
-1.800000,-1.600000,2350.400000
-1.800000,-1.500000,2254.600000
-1.800000,-1.400000,2160.800000
-1.800000,-1.300000,2069.000000
-1.800000,-1.200000,1979.200000
-1.800000,-1.100000,1891.400000
-1.800000,-1.000000,1805.600000
-1.800000,-0.900000,1721.800000
-1.800000,-0.800000,1640.000000
-1.800000,-0.700000,1560.200000
-1.800000,-0.600000,1482.400000
-1.800000,-0.500000,1406.600000
-1.800000,-0.400000,1332.800000
-1.800000,-0.300000,1261.000000
-1.800000,-0.200000,1191.200000
-1.800000,-0.100000,1123.400000
-1.800000,-0.000000,1057.600000
-1.800000,0.100000,993.800000
-1.800000,0.200000,932.000000
-1.800000,0.300000,872.200000
-1.800000,0.400000,814.400000
-1.800000,0.500000,758.600000
-1.800000,0.600000,704.800000
-1.800000,0.700000,653.000000
-1.800000,0.800000,603.200000
-1.800000,0.900000,555.400000
-1.800000,1.000000,509.600000
-1.800000,1.100000,465.800000
-1.800000,1.200000,424.000000
-1.800000,1.300000,384.200000
-1.800000,1.400000,346.400000
-1.800000,1.500000,310.600000
-1.800000,1.600000,276.800000
-1.800000,1.700000,245.000000
-1.800000,1.800000,215.200000
-1.800000,1.900000,187.400000
-1.800000,2.000000,161.600000
-1.800000,2.100000,137.800000
-1.800000,2.200000,116.000000
-1.800000,2.300000,96.200000
-1.800000,2.400000,78.400000
-1.800000,2.500000,62.600000
-1.800000,2.600000,48.800000
-1.800000,2.700000,37.000000
-1.800000,2.800000,27.200000
-1.800000,2.900000,19.400000
-1.800000,3.000000,13.600000
-1.800000,3.100000,9.800000
-1.800000,3.200000,8.000000
-1.800000,3.300000,8.200000
-1.800000,3.400000,10.400000
-1.800000,3.500000,14.600000
-1.800000,3.600000,20.800000
-1.800000,3.700000,29.000000
-1.800000,3.800000,39.200000
-1.800000,3.900000,51.400000
-1.800000,4.000000,65.600000
-1.800000,4.100000,81.800000
-1.800000,4.200000,100.000000
-1.800000,4.300000,120.200000
-1.800000,4.400000,142.400000
-1.800000,4.500000,166.600000
-1.800000,4.600000,192.800000
-1.800000,4.700000,221.000000
-1.800000,4.800000,251.200000
-1.800000,4.900000,283.400000
-1.800000,5.000000,317.600000
-1.700000,-5.000000,6232.500000
-1.700000,-4.900000,6075.700000
-1.700000,-4.800000,5920.900000
-1.700000,-4.700000,5768.100000
-1.700000,-4.600000,5617.300000
-1.700000,-4.500000,5468.500000
-1.700000,-4.400000,5321.700000
-1.700000,-4.300000,5176.900000
-1.700000,-4.200000,5034.100000
-1.700000,-4.100000,4893.300000
-1.700000,-4.000000,4754.500000
-1.700000,-3.900000,4617.700000
-1.700000,-3.800000,4482.900000
-1.700000,-3.700000,4350.100000
-1.700000,-3.600000,4219.300000
-1.700000,-3.500000,4090.500000
-1.700000,-3.400000,3963.700000
-1.700000,-3.300000,3838.900000
-1.700000,-3.200000,3716.100000
-1.700000,-3.100000,3595.300000
-1.700000,-3.000000,3476.500000
-1.700000,-2.900000,3359.700000
-1.700000,-2.800000,3244.900000
-1.700000,-2.700000,3132.100000
-1.700000,-2.600000,3021.300000
-1.700000,-2.500000,2912.500000
-1.700000,-2.400000,2805.700000
-1.700000,-2.300000,2700.900000
-1.700000,-2.200000,2598.100000
-1.700000,-2.100000,2497.300000
-1.700000,-2.000000,2398.500000
-1.700000,-1.900000,2301.700000
-1.700000,-1.800000,2206.900000
-1.700000,-1.700000,2114.100000
-1.700000,-1.600000,2023.300000
-1.700000,-1.500000,1934.500000
-1.700000,-1.400000,1847.700000
-1.700000,-1.300000,1762.900000
-1.700000,-1.200000,1680.100000
-1.700000,-1.100000,1599.300000
-1.700000,-1.000000,1520.500000
-1.700000,-0.900000,1443.700000
-1.700000,-0.800000,1368.900000
-1.700000,-0.700000,1296.100000
-1.700000,-0.600000,1225.300000
-1.700000,-0.500000,1156.500000
-1.700000,-0.400000,1089.700000
-1.700000,-0.300000,1024.900000
-1.700000,-0.200000,962.100000
-1.700000,-0.100000,901.300000
-1.700000,-0.000000,842.500000
-1.700000,0.100000,785.700000
-1.700000,0.200000,730.900000
-1.700000,0.300000,678.100000
-1.700000,0.400000,627.300000
-1.700000,0.500000,578.500000
-1.700000,0.600000,531.700000
-1.700000,0.700000,486.900000
-1.700000,0.800000,444.100000
-1.700000,0.900000,403.300000
-1.700000,1.000000,364.500000
-1.700000,1.100000,327.700000
-1.700000,1.200000,292.900000
-1.700000,1.300000,260.100000
-1.700000,1.400000,229.300000
-1.700000,1.500000,200.500000
-1.700000,1.600000,173.700000
-1.700000,1.700000,148.900000
-1.700000,1.800000,126.100000
-1.700000,1.900000,105.300000
-1.700000,2.000000,86.500000
-1.700000,2.100000,69.700000
-1.700000,2.200000,54.900000
-1.700000,2.300000,42.100000
-1.700000,2.400000,31.300000
-1.700000,2.500000,22.500000
-1.700000,2.600000,15.700000
-1.700000,2.700000,10.900000
-1.700000,2.800000,8.100000
-1.700000,2.900000,7.300000
-1.700000,3.000000,8.500000
-1.700000,3.100000,11.700000
-1.700000,3.200000,16.900000
-1.700000,3.300000,24.100000
-1.700000,3.400000,33.300000
-1.700000,3.500000,44.500000
-1.700000,3.600000,57.700000
-1.700000,3.700000,72.900000
-1.700000,3.800000,90.100000
-1.700000,3.900000,109.300000
-1.700000,4.000000,130.500000
-1.700000,4.100000,153.700000
-1.700000,4.200000,178.900000
-1.700000,4.300000,206.100000
-1.700000,4.400000,235.300000
-1.700000,4.500000,266.500000
-1.700000,4.600000,299.700000
-1.700000,4.700000,334.900000
-1.700000,4.800000,372.100000
-1.700000,4.900000,411.300000
-1.700000,5.000000,452.500000
-1.600000,-5.000000,5722.120000
-1.600000,-4.900000,5571.920000
-1.600000,-4.800000,5423.720000
-1.600000,-4.700000,5277.520000
-1.600000,-4.600000,5133.320000
-1.600000,-4.500000,4991.120000
-1.600000,-4.400000,4850.920000
-1.600000,-4.300000,4712.720000
-1.600000,-4.200000,4576.520000
-1.600000,-4.100000,4442.320000
-1.600000,-4.000000,4310.120000
-1.600000,-3.900000,4179.920000
-1.600000,-3.800000,4051.720000
-1.600000,-3.700000,3925.520000
-1.600000,-3.600000,3801.320000
-1.600000,-3.500000,3679.120000
-1.600000,-3.400000,3558.920000
-1.600000,-3.300000,3440.720000
-1.600000,-3.200000,3324.520000
-1.600000,-3.100000,3210.320000
-1.600000,-3.000000,3098.120000
-1.600000,-2.900000,2987.920000
-1.600000,-2.800000,2879.720000
-1.600000,-2.700000,2773.520000
-1.600000,-2.600000,2669.320000
-1.600000,-2.500000,2567.120000
-1.600000,-2.400000,2466.920000
-1.600000,-2.300000,2368.720000
-1.600000,-2.200000,2272.520000
-1.600000,-2.100000,2178.320000
-1.600000,-2.000000,2086.120000
-1.600000,-1.900000,1995.920000
-1.600000,-1.800000,1907.720000
-1.600000,-1.700000,1821.520000
-1.600000,-1.600000,1737.320000
-1.600000,-1.500000,1655.120000
-1.600000,-1.400000,1574.920000
-1.600000,-1.300000,1496.720000
-1.600000,-1.200000,1420.520000
-1.600000,-1.100000,1346.320000
-1.600000,-1.000000,1274.120000
-1.600000,-0.900000,1203.920000
-1.600000,-0.800000,1135.720000
-1.600000,-0.700000,1069.520000
-1.600000,-0.600000,1005.320000
-1.600000,-0.500000,943.120000
-1.600000,-0.400000,882.920000
-1.600000,-0.300000,824.720000
-1.600000,-0.200000,768.520000
-1.600000,-0.100000,714.320000
-1.600000,-0.000000,662.120000
-1.600000,0.100000,611.920000
-1.600000,0.200000,563.720000
-1.600000,0.300000,517.520000
-1.600000,0.400000,473.320000
-1.600000,0.500000,431.120000
-1.600000,0.600000,390.920000
-1.600000,0.700000,352.720000
-1.600000,0.800000,316.520000
-1.600000,0.900000,282.320000
-1.600000,1.000000,250.120000
-1.600000,1.100000,219.920000
-1.600000,1.200000,191.720000
-1.600000,1.300000,165.520000
-1.600000,1.400000,141.320000
-1.600000,1.500000,119.120000
-1.600000,1.600000,98.920000
-1.600000,1.700000,80.720000
-1.600000,1.800000,64.520000
-1.600000,1.900000,50.320000
-1.600000,2.000000,38.120000
-1.600000,2.100000,27.920000
-1.600000,2.200000,19.720000
-1.600000,2.300000,13.520000
-1.600000,2.400000,9.320000
-1.600000,2.500000,7.120000
-1.600000,2.600000,6.920000
-1.600000,2.700000,8.720000
-1.600000,2.800000,12.520000
-1.600000,2.900000,18.320000
-1.600000,3.000000,26.120000
-1.600000,3.100000,35.920000
-1.600000,3.200000,47.720000
-1.600000,3.300000,61.520000
-1.600000,3.400000,77.320000
-1.600000,3.500000,95.120000
-1.600000,3.600000,114.920000
-1.600000,3.700000,136.720000
-1.600000,3.800000,160.520000
-1.600000,3.900000,186.320000
-1.600000,4.000000,214.120000
-1.600000,4.100000,243.920000
-1.600000,4.200000,275.720000
-1.600000,4.300000,309.520000
-1.600000,4.400000,345.320000
-1.600000,4.500000,383.120000
-1.600000,4.600000,422.920000
-1.600000,4.700000,464.720000
-1.600000,4.800000,508.520000
-1.600000,4.900000,554.320000
-1.600000,5.000000,602.120000
-1.500000,-5.000000,5262.500000
-1.500000,-4.900000,5118.500000
-1.500000,-4.800000,4976.500000
-1.500000,-4.700000,4836.500000
-1.500000,-4.600000,4698.500000
-1.500000,-4.500000,4562.500000
-1.500000,-4.400000,4428.500000
-1.500000,-4.300000,4296.500000
-1.500000,-4.200000,4166.500000
-1.500000,-4.100000,4038.500000
-1.500000,-4.000000,3912.500000
-1.500000,-3.900000,3788.500000
-1.500000,-3.800000,3666.500000
-1.500000,-3.700000,3546.500000
-1.500000,-3.600000,3428.500000
-1.500000,-3.500000,3312.500000
-1.500000,-3.400000,3198.500000
-1.500000,-3.300000,3086.500000
-1.500000,-3.200000,2976.500000
-1.500000,-3.100000,2868.500000
-1.500000,-3.000000,2762.500000
-1.500000,-2.900000,2658.500000
-1.500000,-2.800000,2556.500000
-1.500000,-2.700000,2456.500000
-1.500000,-2.600000,2358.500000
-1.500000,-2.500000,2262.500000
-1.500000,-2.400000,2168.500000
-1.500000,-2.300000,2076.500000
-1.500000,-2.200000,1986.500000
-1.500000,-2.100000,1898.500000
-1.500000,-2.000000,1812.500000
-1.500000,-1.900000,1728.500000
-1.500000,-1.800000,1646.500000
-1.500000,-1.700000,1566.500000
-1.500000,-1.600000,1488.500000
-1.500000,-1.500000,1412.500000
-1.500000,-1.400000,1338.500000
-1.500000,-1.300000,1266.500000
-1.500000,-1.200000,1196.500000
-1.500000,-1.100000,1128.500000
-1.500000,-1.000000,1062.500000
-1.500000,-0.900000,998.500000
-1.500000,-0.800000,936.500000
-1.500000,-0.700000,876.500000
-1.500000,-0.600000,818.500000
-1.500000,-0.500000,762.500000
-1.500000,-0.400000,708.500000
-1.500000,-0.300000,656.500000
-1.500000,-0.200000,606.500000
-1.500000,-0.100000,558.500000
-1.500000,-0.000000,512.500000
-1.500000,0.100000,468.500000
-1.500000,0.200000,426.500000
-1.500000,0.300000,386.500000
-1.500000,0.400000,348.500000
-1.500000,0.500000,312.500000
-1.500000,0.600000,278.500000
-1.500000,0.700000,246.500000
-1.500000,0.800000,216.500000
-1.500000,0.900000,188.500000
-1.500000,1.000000,162.500000
-1.500000,1.100000,138.500000
-1.500000,1.200000,116.500000
-1.500000,1.300000,96.500000
-1.500000,1.400000,78.500000
-1.500000,1.500000,62.500000
-1.500000,1.600000,48.500000
-1.500000,1.700000,36.500000
-1.500000,1.800000,26.500000
-1.500000,1.900000,18.500000
-1.500000,2.000000,12.500000
-1.500000,2.100000,8.500000
-1.500000,2.200000,6.500000
-1.500000,2.300000,6.500000
-1.500000,2.400000,8.500000
-1.500000,2.500000,12.500000
-1.500000,2.600000,18.500000
-1.500000,2.700000,26.500000
-1.500000,2.800000,36.500000
-1.500000,2.900000,48.500000
-1.500000,3.000000,62.500000
-1.500000,3.100000,78.500000
-1.500000,3.200000,96.500000
-1.500000,3.300000,116.500000
-1.500000,3.400000,138.500000
-1.500000,3.500000,162.500000
-1.500000,3.600000,188.500000
-1.500000,3.700000,216.500000
-1.500000,3.800000,246.500000
-1.500000,3.900000,278.500000
-1.500000,4.000000,312.500000
-1.500000,4.100000,348.500000
-1.500000,4.200000,386.500000
-1.500000,4.300000,426.500000
-1.500000,4.400000,468.500000
-1.500000,4.500000,512.500000
-1.500000,4.600000,558.500000
-1.500000,4.700000,606.500000
-1.500000,4.800000,656.500000
-1.500000,4.900000,708.500000
-1.500000,5.000000,762.500000
-1.400000,-5.000000,4849.920000
-1.400000,-4.900000,4711.720000
-1.400000,-4.800000,4575.520000
-1.400000,-4.700000,4441.320000
-1.400000,-4.600000,4309.120000
-1.400000,-4.500000,4178.920000
-1.400000,-4.400000,4050.720000
-1.400000,-4.300000,3924.520000
-1.400000,-4.200000,3800.320000
-1.400000,-4.100000,3678.120000
-1.400000,-4.000000,3557.920000
-1.400000,-3.900000,3439.720000
-1.400000,-3.800000,3323.520000
-1.400000,-3.700000,3209.320000
-1.400000,-3.600000,3097.120000
-1.400000,-3.500000,2986.920000
-1.400000,-3.400000,2878.720000
-1.400000,-3.300000,2772.520000
-1.400000,-3.200000,2668.320000
-1.400000,-3.100000,2566.120000
-1.400000,-3.000000,2465.920000
-1.400000,-2.900000,2367.720000
-1.400000,-2.800000,2271.520000
-1.400000,-2.700000,2177.320000
-1.400000,-2.600000,2085.120000
-1.400000,-2.500000,1994.920000
-1.400000,-2.400000,1906.720000
-1.400000,-2.300000,1820.520000
-1.400000,-2.200000,1736.320000
-1.400000,-2.100000,1654.120000
-1.400000,-2.000000,1573.920000
-1.400000,-1.900000,1495.720000
-1.400000,-1.800000,1419.520000
-1.400000,-1.700000,1345.320000
-1.400000,-1.600000,1273.120000
-1.400000,-1.500000,1202.920000
-1.400000,-1.400000,1134.720000
-1.400000,-1.300000,1068.520000
-1.400000,-1.200000,1004.320000
-1.400000,-1.100000,942.120000
-1.400000,-1.000000,881.920000
-1.400000,-0.900000,823.720000
-1.400000,-0.800000,767.520000
-1.400000,-0.700000,713.320000
-1.400000,-0.600000,661.120000
-1.400000,-0.500000,610.920000
-1.400000,-0.400000,562.720000
-1.400000,-0.300000,516.520000
-1.400000,-0.200000,472.320000
-1.400000,-0.100000,430.120000
-1.400000,-0.000000,389.920000
-1.400000,0.100000,351.720000
-1.400000,0.200000,315.520000
-1.400000,0.300000,281.320000
-1.400000,0.400000,249.120000
-1.400000,0.500000,218.920000
-1.400000,0.600000,190.720000
-1.400000,0.700000,164.520000
-1.400000,0.800000,140.320000
-1.400000,0.900000,118.120000
-1.400000,1.000000,97.920000
-1.400000,1.100000,79.720000
-1.400000,1.200000,63.520000
-1.400000,1.300000,49.320000
-1.400000,1.400000,37.120000
-1.400000,1.500000,26.920000
-1.400000,1.600000,18.720000
-1.400000,1.700000,12.520000
-1.400000,1.800000,8.320000
-1.400000,1.900000,6.120000
-1.400000,2.000000,5.920000
-1.400000,2.100000,7.720000
-1.400000,2.200000,11.520000
-1.400000,2.300000,17.320000
-1.400000,2.400000,25.120000
-1.400000,2.500000,34.920000
-1.400000,2.600000,46.720000
-1.400000,2.700000,60.520000
-1.400000,2.800000,76.320000
-1.400000,2.900000,94.120000
-1.400000,3.000000,113.920000
-1.400000,3.100000,135.720000
-1.400000,3.200000,159.520000
-1.400000,3.300000,185.320000
-1.400000,3.400000,213.120000
-1.400000,3.500000,242.920000
-1.400000,3.600000,274.720000
-1.400000,3.700000,308.520000
-1.400000,3.800000,344.320000
-1.400000,3.900000,382.120000
-1.400000,4.000000,421.920000
-1.400000,4.100000,463.720000
-1.400000,4.200000,507.520000
-1.400000,4.300000,553.320000
-1.400000,4.400000,601.120000
-1.400000,4.500000,650.920000
-1.400000,4.600000,702.720000
-1.400000,4.700000,756.520000
-1.400000,4.800000,812.320000
-1.400000,4.900000,870.120000
-1.400000,5.000000,929.920000
-1.300000,-5.000000,4480.900000
-1.300000,-4.900000,4348.100000
-1.300000,-4.800000,4217.300000
-1.300000,-4.700000,4088.500000
-1.300000,-4.600000,3961.700000
-1.300000,-4.500000,3836.900000
-1.300000,-4.400000,3714.100000
-1.300000,-4.300000,3593.300000
-1.300000,-4.200000,3474.500000
-1.300000,-4.100000,3357.700000
-1.300000,-4.000000,3242.900000
-1.300000,-3.900000,3130.100000
-1.300000,-3.800000,3019.300000
-1.300000,-3.700000,2910.500000
-1.300000,-3.600000,2803.700000
-1.300000,-3.500000,2698.900000
-1.300000,-3.400000,2596.100000
-1.300000,-3.300000,2495.300000
-1.300000,-3.200000,2396.500000
-1.300000,-3.100000,2299.700000
-1.300000,-3.000000,2204.900000
-1.300000,-2.900000,2112.100000
-1.300000,-2.800000,2021.300000
-1.300000,-2.700000,1932.500000
-1.300000,-2.600000,1845.700000
-1.300000,-2.500000,1760.900000
-1.300000,-2.400000,1678.100000
-1.300000,-2.300000,1597.300000
-1.300000,-2.200000,1518.500000
-1.300000,-2.100000,1441.700000
-1.300000,-2.000000,1366.900000
-1.300000,-1.900000,1294.100000
-1.300000,-1.800000,1223.300000
-1.300000,-1.700000,1154.500000
-1.300000,-1.600000,1087.700000
-1.300000,-1.500000,1022.900000
-1.300000,-1.400000,960.100000
-1.300000,-1.300000,899.300000
-1.300000,-1.200000,840.500000
-1.300000,-1.100000,783.700000
-1.300000,-1.000000,728.900000
-1.300000,-0.900000,676.100000
-1.300000,-0.800000,625.300000
-1.300000,-0.700000,576.500000
-1.300000,-0.600000,529.700000
-1.300000,-0.500000,484.900000
-1.300000,-0.400000,442.100000
-1.300000,-0.300000,401.300000
-1.300000,-0.200000,362.500000
-1.300000,-0.100000,325.700000
-1.300000,-0.000000,290.900000
-1.300000,0.100000,258.100000
-1.300000,0.200000,227.300000
-1.300000,0.300000,198.500000
-1.300000,0.400000,171.700000
-1.300000,0.500000,146.900000
-1.300000,0.600000,124.100000
-1.300000,0.700000,103.300000
-1.300000,0.800000,84.500000
-1.300000,0.900000,67.700000
-1.300000,1.000000,52.900000
-1.300000,1.100000,40.100000
-1.300000,1.200000,29.300000
-1.300000,1.300000,20.500000
-1.300000,1.400000,13.700000
-1.300000,1.500000,8.900000
-1.300000,1.600000,6.100000
-1.300000,1.700000,5.300000
-1.300000,1.800000,6.500000
-1.300000,1.900000,9.700000
-1.300000,2.000000,14.900000
-1.300000,2.100000,22.100000
-1.300000,2.200000,31.300000
-1.300000,2.300000,42.500000
-1.300000,2.400000,55.700000
-1.300000,2.500000,70.900000
-1.300000,2.600000,88.100000
-1.300000,2.700000,107.300000
-1.300000,2.800000,128.500000
-1.300000,2.900000,151.700000
-1.300000,3.000000,176.900000
-1.300000,3.100000,204.100000
-1.300000,3.200000,233.300000
-1.300000,3.300000,264.500000
-1.300000,3.400000,297.700000
-1.300000,3.500000,332.900000
-1.300000,3.600000,370.100000
-1.300000,3.700000,409.300000
-1.300000,3.800000,450.500000
-1.300000,3.900000,493.700000
-1.300000,4.000000,538.900000
-1.300000,4.100000,586.100000
-1.300000,4.200000,635.300000
-1.300000,4.300000,686.500000
-1.300000,4.400000,739.700000
-1.300000,4.500000,794.900000
-1.300000,4.600000,852.100000
-1.300000,4.700000,911.300000
-1.300000,4.800000,972.500000
-1.300000,4.900000,1035.700000
-1.300000,5.000000,1100.900000
-1.200000,-5.000000,4152.200000
-1.200000,-4.900000,4024.400000
-1.200000,-4.800000,3898.600000
-1.200000,-4.700000,3774.800000
-1.200000,-4.600000,3653.000000
-1.200000,-4.500000,3533.200000
-1.200000,-4.400000,3415.400000
-1.200000,-4.300000,3299.600000
-1.200000,-4.200000,3185.800000
-1.200000,-4.100000,3074.000000
-1.200000,-4.000000,2964.200000
-1.200000,-3.900000,2856.400000
-1.200000,-3.800000,2750.600000
-1.200000,-3.700000,2646.800000
-1.200000,-3.600000,2545.000000
-1.200000,-3.500000,2445.200000
-1.200000,-3.400000,2347.400000
-1.200000,-3.300000,2251.600000
-1.200000,-3.200000,2157.800000
-1.200000,-3.100000,2066.000000
-1.200000,-3.000000,1976.200000
-1.200000,-2.900000,1888.400000
-1.200000,-2.800000,1802.600000
-1.200000,-2.700000,1718.800000
-1.200000,-2.600000,1637.000000
-1.200000,-2.500000,1557.200000
-1.200000,-2.400000,1479.400000
-1.200000,-2.300000,1403.600000
-1.200000,-2.200000,1329.800000
-1.200000,-2.100000,1258.000000
-1.200000,-2.000000,1188.200000
-1.200000,-1.900000,1120.400000
-1.200000,-1.800000,1054.600000
-1.200000,-1.700000,990.800000
-1.200000,-1.600000,929.000000
-1.200000,-1.500000,869.200000
-1.200000,-1.400000,811.400000
-1.200000,-1.300000,755.600000
-1.200000,-1.200000,701.800000
-1.200000,-1.100000,650.000000
-1.200000,-1.000000,600.200000
-1.200000,-0.900000,552.400000
-1.200000,-0.800000,506.600000
-1.200000,-0.700000,462.800000
-1.200000,-0.600000,421.000000
-1.200000,-0.500000,381.200000
-1.200000,-0.400000,343.400000
-1.200000,-0.300000,307.600000
-1.200000,-0.200000,273.800000
-1.200000,-0.100000,242.000000
-1.200000,-0.000000,212.200000
-1.200000,0.100000,184.400000
-1.200000,0.200000,158.600000
-1.200000,0.300000,134.800000
-1.200000,0.400000,113.000000
-1.200000,0.500000,93.200000
-1.200000,0.600000,75.400000
-1.200000,0.700000,59.600000
-1.200000,0.800000,45.800000
-1.200000,0.900000,34.000000
-1.200000,1.000000,24.200000
-1.200000,1.100000,16.400000
-1.200000,1.200000,10.600000
-1.200000,1.300000,6.800000
-1.200000,1.400000,5.000000
-1.200000,1.500000,5.200000
-1.200000,1.600000,7.400000
-1.200000,1.700000,11.600000
-1.200000,1.800000,17.800000
-1.200000,1.900000,26.000000
-1.200000,2.000000,36.200000
-1.200000,2.100000,48.400000
-1.200000,2.200000,62.600000
-1.200000,2.300000,78.800000
-1.200000,2.400000,97.000000
-1.200000,2.500000,117.200000
-1.200000,2.600000,139.400000
-1.200000,2.700000,163.600000
-1.200000,2.800000,189.800000
-1.200000,2.900000,218.000000
-1.200000,3.000000,248.200000
-1.200000,3.100000,280.400000
-1.200000,3.200000,314.600000
-1.200000,3.300000,350.800000
-1.200000,3.400000,389.000000
-1.200000,3.500000,429.200000
-1.200000,3.600000,471.400000
-1.200000,3.700000,515.600000
-1.200000,3.800000,561.800000
-1.200000,3.900000,610.000000
-1.200000,4.000000,660.200000
-1.200000,4.100000,712.400000
-1.200000,4.200000,766.600000
-1.200000,4.300000,822.800000
-1.200000,4.400000,881.000000
-1.200000,4.500000,941.200000
-1.200000,4.600000,1003.400000
-1.200000,4.700000,1067.600000
-1.200000,4.800000,1133.800000
-1.200000,4.900000,1202.000000
-1.200000,5.000000,1272.200000
-1.100000,-5.000000,3860.820000
-1.100000,-4.900000,3737.620000
-1.100000,-4.800000,3616.420000
-1.100000,-4.700000,3497.220000
-1.100000,-4.600000,3380.020000
-1.100000,-4.500000,3264.820000
-1.100000,-4.400000,3151.620000
-1.100000,-4.300000,3040.420000
-1.100000,-4.200000,2931.220000
-1.100000,-4.100000,2824.020000
-1.100000,-4.000000,2718.820000
-1.100000,-3.900000,2615.620000
-1.100000,-3.800000,2514.420000
-1.100000,-3.700000,2415.220000
-1.100000,-3.600000,2318.020000
-1.100000,-3.500000,2222.820000
-1.100000,-3.400000,2129.620000
-1.100000,-3.300000,2038.420000
-1.100000,-3.200000,1949.220000
-1.100000,-3.100000,1862.020000
-1.100000,-3.000000,1776.820000
-1.100000,-2.900000,1693.620000
-1.100000,-2.800000,1612.420000
-1.100000,-2.700000,1533.220000
-1.100000,-2.600000,1456.020000
-1.100000,-2.500000,1380.820000
-1.100000,-2.400000,1307.620000
-1.100000,-2.300000,1236.420000
-1.100000,-2.200000,1167.220000
-1.100000,-2.100000,1100.020000
-1.100000,-2.000000,1034.820000
-1.100000,-1.900000,971.620000
-1.100000,-1.800000,910.420000
-1.100000,-1.700000,851.220000
-1.100000,-1.600000,794.020000
-1.100000,-1.500000,738.820000
-1.100000,-1.400000,685.620000
-1.100000,-1.300000,634.420000
-1.100000,-1.200000,585.220000
-1.100000,-1.100000,538.020000
-1.100000,-1.000000,492.820000
-1.100000,-0.900000,449.620000
-1.100000,-0.800000,408.420000
-1.100000,-0.700000,369.220000
-1.100000,-0.600000,332.020000
-1.100000,-0.500000,296.820000
-1.100000,-0.400000,263.620000
-1.100000,-0.300000,232.420000
-1.100000,-0.200000,203.220000
-1.100000,-0.100000,176.020000
-1.100000,-0.000000,150.820000
-1.100000,0.100000,127.620000
-1.100000,0.200000,106.420000
-1.100000,0.300000,87.220000
-1.100000,0.400000,70.020000
-1.100000,0.500000,54.820000
-1.100000,0.600000,41.620000
-1.100000,0.700000,30.420000
-1.100000,0.800000,21.220000
-1.100000,0.900000,14.020000
-1.100000,1.000000,8.820000
-1.100000,1.100000,5.620000
-1.100000,1.200000,4.420000
-1.100000,1.300000,5.220000
-1.100000,1.400000,8.020000
-1.100000,1.500000,12.820000
-1.100000,1.600000,19.620000
-1.100000,1.700000,28.420000
-1.100000,1.800000,39.220000
-1.100000,1.900000,52.020000
-1.100000,2.000000,66.820000
-1.100000,2.100000,83.620000
-1.100000,2.200000,102.420000
-1.100000,2.300000,123.220000
-1.100000,2.400000,146.020000
-1.100000,2.500000,170.820000
-1.100000,2.600000,197.620000
-1.100000,2.700000,226.420000
-1.100000,2.800000,257.220000
-1.100000,2.900000,290.020000
-1.100000,3.000000,324.820000
-1.100000,3.100000,361.620000
-1.100000,3.200000,400.420000
-1.100000,3.300000,441.220000
-1.100000,3.400000,484.020000
-1.100000,3.500000,528.820000
-1.100000,3.600000,575.620000
-1.100000,3.700000,624.420000
-1.100000,3.800000,675.220000
-1.100000,3.900000,728.020000
-1.100000,4.000000,782.820000
-1.100000,4.100000,839.620000
-1.100000,4.200000,898.420000
-1.100000,4.300000,959.220000
-1.100000,4.400000,1022.020000
-1.100000,4.500000,1086.820000
-1.100000,4.600000,1153.620000
-1.100000,4.700000,1222.420000
-1.100000,4.800000,1293.220000
-1.100000,4.900000,1366.020000
-1.100000,5.000000,1440.820000
-1.000000,-5.000000,3604.000000
-1.000000,-4.900000,3485.000000
-1.000000,-4.800000,3368.000000
-1.000000,-4.700000,3253.000000
-1.000000,-4.600000,3140.000000
-1.000000,-4.500000,3029.000000
-1.000000,-4.400000,2920.000000
-1.000000,-4.300000,2813.000000
-1.000000,-4.200000,2708.000000
-1.000000,-4.100000,2605.000000
-1.000000,-4.000000,2504.000000
-1.000000,-3.900000,2405.000000
-1.000000,-3.800000,2308.000000
-1.000000,-3.700000,2213.000000
-1.000000,-3.600000,2120.000000
-1.000000,-3.500000,2029.000000
-1.000000,-3.400000,1940.000000
-1.000000,-3.300000,1853.000000
-1.000000,-3.200000,1768.000000
-1.000000,-3.100000,1685.000000
-1.000000,-3.000000,1604.000000
-1.000000,-2.900000,1525.000000
-1.000000,-2.800000,1448.000000
-1.000000,-2.700000,1373.000000
-1.000000,-2.600000,1300.000000
-1.000000,-2.500000,1229.000000
-1.000000,-2.400000,1160.000000
-1.000000,-2.300000,1093.000000
-1.000000,-2.200000,1028.000000
-1.000000,-2.100000,965.000000
-1.000000,-2.000000,904.000000
-1.000000,-1.900000,845.000000
-1.000000,-1.800000,788.000000
-1.000000,-1.700000,733.000000
-1.000000,-1.600000,680.000000
-1.000000,-1.500000,629.000000
-1.000000,-1.400000,580.000000
-1.000000,-1.300000,533.000000
-1.000000,-1.200000,488.000000
-1.000000,-1.100000,445.000000
-1.000000,-1.000000,404.000000
-1.000000,-0.900000,365.000000
-1.000000,-0.800000,328.000000
-1.000000,-0.700000,293.000000
-1.000000,-0.600000,260.000000
-1.000000,-0.500000,229.000000
-1.000000,-0.400000,200.000000
-1.000000,-0.300000,173.000000
-1.000000,-0.200000,148.000000
-1.000000,-0.100000,125.000000
-1.000000,-0.000000,104.000000
-1.000000,0.100000,85.000000
-1.000000,0.200000,68.000000
-1.000000,0.300000,53.000000
-1.000000,0.400000,40.000000
-1.000000,0.500000,29.000000
-1.000000,0.600000,20.000000
-1.000000,0.700000,13.000000
-1.000000,0.800000,8.000000
-1.000000,0.900000,5.000000
-1.000000,1.000000,4.000000
-1.000000,1.100000,5.000000
-1.000000,1.200000,8.000000
-1.000000,1.300000,13.000000
-1.000000,1.400000,20.000000
-1.000000,1.500000,29.000000
-1.000000,1.600000,40.000000
-1.000000,1.700000,53.000000
-1.000000,1.800000,68.000000
-1.000000,1.900000,85.000000
-1.000000,2.000000,104.000000
-1.000000,2.100000,125.000000
-1.000000,2.200000,148.000000
-1.000000,2.300000,173.000000
-1.000000,2.400000,200.000000
-1.000000,2.500000,229.000000
-1.000000,2.600000,260.000000
-1.000000,2.700000,293.000000
-1.000000,2.800000,328.000000
-1.000000,2.900000,365.000000
-1.000000,3.000000,404.000000
-1.000000,3.100000,445.000000
-1.000000,3.200000,488.000000
-1.000000,3.300000,533.000000
-1.000000,3.400000,580.000000
-1.000000,3.500000,629.000000
-1.000000,3.600000,680.000000
-1.000000,3.700000,733.000000
-1.000000,3.800000,788.000000
-1.000000,3.900000,845.000000
-1.000000,4.000000,904.000000
-1.000000,4.100000,965.000000
-1.000000,4.200000,1028.000000
-1.000000,4.300000,1093.000000
-1.000000,4.400000,1160.000000
-1.000000,4.500000,1229.000000
-1.000000,4.600000,1300.000000
-1.000000,4.700000,1373.000000
-1.000000,4.800000,1448.000000
-1.000000,4.900000,1525.000000
-1.000000,5.000000,1604.000000
-0.900000,-5.000000,3379.220000
-0.900000,-4.900000,3264.020000
-0.900000,-4.800000,3150.820000
-0.900000,-4.700000,3039.620000
-0.900000,-4.600000,2930.420000
-0.900000,-4.500000,2823.220000
-0.900000,-4.400000,2718.020000
-0.900000,-4.300000,2614.820000
-0.900000,-4.200000,2513.620000
-0.900000,-4.100000,2414.420000
-0.900000,-4.000000,2317.220000
-0.900000,-3.900000,2222.020000
-0.900000,-3.800000,2128.820000
-0.900000,-3.700000,2037.620000
-0.900000,-3.600000,1948.420000
-0.900000,-3.500000,1861.220000
-0.900000,-3.400000,1776.020000
-0.900000,-3.300000,1692.820000
-0.900000,-3.200000,1611.620000
-0.900000,-3.100000,1532.420000
-0.900000,-3.000000,1455.220000
-0.900000,-2.900000,1380.020000
-0.900000,-2.800000,1306.820000
-0.900000,-2.700000,1235.620000
-0.900000,-2.600000,1166.420000
-0.900000,-2.500000,1099.220000
-0.900000,-2.400000,1034.020000
-0.900000,-2.300000,970.820000
-0.900000,-2.200000,909.620000
-0.900000,-2.100000,850.420000
-0.900000,-2.000000,793.220000
-0.900000,-1.900000,738.020000
-0.900000,-1.800000,684.820000
-0.900000,-1.700000,633.620000
-0.900000,-1.600000,584.420000
-0.900000,-1.500000,537.220000
-0.900000,-1.400000,492.020000
-0.900000,-1.300000,448.820000
-0.900000,-1.200000,407.620000
-0.900000,-1.100000,368.420000
-0.900000,-1.000000,331.220000
-0.900000,-0.900000,296.020000
-0.900000,-0.800000,262.820000
-0.900000,-0.700000,231.620000
-0.900000,-0.600000,202.420000
-0.900000,-0.500000,175.220000
-0.900000,-0.400000,150.020000
-0.900000,-0.300000,126.820000
-0.900000,-0.200000,105.620000
-0.900000,-0.100000,86.420000
-0.900000,-0.000000,69.220000
-0.900000,0.100000,54.020000
-0.900000,0.200000,40.820000
-0.900000,0.300000,29.620000
-0.900000,0.400000,20.420000
-0.900000,0.500000,13.220000
-0.900000,0.600000,8.020000
-0.900000,0.700000,4.820000
-0.900000,0.800000,3.620000
-0.900000,0.900000,4.420000
-0.900000,1.000000,7.220000
-0.900000,1.100000,12.020000
-0.900000,1.200000,18.820000
-0.900000,1.300000,27.620000
-0.900000,1.400000,38.420000
-0.900000,1.500000,51.220000
-0.900000,1.600000,66.020000
-0.900000,1.700000,82.820000
-0.900000,1.800000,101.620000
-0.900000,1.900000,122.420000
-0.900000,2.000000,145.220000
-0.900000,2.100000,170.020000
-0.900000,2.200000,196.820000
-0.900000,2.300000,225.620000
-0.900000,2.400000,256.420000
-0.900000,2.500000,289.220000
-0.900000,2.600000,324.020000
-0.900000,2.700000,360.820000
-0.900000,2.800000,399.620000
-0.900000,2.900000,440.420000
-0.900000,3.000000,483.220000
-0.900000,3.100000,528.020000
-0.900000,3.200000,574.820000
-0.900000,3.300000,623.620000
-0.900000,3.400000,674.420000
-0.900000,3.500000,727.220000
-0.900000,3.600000,782.020000
-0.900000,3.700000,838.820000
-0.900000,3.800000,897.620000
-0.900000,3.900000,958.420000
-0.900000,4.000000,1021.220000
-0.900000,4.100000,1086.020000
-0.900000,4.200000,1152.820000
-0.900000,4.300000,1221.620000
-0.900000,4.400000,1292.420000
-0.900000,4.500000,1365.220000
-0.900000,4.600000,1440.020000
-0.900000,4.700000,1516.820000
-0.900000,4.800000,1595.620000
-0.900000,4.900000,1676.420000
-0.900000,5.000000,1759.220000
-0.800000,-5.000000,3184.200000
-0.800000,-4.900000,3072.400000
-0.800000,-4.800000,2962.600000
-0.800000,-4.700000,2854.800000
-0.800000,-4.600000,2749.000000
-0.800000,-4.500000,2645.200000
-0.800000,-4.400000,2543.400000
-0.800000,-4.300000,2443.600000
-0.800000,-4.200000,2345.800000
-0.800000,-4.100000,2250.000000
-0.800000,-4.000000,2156.200000
-0.800000,-3.900000,2064.400000
-0.800000,-3.800000,1974.600000
-0.800000,-3.700000,1886.800000
-0.800000,-3.600000,1801.000000
-0.800000,-3.500000,1717.200000
-0.800000,-3.400000,1635.400000
-0.800000,-3.300000,1555.600000
-0.800000,-3.200000,1477.800000
-0.800000,-3.100000,1402.000000
-0.800000,-3.000000,1328.200000
-0.800000,-2.900000,1256.400000
-0.800000,-2.800000,1186.600000
-0.800000,-2.700000,1118.800000
-0.800000,-2.600000,1053.000000
-0.800000,-2.500000,989.200000
-0.800000,-2.400000,927.400000
-0.800000,-2.300000,867.600000
-0.800000,-2.200000,809.800000
-0.800000,-2.100000,754.000000
-0.800000,-2.000000,700.200000
-0.800000,-1.900000,648.400000
-0.800000,-1.800000,598.600000
-0.800000,-1.700000,550.800000
-0.800000,-1.600000,505.000000
-0.800000,-1.500000,461.200000
-0.800000,-1.400000,419.400000
-0.800000,-1.300000,379.600000
-0.800000,-1.200000,341.800000
-0.800000,-1.100000,306.000000
-0.800000,-1.000000,272.200000
-0.800000,-0.900000,240.400000
-0.800000,-0.800000,210.600000
-0.800000,-0.700000,182.800000
-0.800000,-0.600000,157.000000
-0.800000,-0.500000,133.200000
-0.800000,-0.400000,111.400000
-0.800000,-0.300000,91.600000
-0.800000,-0.200000,73.800000
-0.800000,-0.100000,58.000000
-0.800000,-0.000000,44.200000
-0.800000,0.100000,32.400000
-0.800000,0.200000,22.600000
-0.800000,0.300000,14.800000
-0.800000,0.400000,9.000000
-0.800000,0.500000,5.200000
-0.800000,0.600000,3.400000
-0.800000,0.700000,3.600000
-0.800000,0.800000,5.800000
-0.800000,0.900000,10.000000
-0.800000,1.000000,16.200000
-0.800000,1.100000,24.400000
-0.800000,1.200000,34.600000
-0.800000,1.300000,46.800000
-0.800000,1.400000,61.000000
-0.800000,1.500000,77.200000
-0.800000,1.600000,95.400000
-0.800000,1.700000,115.600000
-0.800000,1.800000,137.800000
-0.800000,1.900000,162.000000
-0.800000,2.000000,188.200000
-0.800000,2.100000,216.400000
-0.800000,2.200000,246.600000
-0.800000,2.300000,278.800000
-0.800000,2.400000,313.000000
-0.800000,2.500000,349.200000
-0.800000,2.600000,387.400000
-0.800000,2.700000,427.600000
-0.800000,2.800000,469.800000
-0.800000,2.900000,514.000000
-0.800000,3.000000,560.200000
-0.800000,3.100000,608.400000
-0.800000,3.200000,658.600000
-0.800000,3.300000,710.800000
-0.800000,3.400000,765.000000
-0.800000,3.500000,821.200000
-0.800000,3.600000,879.400000
-0.800000,3.700000,939.600000
-0.800000,3.800000,1001.800000
-0.800000,3.900000,1066.000000
-0.800000,4.000000,1132.200000
-0.800000,4.100000,1200.400000
-0.800000,4.200000,1270.600000
-0.800000,4.300000,1342.800000
-0.800000,4.400000,1417.000000
-0.800000,4.500000,1493.200000
-0.800000,4.600000,1571.400000
-0.800000,4.700000,1651.600000
-0.800000,4.800000,1733.800000
-0.800000,4.900000,1818.000000
-0.800000,5.000000,1904.200000
-0.700000,-5.000000,3016.900000
-0.700000,-4.900000,2908.100000
-0.700000,-4.800000,2801.300000
-0.700000,-4.700000,2696.500000
-0.700000,-4.600000,2593.700000
-0.700000,-4.500000,2492.900000
-0.700000,-4.400000,2394.100000
-0.700000,-4.300000,2297.300000
-0.700000,-4.200000,2202.500000
-0.700000,-4.100000,2109.700000
-0.700000,-4.000000,2018.900000
-0.700000,-3.900000,1930.100000
-0.700000,-3.800000,1843.300000
-0.700000,-3.700000,1758.500000
-0.700000,-3.600000,1675.700000
-0.700000,-3.500000,1594.900000
-0.700000,-3.400000,1516.100000
-0.700000,-3.300000,1439.300000
-0.700000,-3.200000,1364.500000
-0.700000,-3.100000,1291.700000
-0.700000,-3.000000,1220.900000
-0.700000,-2.900000,1152.100000
-0.700000,-2.800000,1085.300000
-0.700000,-2.700000,1020.500000
-0.700000,-2.600000,957.700000
-0.700000,-2.500000,896.900000
-0.700000,-2.400000,838.100000
-0.700000,-2.300000,781.300000
-0.700000,-2.200000,726.500000
-0.700000,-2.100000,673.700000
-0.700000,-2.000000,622.900000
-0.700000,-1.900000,574.100000
-0.700000,-1.800000,527.300000
-0.700000,-1.700000,482.500000
-0.700000,-1.600000,439.700000
-0.700000,-1.500000,398.900000
-0.700000,-1.400000,360.100000
-0.700000,-1.300000,323.300000
-0.700000,-1.200000,288.500000
-0.700000,-1.100000,255.700000
-0.700000,-1.000000,224.900000
-0.700000,-0.900000,196.100000
-0.700000,-0.800000,169.300000
-0.700000,-0.700000,144.500000
-0.700000,-0.600000,121.700000
-0.700000,-0.500000,100.900000
-0.700000,-0.400000,82.100000
-0.700000,-0.300000,65.300000
-0.700000,-0.200000,50.500000
-0.700000,-0.100000,37.700000
-0.700000,-0.000000,26.900000
-0.700000,0.100000,18.100000
-0.700000,0.200000,11.300000
-0.700000,0.300000,6.500000
-0.700000,0.400000,3.700000
-0.700000,0.500000,2.900000
-0.700000,0.600000,4.100000
-0.700000,0.700000,7.300000
-0.700000,0.800000,12.500000
-0.700000,0.900000,19.700000
-0.700000,1.000000,28.900000
-0.700000,1.100000,40.100000
-0.700000,1.200000,53.300000
-0.700000,1.300000,68.500000
-0.700000,1.400000,85.700000
-0.700000,1.500000,104.900000
-0.700000,1.600000,126.100000
-0.700000,1.700000,149.300000
-0.700000,1.800000,174.500000
-0.700000,1.900000,201.700000
-0.700000,2.000000,230.900000
-0.700000,2.100000,262.100000
-0.700000,2.200000,295.300000
-0.700000,2.300000,330.500000
-0.700000,2.400000,367.700000
-0.700000,2.500000,406.900000
-0.700000,2.600000,448.100000
-0.700000,2.700000,491.300000
-0.700000,2.800000,536.500000
-0.700000,2.900000,583.700000
-0.700000,3.000000,632.900000
-0.700000,3.100000,684.100000
-0.700000,3.200000,737.300000
-0.700000,3.300000,792.500000
-0.700000,3.400000,849.700000
-0.700000,3.500000,908.900000
-0.700000,3.600000,970.100000
-0.700000,3.700000,1033.300000
-0.700000,3.800000,1098.500000
-0.700000,3.900000,1165.700000
-0.700000,4.000000,1234.900000
-0.700000,4.100000,1306.100000
-0.700000,4.200000,1379.300000
-0.700000,4.300000,1454.500000
-0.700000,4.400000,1531.700000
-0.700000,4.500000,1610.900000
-0.700000,4.600000,1692.100000
-0.700000,4.700000,1775.300000
-0.700000,4.800000,1860.500000
-0.700000,4.900000,1947.700000
-0.700000,5.000000,2036.900000
-0.600000,-5.000000,2875.520000
-0.600000,-4.900000,2769.320000
-0.600000,-4.800000,2665.120000
-0.600000,-4.700000,2562.920000
-0.600000,-4.600000,2462.720000
-0.600000,-4.500000,2364.520000
-0.600000,-4.400000,2268.320000
-0.600000,-4.300000,2174.120000
-0.600000,-4.200000,2081.920000
-0.600000,-4.100000,1991.720000
-0.600000,-4.000000,1903.520000
-0.600000,-3.900000,1817.320000
-0.600000,-3.800000,1733.120000
-0.600000,-3.700000,1650.920000
-0.600000,-3.600000,1570.720000
-0.600000,-3.500000,1492.520000
-0.600000,-3.400000,1416.320000
-0.600000,-3.300000,1342.120000
-0.600000,-3.200000,1269.920000
-0.600000,-3.100000,1199.720000
-0.600000,-3.000000,1131.520000
-0.600000,-2.900000,1065.320000
-0.600000,-2.800000,1001.120000
-0.600000,-2.700000,938.920000
-0.600000,-2.600000,878.720000
-0.600000,-2.500000,820.520000
-0.600000,-2.400000,764.320000
-0.600000,-2.300000,710.120000
-0.600000,-2.200000,657.920000
-0.600000,-2.100000,607.720000
-0.600000,-2.000000,559.520000
-0.600000,-1.900000,513.320000
-0.600000,-1.800000,469.120000
-0.600000,-1.700000,426.920000
-0.600000,-1.600000,386.720000
-0.600000,-1.500000,348.520000
-0.600000,-1.400000,312.320000
-0.600000,-1.300000,278.120000
-0.600000,-1.200000,245.920000
-0.600000,-1.100000,215.720000
-0.600000,-1.000000,187.520000
-0.600000,-0.900000,161.320000
-0.600000,-0.800000,137.120000
-0.600000,-0.700000,114.920000
-0.600000,-0.600000,94.720000
-0.600000,-0.500000,76.520000
-0.600000,-0.400000,60.320000
-0.600000,-0.300000,46.120000
-0.600000,-0.200000,33.920000
-0.600000,-0.100000,23.720000
-0.600000,-0.000000,15.520000
-0.600000,0.100000,9.320000
-0.600000,0.200000,5.120000
-0.600000,0.300000,2.920000
-0.600000,0.400000,2.720000
-0.600000,0.500000,4.520000
-0.600000,0.600000,8.320000
-0.600000,0.700000,14.120000
-0.600000,0.800000,21.920000
-0.600000,0.900000,31.720000
-0.600000,1.000000,43.520000
-0.600000,1.100000,57.320000
-0.600000,1.200000,73.120000
-0.600000,1.300000,90.920000
-0.600000,1.400000,110.720000
-0.600000,1.500000,132.520000
-0.600000,1.600000,156.320000
-0.600000,1.700000,182.120000
-0.600000,1.800000,209.920000
-0.600000,1.900000,239.720000
-0.600000,2.000000,271.520000
-0.600000,2.100000,305.320000
-0.600000,2.200000,341.120000
-0.600000,2.300000,378.920000
-0.600000,2.400000,418.720000
-0.600000,2.500000,460.520000
-0.600000,2.600000,504.320000
-0.600000,2.700000,550.120000
-0.600000,2.800000,597.920000
-0.600000,2.900000,647.720000
-0.600000,3.000000,699.520000
-0.600000,3.100000,753.320000
-0.600000,3.200000,809.120000
-0.600000,3.300000,866.920000
-0.600000,3.400000,926.720000
-0.600000,3.500000,988.520000
-0.600000,3.600000,1052.320000
-0.600000,3.700000,1118.120000
-0.600000,3.800000,1185.920000
-0.600000,3.900000,1255.720000
-0.600000,4.000000,1327.520000
-0.600000,4.100000,1401.320000
-0.600000,4.200000,1477.120000
-0.600000,4.300000,1554.920000
-0.600000,4.400000,1634.720000
-0.600000,4.500000,1716.520000
-0.600000,4.600000,1800.320000
-0.600000,4.700000,1886.120000
-0.600000,4.800000,1973.920000
-0.600000,4.900000,2063.720000
-0.600000,5.000000,2155.520000
-0.500000,-5.000000,2758.500000
-0.500000,-4.900000,2654.500000
-0.500000,-4.800000,2552.500000
-0.500000,-4.700000,2452.500000
-0.500000,-4.600000,2354.500000
-0.500000,-4.500000,2258.500000
-0.500000,-4.400000,2164.500000
-0.500000,-4.300000,2072.500000
-0.500000,-4.200000,1982.500000
-0.500000,-4.100000,1894.500000
-0.500000,-4.000000,1808.500000
-0.500000,-3.900000,1724.500000
-0.500000,-3.800000,1642.500000
-0.500000,-3.700000,1562.500000
-0.500000,-3.600000,1484.500000
-0.500000,-3.500000,1408.500000
-0.500000,-3.400000,1334.500000
-0.500000,-3.300000,1262.500000
-0.500000,-3.200000,1192.500000
-0.500000,-3.100000,1124.500000
-0.500000,-3.000000,1058.500000
-0.500000,-2.900000,994.500000
-0.500000,-2.800000,932.500000
-0.500000,-2.700000,872.500000
-0.500000,-2.600000,814.500000
-0.500000,-2.500000,758.500000
-0.500000,-2.400000,704.500000
-0.500000,-2.300000,652.500000
-0.500000,-2.200000,602.500000
-0.500000,-2.100000,554.500000
-0.500000,-2.000000,508.500000
-0.500000,-1.900000,464.500000
-0.500000,-1.800000,422.500000
-0.500000,-1.700000,382.500000
-0.500000,-1.600000,344.500000
-0.500000,-1.500000,308.500000
-0.500000,-1.400000,274.500000
-0.500000,-1.300000,242.500000
-0.500000,-1.200000,212.500000
-0.500000,-1.100000,184.500000
-0.500000,-1.000000,158.500000
-0.500000,-0.900000,134.500000
-0.500000,-0.800000,112.500000
-0.500000,-0.700000,92.500000
-0.500000,-0.600000,74.500000
-0.500000,-0.500000,58.500000
-0.500000,-0.400000,44.500000
-0.500000,-0.300000,32.500000
-0.500000,-0.200000,22.500000
-0.500000,-0.100000,14.500000
-0.500000,-0.000000,8.500000
-0.500000,0.100000,4.500000
-0.500000,0.200000,2.500000
-0.500000,0.300000,2.500000
-0.500000,0.400000,4.500000
-0.500000,0.500000,8.500000
-0.500000,0.600000,14.500000
-0.500000,0.700000,22.500000
-0.500000,0.800000,32.500000
-0.500000,0.900000,44.500000
-0.500000,1.000000,58.500000
-0.500000,1.100000,74.500000
-0.500000,1.200000,92.500000
-0.500000,1.300000,112.500000
-0.500000,1.400000,134.500000
-0.500000,1.500000,158.500000
-0.500000,1.600000,184.500000
-0.500000,1.700000,212.500000
-0.500000,1.800000,242.500000
-0.500000,1.900000,274.500000
-0.500000,2.000000,308.500000
-0.500000,2.100000,344.500000
-0.500000,2.200000,382.500000
-0.500000,2.300000,422.500000
-0.500000,2.400000,464.500000
-0.500000,2.500000,508.500000
-0.500000,2.600000,554.500000
-0.500000,2.700000,602.500000
-0.500000,2.800000,652.500000
-0.500000,2.900000,704.500000
-0.500000,3.000000,758.500000
-0.500000,3.100000,814.500000
-0.500000,3.200000,872.500000
-0.500000,3.300000,932.500000
-0.500000,3.400000,994.500000
-0.500000,3.500000,1058.500000
-0.500000,3.600000,1124.500000
-0.500000,3.700000,1192.500000
-0.500000,3.800000,1262.500000
-0.500000,3.900000,1334.500000
-0.500000,4.000000,1408.500000
-0.500000,4.100000,1484.500000
-0.500000,4.200000,1562.500000
-0.500000,4.300000,1642.500000
-0.500000,4.400000,1724.500000
-0.500000,4.500000,1808.500000
-0.500000,4.600000,1894.500000
-0.500000,4.700000,1982.500000
-0.500000,4.800000,2072.500000
-0.500000,4.900000,2164.500000
-0.500000,5.000000,2258.500000
-0.400000,-5.000000,2664.520000
-0.400000,-4.900000,2562.320000
-0.400000,-4.800000,2462.120000
-0.400000,-4.700000,2363.920000
-0.400000,-4.600000,2267.720000
-0.400000,-4.500000,2173.520000
-0.400000,-4.400000,2081.320000
-0.400000,-4.300000,1991.120000
-0.400000,-4.200000,1902.920000
-0.400000,-4.100000,1816.720000
-0.400000,-4.000000,1732.520000
-0.400000,-3.900000,1650.320000
-0.400000,-3.800000,1570.120000
-0.400000,-3.700000,1491.920000
-0.400000,-3.600000,1415.720000
-0.400000,-3.500000,1341.520000
-0.400000,-3.400000,1269.320000
-0.400000,-3.300000,1199.120000
-0.400000,-3.200000,1130.920000
-0.400000,-3.100000,1064.720000
-0.400000,-3.000000,1000.520000
-0.400000,-2.900000,938.320000
-0.400000,-2.800000,878.120000
-0.400000,-2.700000,819.920000
-0.400000,-2.600000,763.720000
-0.400000,-2.500000,709.520000
-0.400000,-2.400000,657.320000
-0.400000,-2.300000,607.120000
-0.400000,-2.200000,558.920000
-0.400000,-2.100000,512.720000
-0.400000,-2.000000,468.520000
-0.400000,-1.900000,426.320000
-0.400000,-1.800000,386.120000
-0.400000,-1.700000,347.920000
-0.400000,-1.600000,311.720000
-0.400000,-1.500000,277.520000
-0.400000,-1.400000,245.320000
-0.400000,-1.300000,215.120000
-0.400000,-1.200000,186.920000
-0.400000,-1.100000,160.720000
-0.400000,-1.000000,136.520000
-0.400000,-0.900000,114.320000
-0.400000,-0.800000,94.120000
-0.400000,-0.700000,75.920000
-0.400000,-0.600000,59.720000
-0.400000,-0.500000,45.520000
-0.400000,-0.400000,33.320000
-0.400000,-0.300000,23.120000
-0.400000,-0.200000,14.920000
-0.400000,-0.100000,8.720000
-0.400000,-0.000000,4.520000
-0.400000,0.100000,2.320000
-0.400000,0.200000,2.120000
-0.400000,0.300000,3.920000
-0.400000,0.400000,7.720000
-0.400000,0.500000,13.520000
-0.400000,0.600000,21.320000
-0.400000,0.700000,31.120000
-0.400000,0.800000,42.920000
-0.400000,0.900000,56.720000
-0.400000,1.000000,72.520000
-0.400000,1.100000,90.320000
-0.400000,1.200000,110.120000
-0.400000,1.300000,131.920000
-0.400000,1.400000,155.720000
-0.400000,1.500000,181.520000
-0.400000,1.600000,209.320000
-0.400000,1.700000,239.120000
-0.400000,1.800000,270.920000
-0.400000,1.900000,304.720000
-0.400000,2.000000,340.520000
-0.400000,2.100000,378.320000
-0.400000,2.200000,418.120000
-0.400000,2.300000,459.920000
-0.400000,2.400000,503.720000
-0.400000,2.500000,549.520000
-0.400000,2.600000,597.320000
-0.400000,2.700000,647.120000
-0.400000,2.800000,698.920000
-0.400000,2.900000,752.720000
-0.400000,3.000000,808.520000
-0.400000,3.100000,866.320000
-0.400000,3.200000,926.120000
-0.400000,3.300000,987.920000
-0.400000,3.400000,1051.720000
-0.400000,3.500000,1117.520000
-0.400000,3.600000,1185.320000
-0.400000,3.700000,1255.120000
-0.400000,3.800000,1326.920000
-0.400000,3.900000,1400.720000
-0.400000,4.000000,1476.520000
-0.400000,4.100000,1554.320000
-0.400000,4.200000,1634.120000
-0.400000,4.300000,1715.920000
-0.400000,4.400000,1799.720000
-0.400000,4.500000,1885.520000
-0.400000,4.600000,1973.320000
-0.400000,4.700000,2063.120000
-0.400000,4.800000,2154.920000
-0.400000,4.900000,2248.720000
-0.400000,5.000000,2344.520000
-0.300000,-5.000000,2592.500000
-0.300000,-4.900000,2491.700000
-0.300000,-4.800000,2392.900000
-0.300000,-4.700000,2296.100000
-0.300000,-4.600000,2201.300000
-0.300000,-4.500000,2108.500000
-0.300000,-4.400000,2017.700000
-0.300000,-4.300000,1928.900000
-0.300000,-4.200000,1842.100000
-0.300000,-4.100000,1757.300000
-0.300000,-4.000000,1674.500000
-0.300000,-3.900000,1593.700000
-0.300000,-3.800000,1514.900000
-0.300000,-3.700000,1438.100000
-0.300000,-3.600000,1363.300000
-0.300000,-3.500000,1290.500000
-0.300000,-3.400000,1219.700000
-0.300000,-3.300000,1150.900000
-0.300000,-3.200000,1084.100000
-0.300000,-3.100000,1019.300000
-0.300000,-3.000000,956.500000
-0.300000,-2.900000,895.700000
-0.300000,-2.800000,836.900000
-0.300000,-2.700000,780.100000
-0.300000,-2.600000,725.300000
-0.300000,-2.500000,672.500000
-0.300000,-2.400000,621.700000
-0.300000,-2.300000,572.900000
-0.300000,-2.200000,526.100000
-0.300000,-2.100000,481.300000
-0.300000,-2.000000,438.500000
-0.300000,-1.900000,397.700000
-0.300000,-1.800000,358.900000
-0.300000,-1.700000,322.100000
-0.300000,-1.600000,287.300000
-0.300000,-1.500000,254.500000
-0.300000,-1.400000,223.700000
-0.300000,-1.300000,194.900000
-0.300000,-1.200000,168.100000
-0.300000,-1.100000,143.300000
-0.300000,-1.000000,120.500000
-0.300000,-0.900000,99.700000
-0.300000,-0.800000,80.900000
-0.300000,-0.700000,64.100000
-0.300000,-0.600000,49.300000
-0.300000,-0.500000,36.500000
-0.300000,-0.400000,25.700000
-0.300000,-0.300000,16.900000
-0.300000,-0.200000,10.100000
-0.300000,-0.100000,5.300000
-0.300000,-0.000000,2.500000
-0.300000,0.100000,1.700000
-0.300000,0.200000,2.900000
-0.300000,0.300000,6.100000
-0.300000,0.400000,11.300000
-0.300000,0.500000,18.500000
-0.300000,0.600000,27.700000
-0.300000,0.700000,38.900000
-0.300000,0.800000,52.100000
-0.300000,0.900000,67.300000
-0.300000,1.000000,84.500000
-0.300000,1.100000,103.700000
-0.300000,1.200000,124.900000
-0.300000,1.300000,148.100000
-0.300000,1.400000,173.300000
-0.300000,1.500000,200.500000
-0.300000,1.600000,229.700000
-0.300000,1.700000,260.900000
-0.300000,1.800000,294.100000
-0.300000,1.900000,329.300000
-0.300000,2.000000,366.500000
-0.300000,2.100000,405.700000
-0.300000,2.200000,446.900000
-0.300000,2.300000,490.100000
-0.300000,2.400000,535.300000
-0.300000,2.500000,582.500000
-0.300000,2.600000,631.700000
-0.300000,2.700000,682.900000
-0.300000,2.800000,736.100000
-0.300000,2.900000,791.300000
-0.300000,3.000000,848.500000
-0.300000,3.100000,907.700000
-0.300000,3.200000,968.900000
-0.300000,3.300000,1032.100000
-0.300000,3.400000,1097.300000
-0.300000,3.500000,1164.500000
-0.300000,3.600000,1233.700000
-0.300000,3.700000,1304.900000
-0.300000,3.800000,1378.100000
-0.300000,3.900000,1453.300000
-0.300000,4.000000,1530.500000
-0.300000,4.100000,1609.700000
-0.300000,4.200000,1690.900000
-0.300000,4.300000,1774.100000
-0.300000,4.400000,1859.300000
-0.300000,4.500000,1946.500000
-0.300000,4.600000,2035.700000
-0.300000,4.700000,2126.900000
-0.300000,4.800000,2220.100000
-0.300000,4.900000,2315.300000
-0.300000,5.000000,2412.500000
-0.200000,-5.000000,2541.600000
-0.200000,-4.900000,2441.800000
-0.200000,-4.800000,2344.000000
-0.200000,-4.700000,2248.200000
-0.200000,-4.600000,2154.400000
-0.200000,-4.500000,2062.600000
-0.200000,-4.400000,1972.800000
-0.200000,-4.300000,1885.000000
-0.200000,-4.200000,1799.200000
-0.200000,-4.100000,1715.400000
-0.200000,-4.000000,1633.600000
-0.200000,-3.900000,1553.800000
-0.200000,-3.800000,1476.000000
-0.200000,-3.700000,1400.200000
-0.200000,-3.600000,1326.400000
-0.200000,-3.500000,1254.600000
-0.200000,-3.400000,1184.800000
-0.200000,-3.300000,1117.000000
-0.200000,-3.200000,1051.200000
-0.200000,-3.100000,987.400000
-0.200000,-3.000000,925.600000
-0.200000,-2.900000,865.800000
-0.200000,-2.800000,808.000000
-0.200000,-2.700000,752.200000
-0.200000,-2.600000,698.400000
-0.200000,-2.500000,646.600000
-0.200000,-2.400000,596.800000
-0.200000,-2.300000,549.000000
-0.200000,-2.200000,503.200000
-0.200000,-2.100000,459.400000
-0.200000,-2.000000,417.600000
-0.200000,-1.900000,377.800000
-0.200000,-1.800000,340.000000
-0.200000,-1.700000,304.200000
-0.200000,-1.600000,270.400000
-0.200000,-1.500000,238.600000
-0.200000,-1.400000,208.800000
-0.200000,-1.300000,181.000000
-0.200000,-1.200000,155.200000
-0.200000,-1.100000,131.400000
-0.200000,-1.000000,109.600000
-0.200000,-0.900000,89.800000
-0.200000,-0.800000,72.000000
-0.200000,-0.700000,56.200000
-0.200000,-0.600000,42.400000
-0.200000,-0.500000,30.600000
-0.200000,-0.400000,20.800000
-0.200000,-0.300000,13.000000
-0.200000,-0.200000,7.200000
-0.200000,-0.100000,3.400000
-0.200000,-0.000000,1.600000
-0.200000,0.100000,1.800000
-0.200000,0.200000,4.000000
-0.200000,0.300000,8.200000
-0.200000,0.400000,14.400000
-0.200000,0.500000,22.600000
-0.200000,0.600000,32.800000
-0.200000,0.700000,45.000000
-0.200000,0.800000,59.200000
-0.200000,0.900000,75.400000
-0.200000,1.000000,93.600000
-0.200000,1.100000,113.800000
-0.200000,1.200000,136.000000
-0.200000,1.300000,160.200000
-0.200000,1.400000,186.400000
-0.200000,1.500000,214.600000
-0.200000,1.600000,244.800000
-0.200000,1.700000,277.000000
-0.200000,1.800000,311.200000
-0.200000,1.900000,347.400000
-0.200000,2.000000,385.600000
-0.200000,2.100000,425.800000
-0.200000,2.200000,468.000000
-0.200000,2.300000,512.200000
-0.200000,2.400000,558.400000
-0.200000,2.500000,606.600000
-0.200000,2.600000,656.800000
-0.200000,2.700000,709.000000
-0.200000,2.800000,763.200000
-0.200000,2.900000,819.400000
-0.200000,3.000000,877.600000
-0.200000,3.100000,937.800000
-0.200000,3.200000,1000.000000
-0.200000,3.300000,1064.200000
-0.200000,3.400000,1130.400000
-0.200000,3.500000,1198.600000
-0.200000,3.600000,1268.800000
-0.200000,3.700000,1341.000000
-0.200000,3.800000,1415.200000
-0.200000,3.900000,1491.400000
-0.200000,4.000000,1569.600000
-0.200000,4.100000,1649.800000
-0.200000,4.200000,1732.000000
-0.200000,4.300000,1816.200000
-0.200000,4.400000,1902.400000
-0.200000,4.500000,1990.600000
-0.200000,4.600000,2080.800000
-0.200000,4.700000,2173.000000
-0.200000,4.800000,2267.200000
-0.200000,4.900000,2363.400000
-0.200000,5.000000,2461.600000
-0.100000,-5.000000,2511.220000
-0.100000,-4.900000,2412.020000
-0.100000,-4.800000,2314.820000
-0.100000,-4.700000,2219.620000
-0.100000,-4.600000,2126.420000
-0.100000,-4.500000,2035.220000
-0.100000,-4.400000,1946.020000
-0.100000,-4.300000,1858.820000
-0.100000,-4.200000,1773.620000
-0.100000,-4.100000,1690.420000
-0.100000,-4.000000,1609.220000
-0.100000,-3.900000,1530.020000
-0.100000,-3.800000,1452.820000
-0.100000,-3.700000,1377.620000
-0.100000,-3.600000,1304.420000
-0.100000,-3.500000,1233.220000
-0.100000,-3.400000,1164.020000
-0.100000,-3.300000,1096.820000
-0.100000,-3.200000,1031.620000
-0.100000,-3.100000,968.420000
-0.100000,-3.000000,907.220000
-0.100000,-2.900000,848.020000
-0.100000,-2.800000,790.820000
-0.100000,-2.700000,735.620000
-0.100000,-2.600000,682.420000
-0.100000,-2.500000,631.220000
-0.100000,-2.400000,582.020000
-0.100000,-2.300000,534.820000
-0.100000,-2.200000,489.620000
-0.100000,-2.100000,446.420000
-0.100000,-2.000000,405.220000
-0.100000,-1.900000,366.020000
-0.100000,-1.800000,328.820000
-0.100000,-1.700000,293.620000
-0.100000,-1.600000,260.420000
-0.100000,-1.500000,229.220000
-0.100000,-1.400000,200.020000
-0.100000,-1.300000,172.820000
-0.100000,-1.200000,147.620000
-0.100000,-1.100000,124.420000
-0.100000,-1.000000,103.220000
-0.100000,-0.900000,84.020000
-0.100000,-0.800000,66.820000
-0.100000,-0.700000,51.620000
-0.100000,-0.600000,38.420000
-0.100000,-0.500000,27.220000
-0.100000,-0.400000,18.020000
-0.100000,-0.300000,10.820000
-0.100000,-0.200000,5.620000
-0.100000,-0.100000,2.420000
-0.100000,-0.000000,1.220000
-0.100000,0.100000,2.020000
-0.100000,0.200000,4.820000
-0.100000,0.300000,9.620000
-0.100000,0.400000,16.420000
-0.100000,0.500000,25.220000
-0.100000,0.600000,36.020000
-0.100000,0.700000,48.820000
-0.100000,0.800000,63.620000
-0.100000,0.900000,80.420000
-0.100000,1.000000,99.220000
-0.100000,1.100000,120.020000
-0.100000,1.200000,142.820000
-0.100000,1.300000,167.620000
-0.100000,1.400000,194.420000
-0.100000,1.500000,223.220000
-0.100000,1.600000,254.020000
-0.100000,1.700000,286.820000
-0.100000,1.800000,321.620000
-0.100000,1.900000,358.420000
-0.100000,2.000000,397.220000
-0.100000,2.100000,438.020000
-0.100000,2.200000,480.820000
-0.100000,2.300000,525.620000
-0.100000,2.400000,572.420000
-0.100000,2.500000,621.220000
-0.100000,2.600000,672.020000
-0.100000,2.700000,724.820000
-0.100000,2.800000,779.620000
-0.100000,2.900000,836.420000
-0.100000,3.000000,895.220000
-0.100000,3.100000,956.020000
-0.100000,3.200000,1018.820000
-0.100000,3.300000,1083.620000
-0.100000,3.400000,1150.420000
-0.100000,3.500000,1219.220000
-0.100000,3.600000,1290.020000
-0.100000,3.700000,1362.820000
-0.100000,3.800000,1437.620000
-0.100000,3.900000,1514.420000
-0.100000,4.000000,1593.220000
-0.100000,4.100000,1674.020000
-0.100000,4.200000,1756.820000
-0.100000,4.300000,1841.620000
-0.100000,4.400000,1928.420000
-0.100000,4.500000,2017.220000
-0.100000,4.600000,2108.020000
-0.100000,4.700000,2200.820000
-0.100000,4.800000,2295.620000
-0.100000,4.900000,2392.420000
-0.100000,5.000000,2491.220000
-0.000000,-5.000000,2501.000000
-0.000000,-4.900000,2402.000000
-0.000000,-4.800000,2305.000000
-0.000000,-4.700000,2210.000000
-0.000000,-4.600000,2117.000000
-0.000000,-4.500000,2026.000000
-0.000000,-4.400000,1937.000000
-0.000000,-4.300000,1850.000000
-0.000000,-4.200000,1765.000000
-0.000000,-4.100000,1682.000000
-0.000000,-4.000000,1601.000000
-0.000000,-3.900000,1522.000000
-0.000000,-3.800000,1445.000000
-0.000000,-3.700000,1370.000000
-0.000000,-3.600000,1297.000000
-0.000000,-3.500000,1226.000000
-0.000000,-3.400000,1157.000000
-0.000000,-3.300000,1090.000000
-0.000000,-3.200000,1025.000000
-0.000000,-3.100000,962.000000
-0.000000,-3.000000,901.000000
-0.000000,-2.900000,842.000000
-0.000000,-2.800000,785.000000
-0.000000,-2.700000,730.000000
-0.000000,-2.600000,677.000000
-0.000000,-2.500000,626.000000
-0.000000,-2.400000,577.000000
-0.000000,-2.300000,530.000000
-0.000000,-2.200000,485.000000
-0.000000,-2.100000,442.000000
-0.000000,-2.000000,401.000000
-0.000000,-1.900000,362.000000
-0.000000,-1.800000,325.000000
-0.000000,-1.700000,290.000000
-0.000000,-1.600000,257.000000
-0.000000,-1.500000,226.000000
-0.000000,-1.400000,197.000000
-0.000000,-1.300000,170.000000
-0.000000,-1.200000,145.000000
-0.000000,-1.100000,122.000000
-0.000000,-1.000000,101.000000
-0.000000,-0.900000,82.000000
-0.000000,-0.800000,65.000000
-0.000000,-0.700000,50.000000
-0.000000,-0.600000,37.000000
-0.000000,-0.500000,26.000000
-0.000000,-0.400000,17.000000
-0.000000,-0.300000,10.000000
-0.000000,-0.200000,5.000000
-0.000000,-0.100000,2.000000
-0.000000,-0.000000,1.000000
-0.000000,0.100000,2.000000
-0.000000,0.200000,5.000000
-0.000000,0.300000,10.000000
-0.000000,0.400000,17.000000
-0.000000,0.500000,26.000000
-0.000000,0.600000,37.000000
-0.000000,0.700000,50.000000
-0.000000,0.800000,65.000000
-0.000000,0.900000,82.000000
-0.000000,1.000000,101.000000
-0.000000,1.100000,122.000000
-0.000000,1.200000,145.000000
-0.000000,1.300000,170.000000
-0.000000,1.400000,197.000000
-0.000000,1.500000,226.000000
-0.000000,1.600000,257.000000
-0.000000,1.700000,290.000000
-0.000000,1.800000,325.000000
-0.000000,1.900000,362.000000
-0.000000,2.000000,401.000000
-0.000000,2.100000,442.000000
-0.000000,2.200000,485.000000
-0.000000,2.300000,530.000000
-0.000000,2.400000,577.000000
-0.000000,2.500000,626.000000
-0.000000,2.600000,677.000000
-0.000000,2.700000,730.000000
-0.000000,2.800000,785.000000
-0.000000,2.900000,842.000000
-0.000000,3.000000,901.000000
-0.000000,3.100000,962.000000
-0.000000,3.200000,1025.000000
-0.000000,3.300000,1090.000000
-0.000000,3.400000,1157.000000
-0.000000,3.500000,1226.000000
-0.000000,3.600000,1297.000000
-0.000000,3.700000,1370.000000
-0.000000,3.800000,1445.000000
-0.000000,3.900000,1522.000000
-0.000000,4.000000,1601.000000
-0.000000,4.100000,1682.000000
-0.000000,4.200000,1765.000000
-0.000000,4.300000,1850.000000
-0.000000,4.400000,1937.000000
-0.000000,4.500000,2026.000000
-0.000000,4.600000,2117.000000
-0.000000,4.700000,2210.000000
-0.000000,4.800000,2305.000000
-0.000000,4.900000,2402.000000
-0.000000,5.000000,2501.000000
0.100000,-5.000000,2510.820000
0.100000,-4.900000,2411.620000
0.100000,-4.800000,2314.420000
0.100000,-4.700000,2219.220000
0.100000,-4.600000,2126.020000
0.100000,-4.500000,2034.820000
0.100000,-4.400000,1945.620000
0.100000,-4.300000,1858.420000
0.100000,-4.200000,1773.220000
0.100000,-4.100000,1690.020000
0.100000,-4.000000,1608.820000
0.100000,-3.900000,1529.620000
0.100000,-3.800000,1452.420000
0.100000,-3.700000,1377.220000
0.100000,-3.600000,1304.020000
0.100000,-3.500000,1232.820000
0.100000,-3.400000,1163.620000
0.100000,-3.300000,1096.420000
0.100000,-3.200000,1031.220000
0.100000,-3.100000,968.020000
0.100000,-3.000000,906.820000
0.100000,-2.900000,847.620000
0.100000,-2.800000,790.420000
0.100000,-2.700000,735.220000
0.100000,-2.600000,682.020000
0.100000,-2.500000,630.820000
0.100000,-2.400000,581.620000
0.100000,-2.300000,534.420000
0.100000,-2.200000,489.220000
0.100000,-2.100000,446.020000
0.100000,-2.000000,404.820000
0.100000,-1.900000,365.620000
0.100000,-1.800000,328.420000
0.100000,-1.700000,293.220000
0.100000,-1.600000,260.020000
0.100000,-1.500000,228.820000
0.100000,-1.400000,199.620000
0.100000,-1.300000,172.420000
0.100000,-1.200000,147.220000
0.100000,-1.100000,124.020000
0.100000,-1.000000,102.820000
0.100000,-0.900000,83.620000
0.100000,-0.800000,66.420000
0.100000,-0.700000,51.220000
0.100000,-0.600000,38.020000
0.100000,-0.500000,26.820000
0.100000,-0.400000,17.620000
0.100000,-0.300000,10.420000
0.100000,-0.200000,5.220000
0.100000,-0.100000,2.020000
0.100000,-0.000000,0.820000
0.100000,0.100000,1.620000
0.100000,0.200000,4.420000
0.100000,0.300000,9.220000
0.100000,0.400000,16.020000
0.100000,0.500000,24.820000
0.100000,0.600000,35.620000
0.100000,0.700000,48.420000
0.100000,0.800000,63.220000
0.100000,0.900000,80.020000
0.100000,1.000000,98.820000
0.100000,1.100000,119.620000
0.100000,1.200000,142.420000
0.100000,1.300000,167.220000
0.100000,1.400000,194.020000
0.100000,1.500000,222.820000
0.100000,1.600000,253.620000
0.100000,1.700000,286.420000
0.100000,1.800000,321.220000
0.100000,1.900000,358.020000
0.100000,2.000000,396.820000
0.100000,2.100000,437.620000
0.100000,2.200000,480.420000
0.100000,2.300000,525.220000
0.100000,2.400000,572.020000
0.100000,2.500000,620.820000
0.100000,2.600000,671.620000
0.100000,2.700000,724.420000
0.100000,2.800000,779.220000
0.100000,2.900000,836.020000
0.100000,3.000000,894.820000
0.100000,3.100000,955.620000
0.100000,3.200000,1018.420000
0.100000,3.300000,1083.220000
0.100000,3.400000,1150.020000
0.100000,3.500000,1218.820000
0.100000,3.600000,1289.620000
0.100000,3.700000,1362.420000
0.100000,3.800000,1437.220000
0.100000,3.900000,1514.020000
0.100000,4.000000,1592.820000
0.100000,4.100000,1673.620000
0.100000,4.200000,1756.420000
0.100000,4.300000,1841.220000
0.100000,4.400000,1928.020000
0.100000,4.500000,2016.820000
0.100000,4.600000,2107.620000
0.100000,4.700000,2200.420000
0.100000,4.800000,2295.220000
0.100000,4.900000,2392.020000
0.100000,5.000000,2490.820000
0.200000,-5.000000,2540.800000
0.200000,-4.900000,2441.000000
0.200000,-4.800000,2343.200000
0.200000,-4.700000,2247.400000
0.200000,-4.600000,2153.600000
0.200000,-4.500000,2061.800000
0.200000,-4.400000,1972.000000
0.200000,-4.300000,1884.200000
0.200000,-4.200000,1798.400000
0.200000,-4.100000,1714.600000
0.200000,-4.000000,1632.800000
0.200000,-3.900000,1553.000000
0.200000,-3.800000,1475.200000
0.200000,-3.700000,1399.400000
0.200000,-3.600000,1325.600000
0.200000,-3.500000,1253.800000
0.200000,-3.400000,1184.000000
0.200000,-3.300000,1116.200000
0.200000,-3.200000,1050.400000
0.200000,-3.100000,986.600000
0.200000,-3.000000,924.800000
0.200000,-2.900000,865.000000
0.200000,-2.800000,807.200000
0.200000,-2.700000,751.400000
0.200000,-2.600000,697.600000
0.200000,-2.500000,645.800000
0.200000,-2.400000,596.000000
0.200000,-2.300000,548.200000
0.200000,-2.200000,502.400000
0.200000,-2.100000,458.600000
0.200000,-2.000000,416.800000
0.200000,-1.900000,377.000000
0.200000,-1.800000,339.200000
0.200000,-1.700000,303.400000
0.200000,-1.600000,269.600000
0.200000,-1.500000,237.800000
0.200000,-1.400000,208.000000
0.200000,-1.300000,180.200000
0.200000,-1.200000,154.400000
0.200000,-1.100000,130.600000
0.200000,-1.000000,108.800000
0.200000,-0.900000,89.000000
0.200000,-0.800000,71.200000
0.200000,-0.700000,55.400000
0.200000,-0.600000,41.600000
0.200000,-0.500000,29.800000
0.200000,-0.400000,20.000000
0.200000,-0.300000,12.200000
0.200000,-0.200000,6.400000
0.200000,-0.100000,2.600000
0.200000,-0.000000,0.800000
0.200000,0.100000,1.000000
0.200000,0.200000,3.200000
0.200000,0.300000,7.400000
0.200000,0.400000,13.600000
0.200000,0.500000,21.800000
0.200000,0.600000,32.000000
0.200000,0.700000,44.200000
0.200000,0.800000,58.400000
0.200000,0.900000,74.600000
0.200000,1.000000,92.800000
0.200000,1.100000,113.000000
0.200000,1.200000,135.200000
0.200000,1.300000,159.400000
0.200000,1.400000,185.600000
0.200000,1.500000,213.800000
0.200000,1.600000,244.000000
0.200000,1.700000,276.200000
0.200000,1.800000,310.400000
0.200000,1.900000,346.600000
0.200000,2.000000,384.800000
0.200000,2.100000,425.000000
0.200000,2.200000,467.200000
0.200000,2.300000,511.400000
0.200000,2.400000,557.600000
0.200000,2.500000,605.800000
0.200000,2.600000,656.000000
0.200000,2.700000,708.200000
0.200000,2.800000,762.400000
0.200000,2.900000,818.600000
0.200000,3.000000,876.800000
0.200000,3.100000,937.000000
0.200000,3.200000,999.200000
0.200000,3.300000,1063.400000
0.200000,3.400000,1129.600000
0.200000,3.500000,1197.800000
0.200000,3.600000,1268.000000
0.200000,3.700000,1340.200000
0.200000,3.800000,1414.400000
0.200000,3.900000,1490.600000
0.200000,4.000000,1568.800000
0.200000,4.100000,1649.000000
0.200000,4.200000,1731.200000
0.200000,4.300000,1815.400000
0.200000,4.400000,1901.600000
0.200000,4.500000,1989.800000
0.200000,4.600000,2080.000000
0.200000,4.700000,2172.200000
0.200000,4.800000,2266.400000
0.200000,4.900000,2362.600000
0.200000,5.000000,2460.800000
0.300000,-5.000000,2591.300000
0.300000,-4.900000,2490.500000
0.300000,-4.800000,2391.700000
0.300000,-4.700000,2294.900000
0.300000,-4.600000,2200.100000
0.300000,-4.500000,2107.300000
0.300000,-4.400000,2016.500000
0.300000,-4.300000,1927.700000
0.300000,-4.200000,1840.900000
0.300000,-4.100000,1756.100000
0.300000,-4.000000,1673.300000
0.300000,-3.900000,1592.500000
0.300000,-3.800000,1513.700000
0.300000,-3.700000,1436.900000
0.300000,-3.600000,1362.100000
0.300000,-3.500000,1289.300000
0.300000,-3.400000,1218.500000
0.300000,-3.300000,1149.700000
0.300000,-3.200000,1082.900000
0.300000,-3.100000,1018.100000
0.300000,-3.000000,955.300000
0.300000,-2.900000,894.500000
0.300000,-2.800000,835.700000
0.300000,-2.700000,778.900000
0.300000,-2.600000,724.100000
0.300000,-2.500000,671.300000
0.300000,-2.400000,620.500000
0.300000,-2.300000,571.700000
0.300000,-2.200000,524.900000
0.300000,-2.100000,480.100000
0.300000,-2.000000,437.300000
0.300000,-1.900000,396.500000
0.300000,-1.800000,357.700000
0.300000,-1.700000,320.900000
0.300000,-1.600000,286.100000
0.300000,-1.500000,253.300000
0.300000,-1.400000,222.500000
0.300000,-1.300000,193.700000
0.300000,-1.200000,166.900000
0.300000,-1.100000,142.100000
0.300000,-1.000000,119.300000
0.300000,-0.900000,98.500000
0.300000,-0.800000,79.700000
0.300000,-0.700000,62.900000
0.300000,-0.600000,48.100000
0.300000,-0.500000,35.300000
0.300000,-0.400000,24.500000
0.300000,-0.300000,15.700000
0.300000,-0.200000,8.900000
0.300000,-0.100000,4.100000
0.300000,-0.000000,1.300000
0.300000,0.100000,0.500000
0.300000,0.200000,1.700000
0.300000,0.300000,4.900000
0.300000,0.400000,10.100000
0.300000,0.500000,17.300000
0.300000,0.600000,26.500000
0.300000,0.700000,37.700000
0.300000,0.800000,50.900000
0.300000,0.900000,66.100000
0.300000,1.000000,83.300000
0.300000,1.100000,102.500000
0.300000,1.200000,123.700000
0.300000,1.300000,146.900000
0.300000,1.400000,172.100000
0.300000,1.500000,199.300000
0.300000,1.600000,228.500000
0.300000,1.700000,259.700000
0.300000,1.800000,292.900000
0.300000,1.900000,328.100000
0.300000,2.000000,365.300000
0.300000,2.100000,404.500000
0.300000,2.200000,445.700000
0.300000,2.300000,488.900000
0.300000,2.400000,534.100000
0.300000,2.500000,581.300000
0.300000,2.600000,630.500000
0.300000,2.700000,681.700000
0.300000,2.800000,734.900000
0.300000,2.900000,790.100000
0.300000,3.000000,847.300000
0.300000,3.100000,906.500000
0.300000,3.200000,967.700000
0.300000,3.300000,1030.900000
0.300000,3.400000,1096.100000
0.300000,3.500000,1163.300000
0.300000,3.600000,1232.500000
0.300000,3.700000,1303.700000
0.300000,3.800000,1376.900000
0.300000,3.900000,1452.100000
0.300000,4.000000,1529.300000
0.300000,4.100000,1608.500000
0.300000,4.200000,1689.700000
0.300000,4.300000,1772.900000
0.300000,4.400000,1858.100000
0.300000,4.500000,1945.300000
0.300000,4.600000,2034.500000
0.300000,4.700000,2125.700000
0.300000,4.800000,2218.900000
0.300000,4.900000,2314.100000
0.300000,5.000000,2411.300000
0.400000,-5.000000,2662.920000
0.400000,-4.900000,2560.720000
0.400000,-4.800000,2460.520000
0.400000,-4.700000,2362.320000
0.400000,-4.600000,2266.120000
0.400000,-4.500000,2171.920000
0.400000,-4.400000,2079.720000
0.400000,-4.300000,1989.520000
0.400000,-4.200000,1901.320000
0.400000,-4.100000,1815.120000
0.400000,-4.000000,1730.920000
0.400000,-3.900000,1648.720000
0.400000,-3.800000,1568.520000
0.400000,-3.700000,1490.320000
0.400000,-3.600000,1414.120000
0.400000,-3.500000,1339.920000
0.400000,-3.400000,1267.720000
0.400000,-3.300000,1197.520000
0.400000,-3.200000,1129.320000
0.400000,-3.100000,1063.120000
0.400000,-3.000000,998.920000
0.400000,-2.900000,936.720000
0.400000,-2.800000,876.520000
0.400000,-2.700000,818.320000
0.400000,-2.600000,762.120000
0.400000,-2.500000,707.920000
0.400000,-2.400000,655.720000
0.400000,-2.300000,605.520000
0.400000,-2.200000,557.320000
0.400000,-2.100000,511.120000
0.400000,-2.000000,466.920000
0.400000,-1.900000,424.720000
0.400000,-1.800000,384.520000
0.400000,-1.700000,346.320000
0.400000,-1.600000,310.120000
0.400000,-1.500000,275.920000
0.400000,-1.400000,243.720000
0.400000,-1.300000,213.520000
0.400000,-1.200000,185.320000
0.400000,-1.100000,159.120000
0.400000,-1.000000,134.920000
0.400000,-0.900000,112.720000
0.400000,-0.800000,92.520000
0.400000,-0.700000,74.320000
0.400000,-0.600000,58.120000
0.400000,-0.500000,43.920000
0.400000,-0.400000,31.720000
0.400000,-0.300000,21.520000
0.400000,-0.200000,13.320000
0.400000,-0.100000,7.120000
0.400000,-0.000000,2.920000
0.400000,0.100000,0.720000
0.400000,0.200000,0.520000
0.400000,0.300000,2.320000
0.400000,0.400000,6.120000
0.400000,0.500000,11.920000
0.400000,0.600000,19.720000
0.400000,0.700000,29.520000
0.400000,0.800000,41.320000
0.400000,0.900000,55.120000
0.400000,1.000000,70.920000
0.400000,1.100000,88.720000
0.400000,1.200000,108.520000
0.400000,1.300000,130.320000
0.400000,1.400000,154.120000
0.400000,1.500000,179.920000
0.400000,1.600000,207.720000
0.400000,1.700000,237.520000
0.400000,1.800000,269.320000
0.400000,1.900000,303.120000
0.400000,2.000000,338.920000
0.400000,2.100000,376.720000
0.400000,2.200000,416.520000
0.400000,2.300000,458.320000
0.400000,2.400000,502.120000
0.400000,2.500000,547.920000
0.400000,2.600000,595.720000
0.400000,2.700000,645.520000
0.400000,2.800000,697.320000
0.400000,2.900000,751.120000
0.400000,3.000000,806.920000
0.400000,3.100000,864.720000
0.400000,3.200000,924.520000
0.400000,3.300000,986.320000
0.400000,3.400000,1050.120000
0.400000,3.500000,1115.920000
0.400000,3.600000,1183.720000
0.400000,3.700000,1253.520000
0.400000,3.800000,1325.320000
0.400000,3.900000,1399.120000
0.400000,4.000000,1474.920000
0.400000,4.100000,1552.720000
0.400000,4.200000,1632.520000
0.400000,4.300000,1714.320000
0.400000,4.400000,1798.120000
0.400000,4.500000,1883.920000
0.400000,4.600000,1971.720000
0.400000,4.700000,2061.520000
0.400000,4.800000,2153.320000
0.400000,4.900000,2247.120000
0.400000,5.000000,2342.920000
0.500000,-5.000000,2756.500000
0.500000,-4.900000,2652.500000
0.500000,-4.800000,2550.500000
0.500000,-4.700000,2450.500000
0.500000,-4.600000,2352.500000
0.500000,-4.500000,2256.500000
0.500000,-4.400000,2162.500000
0.500000,-4.300000,2070.500000
0.500000,-4.200000,1980.500000
0.500000,-4.100000,1892.500000
0.500000,-4.000000,1806.500000
0.500000,-3.900000,1722.500000
0.500000,-3.800000,1640.500000
0.500000,-3.700000,1560.500000
0.500000,-3.600000,1482.500000
0.500000,-3.500000,1406.500000
0.500000,-3.400000,1332.500000
0.500000,-3.300000,1260.500000
0.500000,-3.200000,1190.500000
0.500000,-3.100000,1122.500000
0.500000,-3.000000,1056.500000
0.500000,-2.900000,992.500000
0.500000,-2.800000,930.500000
0.500000,-2.700000,870.500000
0.500000,-2.600000,812.500000
0.500000,-2.500000,756.500000
0.500000,-2.400000,702.500000
0.500000,-2.300000,650.500000
0.500000,-2.200000,600.500000
0.500000,-2.100000,552.500000
0.500000,-2.000000,506.500000
0.500000,-1.900000,462.500000
0.500000,-1.800000,420.500000
0.500000,-1.700000,380.500000
0.500000,-1.600000,342.500000
0.500000,-1.500000,306.500000
0.500000,-1.400000,272.500000
0.500000,-1.300000,240.500000
0.500000,-1.200000,210.500000
0.500000,-1.100000,182.500000
0.500000,-1.000000,156.500000
0.500000,-0.900000,132.500000
0.500000,-0.800000,110.500000
0.500000,-0.700000,90.500000
0.500000,-0.600000,72.500000
0.500000,-0.500000,56.500000
0.500000,-0.400000,42.500000
0.500000,-0.300000,30.500000
0.500000,-0.200000,20.500000
0.500000,-0.100000,12.500000
0.500000,-0.000000,6.500000
0.500000,0.100000,2.500000
0.500000,0.200000,0.500000
0.500000,0.300000,0.500000
0.500000,0.400000,2.500000
0.500000,0.500000,6.500000
0.500000,0.600000,12.500000
0.500000,0.700000,20.500000
0.500000,0.800000,30.500000
0.500000,0.900000,42.500000
0.500000,1.000000,56.500000
0.500000,1.100000,72.500000
0.500000,1.200000,90.500000
0.500000,1.300000,110.500000
0.500000,1.400000,132.500000
0.500000,1.500000,156.500000
0.500000,1.600000,182.500000
0.500000,1.700000,210.500000
0.500000,1.800000,240.500000
0.500000,1.900000,272.500000
0.500000,2.000000,306.500000
0.500000,2.100000,342.500000
0.500000,2.200000,380.500000
0.500000,2.300000,420.500000
0.500000,2.400000,462.500000
0.500000,2.500000,506.500000
0.500000,2.600000,552.500000
0.500000,2.700000,600.500000
0.500000,2.800000,650.500000
0.500000,2.900000,702.500000
0.500000,3.000000,756.500000
0.500000,3.100000,812.500000
0.500000,3.200000,870.500000
0.500000,3.300000,930.500000
0.500000,3.400000,992.500000
0.500000,3.500000,1056.500000
0.500000,3.600000,1122.500000
0.500000,3.700000,1190.500000
0.500000,3.800000,1260.500000
0.500000,3.900000,1332.500000
0.500000,4.000000,1406.500000
0.500000,4.100000,1482.500000
0.500000,4.200000,1560.500000
0.500000,4.300000,1640.500000
0.500000,4.400000,1722.500000
0.500000,4.500000,1806.500000
0.500000,4.600000,1892.500000
0.500000,4.700000,1980.500000
0.500000,4.800000,2070.500000
0.500000,4.900000,2162.500000
0.500000,5.000000,2256.500000
0.600000,-5.000000,2873.120000
0.600000,-4.900000,2766.920000
0.600000,-4.800000,2662.720000
0.600000,-4.700000,2560.520000
0.600000,-4.600000,2460.320000
0.600000,-4.500000,2362.120000
0.600000,-4.400000,2265.920000
0.600000,-4.300000,2171.720000
0.600000,-4.200000,2079.520000
0.600000,-4.100000,1989.320000
0.600000,-4.000000,1901.120000
0.600000,-3.900000,1814.920000
0.600000,-3.800000,1730.720000
0.600000,-3.700000,1648.520000
0.600000,-3.600000,1568.320000
0.600000,-3.500000,1490.120000
0.600000,-3.400000,1413.920000
0.600000,-3.300000,1339.720000
0.600000,-3.200000,1267.520000
0.600000,-3.100000,1197.320000
0.600000,-3.000000,1129.120000
0.600000,-2.900000,1062.920000
0.600000,-2.800000,998.720000
0.600000,-2.700000,936.520000
0.600000,-2.600000,876.320000
0.600000,-2.500000,818.120000
0.600000,-2.400000,761.920000
0.600000,-2.300000,707.720000
0.600000,-2.200000,655.520000
0.600000,-2.100000,605.320000
0.600000,-2.000000,557.120000
0.600000,-1.900000,510.920000
0.600000,-1.800000,466.720000
0.600000,-1.700000,424.520000
0.600000,-1.600000,384.320000
0.600000,-1.500000,346.120000
0.600000,-1.400000,309.920000
0.600000,-1.300000,275.720000
0.600000,-1.200000,243.520000
0.600000,-1.100000,213.320000
0.600000,-1.000000,185.120000
0.600000,-0.900000,158.920000
0.600000,-0.800000,134.720000
0.600000,-0.700000,112.520000
0.600000,-0.600000,92.320000
0.600000,-0.500000,74.120000
0.600000,-0.400000,57.920000
0.600000,-0.300000,43.720000
0.600000,-0.200000,31.520000
0.600000,-0.100000,21.320000
0.600000,-0.000000,13.120000
0.600000,0.100000,6.920000
0.600000,0.200000,2.720000
0.600000,0.300000,0.520000
0.600000,0.400000,0.320000
0.600000,0.500000,2.120000
0.600000,0.600000,5.920000
0.600000,0.700000,11.720000
0.600000,0.800000,19.520000
0.600000,0.900000,29.320000
0.600000,1.000000,41.120000
0.600000,1.100000,54.920000
0.600000,1.200000,70.720000
0.600000,1.300000,88.520000
0.600000,1.400000,108.320000
0.600000,1.500000,130.120000
0.600000,1.600000,153.920000
0.600000,1.700000,179.720000
0.600000,1.800000,207.520000
0.600000,1.900000,237.320000
0.600000,2.000000,269.120000
0.600000,2.100000,302.920000
0.600000,2.200000,338.720000
0.600000,2.300000,376.520000
0.600000,2.400000,416.320000
0.600000,2.500000,458.120000
0.600000,2.600000,501.920000
0.600000,2.700000,547.720000
0.600000,2.800000,595.520000
0.600000,2.900000,645.320000
0.600000,3.000000,697.120000
0.600000,3.100000,750.920000
0.600000,3.200000,806.720000
0.600000,3.300000,864.520000
0.600000,3.400000,924.320000
0.600000,3.500000,986.120000
0.600000,3.600000,1049.920000
0.600000,3.700000,1115.720000
0.600000,3.800000,1183.520000
0.600000,3.900000,1253.320000
0.600000,4.000000,1325.120000
0.600000,4.100000,1398.920000
0.600000,4.200000,1474.720000
0.600000,4.300000,1552.520000
0.600000,4.400000,1632.320000
0.600000,4.500000,1714.120000
0.600000,4.600000,1797.920000
0.600000,4.700000,1883.720000
0.600000,4.800000,1971.520000
0.600000,4.900000,2061.320000
0.600000,5.000000,2153.120000
0.700000,-5.000000,3014.100000
0.700000,-4.900000,2905.300000
0.700000,-4.800000,2798.500000
0.700000,-4.700000,2693.700000
0.700000,-4.600000,2590.900000
0.700000,-4.500000,2490.100000
0.700000,-4.400000,2391.300000
0.700000,-4.300000,2294.500000
0.700000,-4.200000,2199.700000
0.700000,-4.100000,2106.900000
0.700000,-4.000000,2016.100000
0.700000,-3.900000,1927.300000
0.700000,-3.800000,1840.500000
0.700000,-3.700000,1755.700000
0.700000,-3.600000,1672.900000
0.700000,-3.500000,1592.100000
0.700000,-3.400000,1513.300000
0.700000,-3.300000,1436.500000
0.700000,-3.200000,1361.700000
0.700000,-3.100000,1288.900000
0.700000,-3.000000,1218.100000
0.700000,-2.900000,1149.300000
0.700000,-2.800000,1082.500000
0.700000,-2.700000,1017.700000
0.700000,-2.600000,954.900000
0.700000,-2.500000,894.100000
0.700000,-2.400000,835.300000
0.700000,-2.300000,778.500000
0.700000,-2.200000,723.700000
0.700000,-2.100000,670.900000
0.700000,-2.000000,620.100000
0.700000,-1.900000,571.300000
0.700000,-1.800000,524.500000
0.700000,-1.700000,479.700000
0.700000,-1.600000,436.900000
0.700000,-1.500000,396.100000
0.700000,-1.400000,357.300000
0.700000,-1.300000,320.500000
0.700000,-1.200000,285.700000
0.700000,-1.100000,252.900000
0.700000,-1.000000,222.100000
0.700000,-0.900000,193.300000
0.700000,-0.800000,166.500000
0.700000,-0.700000,141.700000
0.700000,-0.600000,118.900000
0.700000,-0.500000,98.100000
0.700000,-0.400000,79.300000
0.700000,-0.300000,62.500000
0.700000,-0.200000,47.700000
0.700000,-0.100000,34.900000
0.700000,-0.000000,24.100000
0.700000,0.100000,15.300000
0.700000,0.200000,8.500000
0.700000,0.300000,3.700000
0.700000,0.400000,0.900000
0.700000,0.500000,0.100000
0.700000,0.600000,1.300000
0.700000,0.700000,4.500000
0.700000,0.800000,9.700000
0.700000,0.900000,16.900000
0.700000,1.000000,26.100000
0.700000,1.100000,37.300000
0.700000,1.200000,50.500000
0.700000,1.300000,65.700000
0.700000,1.400000,82.900000
0.700000,1.500000,102.100000
0.700000,1.600000,123.300000
0.700000,1.700000,146.500000
0.700000,1.800000,171.700000
0.700000,1.900000,198.900000
0.700000,2.000000,228.100000
0.700000,2.100000,259.300000
0.700000,2.200000,292.500000
0.700000,2.300000,327.700000
0.700000,2.400000,364.900000
0.700000,2.500000,404.100000
0.700000,2.600000,445.300000
0.700000,2.700000,488.500000
0.700000,2.800000,533.700000
0.700000,2.900000,580.900000
0.700000,3.000000,630.100000
0.700000,3.100000,681.300000
0.700000,3.200000,734.500000
0.700000,3.300000,789.700000
0.700000,3.400000,846.900000
0.700000,3.500000,906.100000
0.700000,3.600000,967.300000
0.700000,3.700000,1030.500000
0.700000,3.800000,1095.700000
0.700000,3.900000,1162.900000
0.700000,4.000000,1232.100000
0.700000,4.100000,1303.300000
0.700000,4.200000,1376.500000
0.700000,4.300000,1451.700000
0.700000,4.400000,1528.900000
0.700000,4.500000,1608.100000
0.700000,4.600000,1689.300000
0.700000,4.700000,1772.500000
0.700000,4.800000,1857.700000
0.700000,4.900000,1944.900000
0.700000,5.000000,2034.100000
0.800000,-5.000000,3181.000000
0.800000,-4.900000,3069.200000
0.800000,-4.800000,2959.400000
0.800000,-4.700000,2851.600000
0.800000,-4.600000,2745.800000
0.800000,-4.500000,2642.000000
0.800000,-4.400000,2540.200000
0.800000,-4.300000,2440.400000
0.800000,-4.200000,2342.600000
0.800000,-4.100000,2246.800000
0.800000,-4.000000,2153.000000
0.800000,-3.900000,2061.200000
0.800000,-3.800000,1971.400000
0.800000,-3.700000,1883.600000
0.800000,-3.600000,1797.800000
0.800000,-3.500000,1714.000000
0.800000,-3.400000,1632.200000
0.800000,-3.300000,1552.400000
0.800000,-3.200000,1474.600000
0.800000,-3.100000,1398.800000
0.800000,-3.000000,1325.000000
0.800000,-2.900000,1253.200000
0.800000,-2.800000,1183.400000
0.800000,-2.700000,1115.600000
0.800000,-2.600000,1049.800000
0.800000,-2.500000,986.000000
0.800000,-2.400000,924.200000
0.800000,-2.300000,864.400000
0.800000,-2.200000,806.600000
0.800000,-2.100000,750.800000
0.800000,-2.000000,697.000000
0.800000,-1.900000,645.200000
0.800000,-1.800000,595.400000
0.800000,-1.700000,547.600000
0.800000,-1.600000,501.800000
0.800000,-1.500000,458.000000
0.800000,-1.400000,416.200000
0.800000,-1.300000,376.400000
0.800000,-1.200000,338.600000
0.800000,-1.100000,302.800000
0.800000,-1.000000,269.000000
0.800000,-0.900000,237.200000
0.800000,-0.800000,207.400000
0.800000,-0.700000,179.600000
0.800000,-0.600000,153.800000
0.800000,-0.500000,130.000000
0.800000,-0.400000,108.200000
0.800000,-0.300000,88.400000
0.800000,-0.200000,70.600000
0.800000,-0.100000,54.800000
0.800000,-0.000000,41.000000
0.800000,0.100000,29.200000
0.800000,0.200000,19.400000
0.800000,0.300000,11.600000
0.800000,0.400000,5.800000
0.800000,0.500000,2.000000
0.800000,0.600000,0.200000
0.800000,0.700000,0.400000
0.800000,0.800000,2.600000
0.800000,0.900000,6.800000
0.800000,1.000000,13.000000
0.800000,1.100000,21.200000
0.800000,1.200000,31.400000
0.800000,1.300000,43.600000
0.800000,1.400000,57.800000
0.800000,1.500000,74.000000
0.800000,1.600000,92.200000
0.800000,1.700000,112.400000
0.800000,1.800000,134.600000
0.800000,1.900000,158.800000
0.800000,2.000000,185.000000
0.800000,2.100000,213.200000
0.800000,2.200000,243.400000
0.800000,2.300000,275.600000
0.800000,2.400000,309.800000
0.800000,2.500000,346.000000
0.800000,2.600000,384.200000
0.800000,2.700000,424.400000
0.800000,2.800000,466.600000
0.800000,2.900000,510.800000
0.800000,3.000000,557.000000
0.800000,3.100000,605.200000
0.800000,3.200000,655.400000
0.800000,3.300000,707.600000
0.800000,3.400000,761.800000
0.800000,3.500000,818.000000
0.800000,3.600000,876.200000
0.800000,3.700000,936.400000
0.800000,3.800000,998.600000
0.800000,3.900000,1062.800000
0.800000,4.000000,1129.000000
0.800000,4.100000,1197.200000
0.800000,4.200000,1267.400000
0.800000,4.300000,1339.600000
0.800000,4.400000,1413.800000
0.800000,4.500000,1490.000000
0.800000,4.600000,1568.200000
0.800000,4.700000,1648.400000
0.800000,4.800000,1730.600000
0.800000,4.900000,1814.800000
0.800000,5.000000,1901.000000
0.900000,-5.000000,3375.620000
0.900000,-4.900000,3260.420000
0.900000,-4.800000,3147.220000
0.900000,-4.700000,3036.020000
0.900000,-4.600000,2926.820000
0.900000,-4.500000,2819.620000
0.900000,-4.400000,2714.420000
0.900000,-4.300000,2611.220000
0.900000,-4.200000,2510.020000
0.900000,-4.100000,2410.820000
0.900000,-4.000000,2313.620000
0.900000,-3.900000,2218.420000
0.900000,-3.800000,2125.220000
0.900000,-3.700000,2034.020000
0.900000,-3.600000,1944.820000
0.900000,-3.500000,1857.620000
0.900000,-3.400000,1772.420000
0.900000,-3.300000,1689.220000
0.900000,-3.200000,1608.020000
0.900000,-3.100000,1528.820000
0.900000,-3.000000,1451.620000
0.900000,-2.900000,1376.420000
0.900000,-2.800000,1303.220000
0.900000,-2.700000,1232.020000
0.900000,-2.600000,1162.820000
0.900000,-2.500000,1095.620000
0.900000,-2.400000,1030.420000
0.900000,-2.300000,967.220000
0.900000,-2.200000,906.020000
0.900000,-2.100000,846.820000
0.900000,-2.000000,789.620000
0.900000,-1.900000,734.420000
0.900000,-1.800000,681.220000
0.900000,-1.700000,630.020000
0.900000,-1.600000,580.820000
0.900000,-1.500000,533.620000
0.900000,-1.400000,488.420000
0.900000,-1.300000,445.220000
0.900000,-1.200000,404.020000
0.900000,-1.100000,364.820000
0.900000,-1.000000,327.620000
0.900000,-0.900000,292.420000
0.900000,-0.800000,259.220000
0.900000,-0.700000,228.020000
0.900000,-0.600000,198.820000
0.900000,-0.500000,171.620000
0.900000,-0.400000,146.420000
0.900000,-0.300000,123.220000
0.900000,-0.200000,102.020000
0.900000,-0.100000,82.820000
0.900000,-0.000000,65.620000
0.900000,0.100000,50.420000
0.900000,0.200000,37.220000
0.900000,0.300000,26.020000
0.900000,0.400000,16.820000
0.900000,0.500000,9.620000
0.900000,0.600000,4.420000
0.900000,0.700000,1.220000
0.900000,0.800000,0.020000
0.900000,0.900000,0.820000
0.900000,1.000000,3.620000
0.900000,1.100000,8.420000
0.900000,1.200000,15.220000
0.900000,1.300000,24.020000
0.900000,1.400000,34.820000
0.900000,1.500000,47.620000
0.900000,1.600000,62.420000
0.900000,1.700000,79.220000
0.900000,1.800000,98.020000
0.900000,1.900000,118.820000
0.900000,2.000000,141.620000
0.900000,2.100000,166.420000
0.900000,2.200000,193.220000
0.900000,2.300000,222.020000
0.900000,2.400000,252.820000
0.900000,2.500000,285.620000
0.900000,2.600000,320.420000
0.900000,2.700000,357.220000
0.900000,2.800000,396.020000
0.900000,2.900000,436.820000
0.900000,3.000000,479.620000
0.900000,3.100000,524.420000
0.900000,3.200000,571.220000
0.900000,3.300000,620.020000
0.900000,3.400000,670.820000
0.900000,3.500000,723.620000
0.900000,3.600000,778.420000
0.900000,3.700000,835.220000
0.900000,3.800000,894.020000
0.900000,3.900000,954.820000
0.900000,4.000000,1017.620000
0.900000,4.100000,1082.420000
0.900000,4.200000,1149.220000
0.900000,4.300000,1218.020000
0.900000,4.400000,1288.820000
0.900000,4.500000,1361.620000
0.900000,4.600000,1436.420000
0.900000,4.700000,1513.220000
0.900000,4.800000,1592.020000
0.900000,4.900000,1672.820000
0.900000,5.000000,1755.620000
1.000000,-5.000000,3600.000000
1.000000,-4.900000,3481.000000
1.000000,-4.800000,3364.000000
1.000000,-4.700000,3249.000000
1.000000,-4.600000,3136.000000
1.000000,-4.500000,3025.000000
1.000000,-4.400000,2916.000000
1.000000,-4.300000,2809.000000
1.000000,-4.200000,2704.000000
1.000000,-4.100000,2601.000000
1.000000,-4.000000,2500.000000
1.000000,-3.900000,2401.000000
1.000000,-3.800000,2304.000000
1.000000,-3.700000,2209.000000
1.000000,-3.600000,2116.000000
1.000000,-3.500000,2025.000000
1.000000,-3.400000,1936.000000
1.000000,-3.300000,1849.000000
1.000000,-3.200000,1764.000000
1.000000,-3.100000,1681.000000
1.000000,-3.000000,1600.000000
1.000000,-2.900000,1521.000000
1.000000,-2.800000,1444.000000
1.000000,-2.700000,1369.000000
1.000000,-2.600000,1296.000000
1.000000,-2.500000,1225.000000
1.000000,-2.400000,1156.000000
1.000000,-2.300000,1089.000000
1.000000,-2.200000,1024.000000
1.000000,-2.100000,961.000000
1.000000,-2.000000,900.000000
1.000000,-1.900000,841.000000
1.000000,-1.800000,784.000000
1.000000,-1.700000,729.000000
1.000000,-1.600000,676.000000
1.000000,-1.500000,625.000000
1.000000,-1.400000,576.000000
1.000000,-1.300000,529.000000
1.000000,-1.200000,484.000000
1.000000,-1.100000,441.000000
1.000000,-1.000000,400.000000
1.000000,-0.900000,361.000000
1.000000,-0.800000,324.000000
1.000000,-0.700000,289.000000
1.000000,-0.600000,256.000000
1.000000,-0.500000,225.000000
1.000000,-0.400000,196.000000
1.000000,-0.300000,169.000000
1.000000,-0.200000,144.000000
1.000000,-0.100000,121.000000
1.000000,-0.000000,100.000000
1.000000,0.100000,81.000000
1.000000,0.200000,64.000000
1.000000,0.300000,49.000000
1.000000,0.400000,36.000000
1.000000,0.500000,25.000000
1.000000,0.600000,16.000000
1.000000,0.700000,9.000000
1.000000,0.800000,4.000000
1.000000,0.900000,1.000000
1.000000,1.000000,0.000000
1.000000,1.100000,1.000000
1.000000,1.200000,4.000000
1.000000,1.300000,9.000000
1.000000,1.400000,16.000000
1.000000,1.500000,25.000000
1.000000,1.600000,36.000000
1.000000,1.700000,49.000000
1.000000,1.800000,64.000000
1.000000,1.900000,81.000000
1.000000,2.000000,100.000000
1.000000,2.100000,121.000000
1.000000,2.200000,144.000000
1.000000,2.300000,169.000000
1.000000,2.400000,196.000000
1.000000,2.500000,225.000000
1.000000,2.600000,256.000000
1.000000,2.700000,289.000000
1.000000,2.800000,324.000000
1.000000,2.900000,361.000000
1.000000,3.000000,400.000000
1.000000,3.100000,441.000000
1.000000,3.200000,484.000000
1.000000,3.300000,529.000000
1.000000,3.400000,576.000000
1.000000,3.500000,625.000000
1.000000,3.600000,676.000000
1.000000,3.700000,729.000000
1.000000,3.800000,784.000000
1.000000,3.900000,841.000000
1.000000,4.000000,900.000000
1.000000,4.100000,961.000000
1.000000,4.200000,1024.000000
1.000000,4.300000,1089.000000
1.000000,4.400000,1156.000000
1.000000,4.500000,1225.000000
1.000000,4.600000,1296.000000
1.000000,4.700000,1369.000000
1.000000,4.800000,1444.000000
1.000000,4.900000,1521.000000
1.000000,5.000000,1600.000000
1.100000,-5.000000,3856.420000
1.100000,-4.900000,3733.220000
1.100000,-4.800000,3612.020000
1.100000,-4.700000,3492.820000
1.100000,-4.600000,3375.620000
1.100000,-4.500000,3260.420000
1.100000,-4.400000,3147.220000
1.100000,-4.300000,3036.020000
1.100000,-4.200000,2926.820000
1.100000,-4.100000,2819.620000
1.100000,-4.000000,2714.420000
1.100000,-3.900000,2611.220000
1.100000,-3.800000,2510.020000
1.100000,-3.700000,2410.820000
1.100000,-3.600000,2313.620000
1.100000,-3.500000,2218.420000
1.100000,-3.400000,2125.220000
1.100000,-3.300000,2034.020000
1.100000,-3.200000,1944.820000
1.100000,-3.100000,1857.620000
1.100000,-3.000000,1772.420000
1.100000,-2.900000,1689.220000
1.100000,-2.800000,1608.020000
1.100000,-2.700000,1528.820000
1.100000,-2.600000,1451.620000
1.100000,-2.500000,1376.420000
1.100000,-2.400000,1303.220000
1.100000,-2.300000,1232.020000
1.100000,-2.200000,1162.820000
1.100000,-2.100000,1095.620000
1.100000,-2.000000,1030.420000
1.100000,-1.900000,967.220000
1.100000,-1.800000,906.020000
1.100000,-1.700000,846.820000
1.100000,-1.600000,789.620000
1.100000,-1.500000,734.420000
1.100000,-1.400000,681.220000
1.100000,-1.300000,630.020000
1.100000,-1.200000,580.820000
1.100000,-1.100000,533.620000
1.100000,-1.000000,488.420000
1.100000,-0.900000,445.220000
1.100000,-0.800000,404.020000
1.100000,-0.700000,364.820000
1.100000,-0.600000,327.620000
1.100000,-0.500000,292.420000
1.100000,-0.400000,259.220000
1.100000,-0.300000,228.020000
1.100000,-0.200000,198.820000
1.100000,-0.100000,171.620000
1.100000,-0.000000,146.420000
1.100000,0.100000,123.220000
1.100000,0.200000,102.020000
1.100000,0.300000,82.820000
1.100000,0.400000,65.620000
1.100000,0.500000,50.420000
1.100000,0.600000,37.220000
1.100000,0.700000,26.020000
1.100000,0.800000,16.820000
1.100000,0.900000,9.620000
1.100000,1.000000,4.420000
1.100000,1.100000,1.220000
1.100000,1.200000,0.020000
1.100000,1.300000,0.820000
1.100000,1.400000,3.620000
1.100000,1.500000,8.420000
1.100000,1.600000,15.220000
1.100000,1.700000,24.020000
1.100000,1.800000,34.820000
1.100000,1.900000,47.620000
1.100000,2.000000,62.420000
1.100000,2.100000,79.220000
1.100000,2.200000,98.020000
1.100000,2.300000,118.820000
1.100000,2.400000,141.620000
1.100000,2.500000,166.420000
1.100000,2.600000,193.220000
1.100000,2.700000,222.020000
1.100000,2.800000,252.820000
1.100000,2.900000,285.620000
1.100000,3.000000,320.420000
1.100000,3.100000,357.220000
1.100000,3.200000,396.020000
1.100000,3.300000,436.820000
1.100000,3.400000,479.620000
1.100000,3.500000,524.420000
1.100000,3.600000,571.220000
1.100000,3.700000,620.020000
1.100000,3.800000,670.820000
1.100000,3.900000,723.620000
1.100000,4.000000,778.420000
1.100000,4.100000,835.220000
1.100000,4.200000,894.020000
1.100000,4.300000,954.820000
1.100000,4.400000,1017.620000
1.100000,4.500000,1082.420000
1.100000,4.600000,1149.220000
1.100000,4.700000,1218.020000
1.100000,4.800000,1288.820000
1.100000,4.900000,1361.620000
1.100000,5.000000,1436.420000
1.200000,-5.000000,4147.400000
1.200000,-4.900000,4019.600000
1.200000,-4.800000,3893.800000
1.200000,-4.700000,3770.000000
1.200000,-4.600000,3648.200000
1.200000,-4.500000,3528.400000
1.200000,-4.400000,3410.600000
1.200000,-4.300000,3294.800000
1.200000,-4.200000,3181.000000
1.200000,-4.100000,3069.200000
1.200000,-4.000000,2959.400000
1.200000,-3.900000,2851.600000
1.200000,-3.800000,2745.800000
1.200000,-3.700000,2642.000000
1.200000,-3.600000,2540.200000
1.200000,-3.500000,2440.400000
1.200000,-3.400000,2342.600000
1.200000,-3.300000,2246.800000
1.200000,-3.200000,2153.000000
1.200000,-3.100000,2061.200000
1.200000,-3.000000,1971.400000
1.200000,-2.900000,1883.600000
1.200000,-2.800000,1797.800000
1.200000,-2.700000,1714.000000
1.200000,-2.600000,1632.200000
1.200000,-2.500000,1552.400000
1.200000,-2.400000,1474.600000
1.200000,-2.300000,1398.800000
1.200000,-2.200000,1325.000000
1.200000,-2.100000,1253.200000
1.200000,-2.000000,1183.400000
1.200000,-1.900000,1115.600000
1.200000,-1.800000,1049.800000
1.200000,-1.700000,986.000000
1.200000,-1.600000,924.200000
1.200000,-1.500000,864.400000
1.200000,-1.400000,806.600000
1.200000,-1.300000,750.800000
1.200000,-1.200000,697.000000
1.200000,-1.100000,645.200000
1.200000,-1.000000,595.400000
1.200000,-0.900000,547.600000
1.200000,-0.800000,501.800000
1.200000,-0.700000,458.000000
1.200000,-0.600000,416.200000
1.200000,-0.500000,376.400000
1.200000,-0.400000,338.600000
1.200000,-0.300000,302.800000
1.200000,-0.200000,269.000000
1.200000,-0.100000,237.200000
1.200000,-0.000000,207.400000
1.200000,0.100000,179.600000
1.200000,0.200000,153.800000
1.200000,0.300000,130.000000
1.200000,0.400000,108.200000
1.200000,0.500000,88.400000
1.200000,0.600000,70.600000
1.200000,0.700000,54.800000
1.200000,0.800000,41.000000
1.200000,0.900000,29.200000
1.200000,1.000000,19.400000
1.200000,1.100000,11.600000
1.200000,1.200000,5.800000
1.200000,1.300000,2.000000
1.200000,1.400000,0.200000
1.200000,1.500000,0.400000
1.200000,1.600000,2.600000
1.200000,1.700000,6.800000
1.200000,1.800000,13.000000
1.200000,1.900000,21.200000
1.200000,2.000000,31.400000
1.200000,2.100000,43.600000
1.200000,2.200000,57.800000
1.200000,2.300000,74.000000
1.200000,2.400000,92.200000
1.200000,2.500000,112.400000
1.200000,2.600000,134.600000
1.200000,2.700000,158.800000
1.200000,2.800000,185.000000
1.200000,2.900000,213.200000
1.200000,3.000000,243.400000
1.200000,3.100000,275.600000
1.200000,3.200000,309.800000
1.200000,3.300000,346.000000
1.200000,3.400000,384.200000
1.200000,3.500000,424.400000
1.200000,3.600000,466.600000
1.200000,3.700000,510.800000
1.200000,3.800000,557.000000
1.200000,3.900000,605.200000
1.200000,4.000000,655.400000
1.200000,4.100000,707.600000
1.200000,4.200000,761.800000
1.200000,4.300000,818.000000
1.200000,4.400000,876.200000
1.200000,4.500000,936.400000
1.200000,4.600000,998.600000
1.200000,4.700000,1062.800000
1.200000,4.800000,1129.000000
1.200000,4.900000,1197.200000
1.200000,5.000000,1267.400000
1.300000,-5.000000,4475.700000
1.300000,-4.900000,4342.900000
1.300000,-4.800000,4212.100000
1.300000,-4.700000,4083.300000
1.300000,-4.600000,3956.500000
1.300000,-4.500000,3831.700000
1.300000,-4.400000,3708.900000
1.300000,-4.300000,3588.100000
1.300000,-4.200000,3469.300000
1.300000,-4.100000,3352.500000
1.300000,-4.000000,3237.700000
1.300000,-3.900000,3124.900000
1.300000,-3.800000,3014.100000
1.300000,-3.700000,2905.300000
1.300000,-3.600000,2798.500000
1.300000,-3.500000,2693.700000
1.300000,-3.400000,2590.900000
1.300000,-3.300000,2490.100000
1.300000,-3.200000,2391.300000
1.300000,-3.100000,2294.500000
1.300000,-3.000000,2199.700000
1.300000,-2.900000,2106.900000
1.300000,-2.800000,2016.100000
1.300000,-2.700000,1927.300000
1.300000,-2.600000,1840.500000
1.300000,-2.500000,1755.700000
1.300000,-2.400000,1672.900000
1.300000,-2.300000,1592.100000
1.300000,-2.200000,1513.300000
1.300000,-2.100000,1436.500000
1.300000,-2.000000,1361.700000
1.300000,-1.900000,1288.900000
1.300000,-1.800000,1218.100000
1.300000,-1.700000,1149.300000
1.300000,-1.600000,1082.500000
1.300000,-1.500000,1017.700000
1.300000,-1.400000,954.900000
1.300000,-1.300000,894.100000
1.300000,-1.200000,835.300000
1.300000,-1.100000,778.500000
1.300000,-1.000000,723.700000
1.300000,-0.900000,670.900000
1.300000,-0.800000,620.100000
1.300000,-0.700000,571.300000
1.300000,-0.600000,524.500000
1.300000,-0.500000,479.700000
1.300000,-0.400000,436.900000
1.300000,-0.300000,396.100000
1.300000,-0.200000,357.300000
1.300000,-0.100000,320.500000
1.300000,-0.000000,285.700000
1.300000,0.100000,252.900000
1.300000,0.200000,222.100000
1.300000,0.300000,193.300000
1.300000,0.400000,166.500000
1.300000,0.500000,141.700000
1.300000,0.600000,118.900000
1.300000,0.700000,98.100000
1.300000,0.800000,79.300000
1.300000,0.900000,62.500000
1.300000,1.000000,47.700000
1.300000,1.100000,34.900000
1.300000,1.200000,24.100000
1.300000,1.300000,15.300000
1.300000,1.400000,8.500000
1.300000,1.500000,3.700000
1.300000,1.600000,0.900000
1.300000,1.700000,0.100000
1.300000,1.800000,1.300000
1.300000,1.900000,4.500000
1.300000,2.000000,9.700000
1.300000,2.100000,16.900000
1.300000,2.200000,26.100000
1.300000,2.300000,37.300000
1.300000,2.400000,50.500000
1.300000,2.500000,65.700000
1.300000,2.600000,82.900000
1.300000,2.700000,102.100000
1.300000,2.800000,123.300000
1.300000,2.900000,146.500000
1.300000,3.000000,171.700000
1.300000,3.100000,198.900000
1.300000,3.200000,228.100000
1.300000,3.300000,259.300000
1.300000,3.400000,292.500000
1.300000,3.500000,327.700000
1.300000,3.600000,364.900000
1.300000,3.700000,404.100000
1.300000,3.800000,445.300000
1.300000,3.900000,488.500000
1.300000,4.000000,533.700000
1.300000,4.100000,580.900000
1.300000,4.200000,630.100000
1.300000,4.300000,681.300000
1.300000,4.400000,734.500000
1.300000,4.500000,789.700000
1.300000,4.600000,846.900000
1.300000,4.700000,906.100000
1.300000,4.800000,967.300000
1.300000,4.900000,1030.500000
1.300000,5.000000,1095.700000
1.400000,-5.000000,4844.320000
1.400000,-4.900000,4706.120000
1.400000,-4.800000,4569.920000
1.400000,-4.700000,4435.720000
1.400000,-4.600000,4303.520000
1.400000,-4.500000,4173.320000
1.400000,-4.400000,4045.120000
1.400000,-4.300000,3918.920000
1.400000,-4.200000,3794.720000
1.400000,-4.100000,3672.520000
1.400000,-4.000000,3552.320000
1.400000,-3.900000,3434.120000
1.400000,-3.800000,3317.920000
1.400000,-3.700000,3203.720000
1.400000,-3.600000,3091.520000
1.400000,-3.500000,2981.320000
1.400000,-3.400000,2873.120000
1.400000,-3.300000,2766.920000
1.400000,-3.200000,2662.720000
1.400000,-3.100000,2560.520000
1.400000,-3.000000,2460.320000
1.400000,-2.900000,2362.120000
1.400000,-2.800000,2265.920000
1.400000,-2.700000,2171.720000
1.400000,-2.600000,2079.520000
1.400000,-2.500000,1989.320000
1.400000,-2.400000,1901.120000
1.400000,-2.300000,1814.920000
1.400000,-2.200000,1730.720000
1.400000,-2.100000,1648.520000
1.400000,-2.000000,1568.320000
1.400000,-1.900000,1490.120000
1.400000,-1.800000,1413.920000
1.400000,-1.700000,1339.720000
1.400000,-1.600000,1267.520000
1.400000,-1.500000,1197.320000
1.400000,-1.400000,1129.120000
1.400000,-1.300000,1062.920000
1.400000,-1.200000,998.720000
1.400000,-1.100000,936.520000
1.400000,-1.000000,876.320000
1.400000,-0.900000,818.120000
1.400000,-0.800000,761.920000
1.400000,-0.700000,707.720000
1.400000,-0.600000,655.520000
1.400000,-0.500000,605.320000
1.400000,-0.400000,557.120000
1.400000,-0.300000,510.920000
1.400000,-0.200000,466.720000
1.400000,-0.100000,424.520000
1.400000,-0.000000,384.320000
1.400000,0.100000,346.120000
1.400000,0.200000,309.920000
1.400000,0.300000,275.720000
1.400000,0.400000,243.520000
1.400000,0.500000,213.320000
1.400000,0.600000,185.120000
1.400000,0.700000,158.920000
1.400000,0.800000,134.720000
1.400000,0.900000,112.520000
1.400000,1.000000,92.320000
1.400000,1.100000,74.120000
1.400000,1.200000,57.920000
1.400000,1.300000,43.720000
1.400000,1.400000,31.520000
1.400000,1.500000,21.320000
1.400000,1.600000,13.120000
1.400000,1.700000,6.920000
1.400000,1.800000,2.720000
1.400000,1.900000,0.520000
1.400000,2.000000,0.320000
1.400000,2.100000,2.120000
1.400000,2.200000,5.920000
1.400000,2.300000,11.720000
1.400000,2.400000,19.520000
1.400000,2.500000,29.320000
1.400000,2.600000,41.120000
1.400000,2.700000,54.920000
1.400000,2.800000,70.720000
1.400000,2.900000,88.520000
1.400000,3.000000,108.320000
1.400000,3.100000,130.120000
1.400000,3.200000,153.920000
1.400000,3.300000,179.720000
1.400000,3.400000,207.520000
1.400000,3.500000,237.320000
1.400000,3.600000,269.120000
1.400000,3.700000,302.920000
1.400000,3.800000,338.720000
1.400000,3.900000,376.520000
1.400000,4.000000,416.320000
1.400000,4.100000,458.120000
1.400000,4.200000,501.920000
1.400000,4.300000,547.720000
1.400000,4.400000,595.520000
1.400000,4.500000,645.320000
1.400000,4.600000,697.120000
1.400000,4.700000,750.920000
1.400000,4.800000,806.720000
1.400000,4.900000,864.520000
1.400000,5.000000,924.320000
1.500000,-5.000000,5256.500000
1.500000,-4.900000,5112.500000
1.500000,-4.800000,4970.500000
1.500000,-4.700000,4830.500000
1.500000,-4.600000,4692.500000
1.500000,-4.500000,4556.500000
1.500000,-4.400000,4422.500000
1.500000,-4.300000,4290.500000
1.500000,-4.200000,4160.500000
1.500000,-4.100000,4032.500000
1.500000,-4.000000,3906.500000
1.500000,-3.900000,3782.500000
1.500000,-3.800000,3660.500000
1.500000,-3.700000,3540.500000
1.500000,-3.600000,3422.500000
1.500000,-3.500000,3306.500000
1.500000,-3.400000,3192.500000
1.500000,-3.300000,3080.500000
1.500000,-3.200000,2970.500000
1.500000,-3.100000,2862.500000
1.500000,-3.000000,2756.500000
1.500000,-2.900000,2652.500000
1.500000,-2.800000,2550.500000
1.500000,-2.700000,2450.500000
1.500000,-2.600000,2352.500000
1.500000,-2.500000,2256.500000
1.500000,-2.400000,2162.500000
1.500000,-2.300000,2070.500000
1.500000,-2.200000,1980.500000
1.500000,-2.100000,1892.500000
1.500000,-2.000000,1806.500000
1.500000,-1.900000,1722.500000
1.500000,-1.800000,1640.500000
1.500000,-1.700000,1560.500000
1.500000,-1.600000,1482.500000
1.500000,-1.500000,1406.500000
1.500000,-1.400000,1332.500000
1.500000,-1.300000,1260.500000
1.500000,-1.200000,1190.500000
1.500000,-1.100000,1122.500000
1.500000,-1.000000,1056.500000
1.500000,-0.900000,992.500000
1.500000,-0.800000,930.500000
1.500000,-0.700000,870.500000
1.500000,-0.600000,812.500000
1.500000,-0.500000,756.500000
1.500000,-0.400000,702.500000
1.500000,-0.300000,650.500000
1.500000,-0.200000,600.500000
1.500000,-0.100000,552.500000
1.500000,-0.000000,506.500000
1.500000,0.100000,462.500000
1.500000,0.200000,420.500000
1.500000,0.300000,380.500000
1.500000,0.400000,342.500000
1.500000,0.500000,306.500000
1.500000,0.600000,272.500000
1.500000,0.700000,240.500000
1.500000,0.800000,210.500000
1.500000,0.900000,182.500000
1.500000,1.000000,156.500000
1.500000,1.100000,132.500000
1.500000,1.200000,110.500000
1.500000,1.300000,90.500000
1.500000,1.400000,72.500000
1.500000,1.500000,56.500000
1.500000,1.600000,42.500000
1.500000,1.700000,30.500000
1.500000,1.800000,20.500000
1.500000,1.900000,12.500000
1.500000,2.000000,6.500000
1.500000,2.100000,2.500000
1.500000,2.200000,0.500000
1.500000,2.300000,0.500000
1.500000,2.400000,2.500000
1.500000,2.500000,6.500000
1.500000,2.600000,12.500000
1.500000,2.700000,20.500000
1.500000,2.800000,30.500000
1.500000,2.900000,42.500000
1.500000,3.000000,56.500000
1.500000,3.100000,72.500000
1.500000,3.200000,90.500000
1.500000,3.300000,110.500000
1.500000,3.400000,132.500000
1.500000,3.500000,156.500000
1.500000,3.600000,182.500000
1.500000,3.700000,210.500000
1.500000,3.800000,240.500000
1.500000,3.900000,272.500000
1.500000,4.000000,306.500000
1.500000,4.100000,342.500000
1.500000,4.200000,380.500000
1.500000,4.300000,420.500000
1.500000,4.400000,462.500000
1.500000,4.500000,506.500000
1.500000,4.600000,552.500000
1.500000,4.700000,600.500000
1.500000,4.800000,650.500000
1.500000,4.900000,702.500000
1.500000,5.000000,756.500000
1.600000,-5.000000,5715.720000
1.600000,-4.900000,5565.520000
1.600000,-4.800000,5417.320000
1.600000,-4.700000,5271.120000
1.600000,-4.600000,5126.920000
1.600000,-4.500000,4984.720000
1.600000,-4.400000,4844.520000
1.600000,-4.300000,4706.320000
1.600000,-4.200000,4570.120000
1.600000,-4.100000,4435.920000
1.600000,-4.000000,4303.720000
1.600000,-3.900000,4173.520000
1.600000,-3.800000,4045.320000
1.600000,-3.700000,3919.120000
1.600000,-3.600000,3794.920000
1.600000,-3.500000,3672.720000
1.600000,-3.400000,3552.520000
1.600000,-3.300000,3434.320000
1.600000,-3.200000,3318.120000
1.600000,-3.100000,3203.920000
1.600000,-3.000000,3091.720000
1.600000,-2.900000,2981.520000
1.600000,-2.800000,2873.320000
1.600000,-2.700000,2767.120000
1.600000,-2.600000,2662.920000
1.600000,-2.500000,2560.720000
1.600000,-2.400000,2460.520000
1.600000,-2.300000,2362.320000
1.600000,-2.200000,2266.120000
1.600000,-2.100000,2171.920000
1.600000,-2.000000,2079.720000
1.600000,-1.900000,1989.520000
1.600000,-1.800000,1901.320000
1.600000,-1.700000,1815.120000
1.600000,-1.600000,1730.920000
1.600000,-1.500000,1648.720000
1.600000,-1.400000,1568.520000
1.600000,-1.300000,1490.320000
1.600000,-1.200000,1414.120000
1.600000,-1.100000,1339.920000
1.600000,-1.000000,1267.720000
1.600000,-0.900000,1197.520000
1.600000,-0.800000,1129.320000
1.600000,-0.700000,1063.120000
1.600000,-0.600000,998.920000
1.600000,-0.500000,936.720000
1.600000,-0.400000,876.520000
1.600000,-0.300000,818.320000
1.600000,-0.200000,762.120000
1.600000,-0.100000,707.920000
1.600000,-0.000000,655.720000
1.600000,0.100000,605.520000
1.600000,0.200000,557.320000
1.600000,0.300000,511.120000
1.600000,0.400000,466.920000
1.600000,0.500000,424.720000
1.600000,0.600000,384.520000
1.600000,0.700000,346.320000
1.600000,0.800000,310.120000
1.600000,0.900000,275.920000
1.600000,1.000000,243.720000
1.600000,1.100000,213.520000
1.600000,1.200000,185.320000
1.600000,1.300000,159.120000
1.600000,1.400000,134.920000
1.600000,1.500000,112.720000
1.600000,1.600000,92.520000
1.600000,1.700000,74.320000
1.600000,1.800000,58.120000
1.600000,1.900000,43.920000
1.600000,2.000000,31.720000
1.600000,2.100000,21.520000
1.600000,2.200000,13.320000
1.600000,2.300000,7.120000
1.600000,2.400000,2.920000
1.600000,2.500000,0.720000
1.600000,2.600000,0.520000
1.600000,2.700000,2.320000
1.600000,2.800000,6.120000
1.600000,2.900000,11.920000
1.600000,3.000000,19.720000
1.600000,3.100000,29.520000
1.600000,3.200000,41.320000
1.600000,3.300000,55.120000
1.600000,3.400000,70.920000
1.600000,3.500000,88.720000
1.600000,3.600000,108.520000
1.600000,3.700000,130.320000
1.600000,3.800000,154.120000
1.600000,3.900000,179.920000
1.600000,4.000000,207.720000
1.600000,4.100000,237.520000
1.600000,4.200000,269.320000
1.600000,4.300000,303.120000
1.600000,4.400000,338.920000
1.600000,4.500000,376.720000
1.600000,4.600000,416.520000
1.600000,4.700000,458.320000
1.600000,4.800000,502.120000
1.600000,4.900000,547.920000
1.600000,5.000000,595.720000
1.700000,-5.000000,6225.700000
1.700000,-4.900000,6068.900000
1.700000,-4.800000,5914.100000
1.700000,-4.700000,5761.300000
1.700000,-4.600000,5610.500000
1.700000,-4.500000,5461.700000
1.700000,-4.400000,5314.900000
1.700000,-4.300000,5170.100000
1.700000,-4.200000,5027.300000
1.700000,-4.100000,4886.500000
1.700000,-4.000000,4747.700000
1.700000,-3.900000,4610.900000
1.700000,-3.800000,4476.100000
1.700000,-3.700000,4343.300000
1.700000,-3.600000,4212.500000
1.700000,-3.500000,4083.700000
1.700000,-3.400000,3956.900000
1.700000,-3.300000,3832.100000
1.700000,-3.200000,3709.300000
1.700000,-3.100000,3588.500000
1.700000,-3.000000,3469.700000
1.700000,-2.900000,3352.900000
1.700000,-2.800000,3238.100000
1.700000,-2.700000,3125.300000
1.700000,-2.600000,3014.500000
1.700000,-2.500000,2905.700000
1.700000,-2.400000,2798.900000
1.700000,-2.300000,2694.100000
1.700000,-2.200000,2591.300000
1.700000,-2.100000,2490.500000
1.700000,-2.000000,2391.700000
1.700000,-1.900000,2294.900000
1.700000,-1.800000,2200.100000
1.700000,-1.700000,2107.300000
1.700000,-1.600000,2016.500000
1.700000,-1.500000,1927.700000
1.700000,-1.400000,1840.900000
1.700000,-1.300000,1756.100000
1.700000,-1.200000,1673.300000
1.700000,-1.100000,1592.500000
1.700000,-1.000000,1513.700000
1.700000,-0.900000,1436.900000
1.700000,-0.800000,1362.100000
1.700000,-0.700000,1289.300000
1.700000,-0.600000,1218.500000
1.700000,-0.500000,1149.700000
1.700000,-0.400000,1082.900000
1.700000,-0.300000,1018.100000
1.700000,-0.200000,955.300000
1.700000,-0.100000,894.500000
1.700000,-0.000000,835.700000
1.700000,0.100000,778.900000
1.700000,0.200000,724.100000
1.700000,0.300000,671.300000
1.700000,0.400000,620.500000
1.700000,0.500000,571.700000
1.700000,0.600000,524.900000
1.700000,0.700000,480.100000
1.700000,0.800000,437.300000
1.700000,0.900000,396.500000
1.700000,1.000000,357.700000
1.700000,1.100000,320.900000
1.700000,1.200000,286.100000
1.700000,1.300000,253.300000
1.700000,1.400000,222.500000
1.700000,1.500000,193.700000
1.700000,1.600000,166.900000
1.700000,1.700000,142.100000
1.700000,1.800000,119.300000
1.700000,1.900000,98.500000
1.700000,2.000000,79.700000
1.700000,2.100000,62.900000
1.700000,2.200000,48.100000
1.700000,2.300000,35.300000
1.700000,2.400000,24.500000
1.700000,2.500000,15.700000
1.700000,2.600000,8.900000
1.700000,2.700000,4.100000
1.700000,2.800000,1.300000
1.700000,2.900000,0.500000
1.700000,3.000000,1.700000
1.700000,3.100000,4.900000
1.700000,3.200000,10.100000
1.700000,3.300000,17.300000
1.700000,3.400000,26.500000
1.700000,3.500000,37.700000
1.700000,3.600000,50.900000
1.700000,3.700000,66.100000
1.700000,3.800000,83.300000
1.700000,3.900000,102.500000
1.700000,4.000000,123.700000
1.700000,4.100000,146.900000
1.700000,4.200000,172.100000
1.700000,4.300000,199.300000
1.700000,4.400000,228.500000
1.700000,4.500000,259.700000
1.700000,4.600000,292.900000
1.700000,4.700000,328.100000
1.700000,4.800000,365.300000
1.700000,4.900000,404.500000
1.700000,5.000000,445.700000
1.800000,-5.000000,6790.400000
1.800000,-4.900000,6626.600000
1.800000,-4.800000,6464.800000
1.800000,-4.700000,6305.000000
1.800000,-4.600000,6147.200000
1.800000,-4.500000,5991.400000
1.800000,-4.400000,5837.600000
1.800000,-4.300000,5685.800000
1.800000,-4.200000,5536.000000
1.800000,-4.100000,5388.200000
1.800000,-4.000000,5242.400000
1.800000,-3.900000,5098.600000
1.800000,-3.800000,4956.800000
1.800000,-3.700000,4817.000000
1.800000,-3.600000,4679.200000
1.800000,-3.500000,4543.400000
1.800000,-3.400000,4409.600000
1.800000,-3.300000,4277.800000
1.800000,-3.200000,4148.000000
1.800000,-3.100000,4020.200000
1.800000,-3.000000,3894.400000
1.800000,-2.900000,3770.600000
1.800000,-2.800000,3648.800000
1.800000,-2.700000,3529.000000
1.800000,-2.600000,3411.200000
1.800000,-2.500000,3295.400000
1.800000,-2.400000,3181.600000
1.800000,-2.300000,3069.800000
1.800000,-2.200000,2960.000000
1.800000,-2.100000,2852.200000
1.800000,-2.000000,2746.400000
1.800000,-1.900000,2642.600000
1.800000,-1.800000,2540.800000
1.800000,-1.700000,2441.000000
1.800000,-1.600000,2343.200000
1.800000,-1.500000,2247.400000
1.800000,-1.400000,2153.600000
1.800000,-1.300000,2061.800000
1.800000,-1.200000,1972.000000
1.800000,-1.100000,1884.200000
1.800000,-1.000000,1798.400000
1.800000,-0.900000,1714.600000
1.800000,-0.800000,1632.800000
1.800000,-0.700000,1553.000000
1.800000,-0.600000,1475.200000
1.800000,-0.500000,1399.400000
1.800000,-0.400000,1325.600000
1.800000,-0.300000,1253.800000
1.800000,-0.200000,1184.000000
1.800000,-0.100000,1116.200000
1.800000,-0.000000,1050.400000
1.800000,0.100000,986.600000
1.800000,0.200000,924.800000
1.800000,0.300000,865.000000
1.800000,0.400000,807.200000
1.800000,0.500000,751.400000
1.800000,0.600000,697.600000
1.800000,0.700000,645.800000
1.800000,0.800000,596.000000
1.800000,0.900000,548.200000
1.800000,1.000000,502.400000
1.800000,1.100000,458.600000
1.800000,1.200000,416.800000
1.800000,1.300000,377.000000
1.800000,1.400000,339.200000
1.800000,1.500000,303.400000
1.800000,1.600000,269.600000
1.800000,1.700000,237.800000
1.800000,1.800000,208.000000
1.800000,1.900000,180.200000
1.800000,2.000000,154.400000
1.800000,2.100000,130.600000
1.800000,2.200000,108.800000
1.800000,2.300000,89.000000
1.800000,2.400000,71.200000
1.800000,2.500000,55.400000
1.800000,2.600000,41.600000
1.800000,2.700000,29.800000
1.800000,2.800000,20.000000
1.800000,2.900000,12.200000
1.800000,3.000000,6.400000
1.800000,3.100000,2.600000
1.800000,3.200000,0.800000
1.800000,3.300000,1.000000
1.800000,3.400000,3.200000
1.800000,3.500000,7.400000
1.800000,3.600000,13.600000
1.800000,3.700000,21.800000
1.800000,3.800000,32.000000
1.800000,3.900000,44.200000
1.800000,4.000000,58.400000
1.800000,4.100000,74.600000
1.800000,4.200000,92.800000
1.800000,4.300000,113.000000
1.800000,4.400000,135.200000
1.800000,4.500000,159.400000
1.800000,4.600000,185.600000
1.800000,4.700000,213.800000
1.800000,4.800000,244.000000
1.800000,4.900000,276.200000
1.800000,5.000000,310.400000
1.900000,-5.000000,7414.020000
1.900000,-4.900000,7242.820000
1.900000,-4.800000,7073.620000
1.900000,-4.700000,6906.420000
1.900000,-4.600000,6741.220000
1.900000,-4.500000,6578.020000
1.900000,-4.400000,6416.820000
1.900000,-4.300000,6257.620000
1.900000,-4.200000,6100.420000
1.900000,-4.100000,5945.220000
1.900000,-4.000000,5792.020000
1.900000,-3.900000,5640.820000
1.900000,-3.800000,5491.620000
1.900000,-3.700000,5344.420000
1.900000,-3.600000,5199.220000
1.900000,-3.500000,5056.020000
1.900000,-3.400000,4914.820000
1.900000,-3.300000,4775.620000
1.900000,-3.200000,4638.420000
1.900000,-3.100000,4503.220000
1.900000,-3.000000,4370.020000
1.900000,-2.900000,4238.820000
1.900000,-2.800000,4109.620000
1.900000,-2.700000,3982.420000
1.900000,-2.600000,3857.220000
1.900000,-2.500000,3734.020000
1.900000,-2.400000,3612.820000
1.900000,-2.300000,3493.620000
1.900000,-2.200000,3376.420000
1.900000,-2.100000,3261.220000
1.900000,-2.000000,3148.020000
1.900000,-1.900000,3036.820000
1.900000,-1.800000,2927.620000
1.900000,-1.700000,2820.420000
1.900000,-1.600000,2715.220000
1.900000,-1.500000,2612.020000
1.900000,-1.400000,2510.820000
1.900000,-1.300000,2411.620000
1.900000,-1.200000,2314.420000
1.900000,-1.100000,2219.220000
1.900000,-1.000000,2126.020000
1.900000,-0.900000,2034.820000
1.900000,-0.800000,1945.620000
1.900000,-0.700000,1858.420000
1.900000,-0.600000,1773.220000
1.900000,-0.500000,1690.020000
1.900000,-0.400000,1608.820000
1.900000,-0.300000,1529.620000
1.900000,-0.200000,1452.420000
1.900000,-0.100000,1377.220000
1.900000,-0.000000,1304.020000
1.900000,0.100000,1232.820000
1.900000,0.200000,1163.620000
1.900000,0.300000,1096.420000
1.900000,0.400000,1031.220000
1.900000,0.500000,968.020000
1.900000,0.600000,906.820000
1.900000,0.700000,847.620000
1.900000,0.800000,790.420000
1.900000,0.900000,735.220000
1.900000,1.000000,682.020000
1.900000,1.100000,630.820000
1.900000,1.200000,581.620000
1.900000,1.300000,534.420000
1.900000,1.400000,489.220000
1.900000,1.500000,446.020000
1.900000,1.600000,404.820000
1.900000,1.700000,365.620000
1.900000,1.800000,328.420000
1.900000,1.900000,293.220000
1.900000,2.000000,260.020000
1.900000,2.100000,228.820000
1.900000,2.200000,199.620000
1.900000,2.300000,172.420000
1.900000,2.400000,147.220000
1.900000,2.500000,124.020000
1.900000,2.600000,102.820000
1.900000,2.700000,83.620000
1.900000,2.800000,66.420000
1.900000,2.900000,51.220000
1.900000,3.000000,38.020000
1.900000,3.100000,26.820000
1.900000,3.200000,17.620000
1.900000,3.300000,10.420000
1.900000,3.400000,5.220000
1.900000,3.500000,2.020000
1.900000,3.600000,0.820000
1.900000,3.700000,1.620000
1.900000,3.800000,4.420000
1.900000,3.900000,9.220000
1.900000,4.000000,16.020000
1.900000,4.100000,24.820000
1.900000,4.200000,35.620000
1.900000,4.300000,48.420000
1.900000,4.400000,63.220000
1.900000,4.500000,80.020000
1.900000,4.600000,98.820000
1.900000,4.700000,119.620000
1.900000,4.800000,142.420000
1.900000,4.900000,167.220000
1.900000,5.000000,194.020000
2.000000,-5.000000,8101.000000
2.000000,-4.900000,7922.000000
2.000000,-4.800000,7745.000000
2.000000,-4.700000,7570.000000
2.000000,-4.600000,7397.000000
2.000000,-4.500000,7226.000000
2.000000,-4.400000,7057.000000
2.000000,-4.300000,6890.000000
2.000000,-4.200000,6725.000000
2.000000,-4.100000,6562.000000
2.000000,-4.000000,6401.000000
2.000000,-3.900000,6242.000000
2.000000,-3.800000,6085.000000
2.000000,-3.700000,5930.000000
2.000000,-3.600000,5777.000000
2.000000,-3.500000,5626.000000
2.000000,-3.400000,5477.000000
2.000000,-3.300000,5330.000000
2.000000,-3.200000,5185.000000
2.000000,-3.100000,5042.000000
2.000000,-3.000000,4901.000000
2.000000,-2.900000,4762.000000
2.000000,-2.800000,4625.000000
2.000000,-2.700000,4490.000000
2.000000,-2.600000,4357.000000
2.000000,-2.500000,4226.000000
2.000000,-2.400000,4097.000000
2.000000,-2.300000,3970.000000
2.000000,-2.200000,3845.000000
2.000000,-2.100000,3722.000000
2.000000,-2.000000,3601.000000
2.000000,-1.900000,3482.000000
2.000000,-1.800000,3365.000000
2.000000,-1.700000,3250.000000
2.000000,-1.600000,3137.000000
2.000000,-1.500000,3026.000000
2.000000,-1.400000,2917.000000
2.000000,-1.300000,2810.000000
2.000000,-1.200000,2705.000000
2.000000,-1.100000,2602.000000
2.000000,-1.000000,2501.000000
2.000000,-0.900000,2402.000000
2.000000,-0.800000,2305.000000
2.000000,-0.700000,2210.000000
2.000000,-0.600000,2117.000000
2.000000,-0.500000,2026.000000
2.000000,-0.400000,1937.000000
2.000000,-0.300000,1850.000000
2.000000,-0.200000,1765.000000
2.000000,-0.100000,1682.000000
2.000000,-0.000000,1601.000000
2.000000,0.100000,1522.000000
2.000000,0.200000,1445.000000
2.000000,0.300000,1370.000000
2.000000,0.400000,1297.000000
2.000000,0.500000,1226.000000
2.000000,0.600000,1157.000000
2.000000,0.700000,1090.000000
2.000000,0.800000,1025.000000
2.000000,0.900000,962.000000
2.000000,1.000000,901.000000
2.000000,1.100000,842.000000
2.000000,1.200000,785.000000
2.000000,1.300000,730.000000
2.000000,1.400000,677.000000
2.000000,1.500000,626.000000
2.000000,1.600000,577.000000
2.000000,1.700000,530.000000
2.000000,1.800000,485.000000
2.000000,1.900000,442.000000
2.000000,2.000000,401.000000
2.000000,2.100000,362.000000
2.000000,2.200000,325.000000
2.000000,2.300000,290.000000
2.000000,2.400000,257.000000
2.000000,2.500000,226.000000
2.000000,2.600000,197.000000
2.000000,2.700000,170.000000
2.000000,2.800000,145.000000
2.000000,2.900000,122.000000
2.000000,3.000000,101.000000
2.000000,3.100000,82.000000
2.000000,3.200000,65.000000
2.000000,3.300000,50.000000
2.000000,3.400000,37.000000
2.000000,3.500000,26.000000
2.000000,3.600000,17.000000
2.000000,3.700000,10.000000
2.000000,3.800000,5.000000
2.000000,3.900000,2.000000
2.000000,4.000000,1.000000
2.000000,4.100000,2.000000
2.000000,4.200000,5.000000
2.000000,4.300000,10.000000
2.000000,4.400000,17.000000
2.000000,4.500000,26.000000
2.000000,4.600000,37.000000
2.000000,4.700000,50.000000
2.000000,4.800000,65.000000
2.000000,4.900000,82.000000
2.000000,5.000000,101.000000
2.100000,-5.000000,8856.020000
2.100000,-4.900000,8668.820000
2.100000,-4.800000,8483.620000
2.100000,-4.700000,8300.420000
2.100000,-4.600000,8119.220000
2.100000,-4.500000,7940.020000
2.100000,-4.400000,7762.820000
2.100000,-4.300000,7587.620000
2.100000,-4.200000,7414.420000
2.100000,-4.100000,7243.220000
2.100000,-4.000000,7074.020000
2.100000,-3.900000,6906.820000
2.100000,-3.800000,6741.620000
2.100000,-3.700000,6578.420000
2.100000,-3.600000,6417.220000
2.100000,-3.500000,6258.020000
2.100000,-3.400000,6100.820000
2.100000,-3.300000,5945.620000
2.100000,-3.200000,5792.420000
2.100000,-3.100000,5641.220000
2.100000,-3.000000,5492.020000
2.100000,-2.900000,5344.820000
2.100000,-2.800000,5199.620000
2.100000,-2.700000,5056.420000
2.100000,-2.600000,4915.220000
2.100000,-2.500000,4776.020000
2.100000,-2.400000,4638.820000
2.100000,-2.300000,4503.620000
2.100000,-2.200000,4370.420000
2.100000,-2.100000,4239.220000
2.100000,-2.000000,4110.020000
2.100000,-1.900000,3982.820000
2.100000,-1.800000,3857.620000
2.100000,-1.700000,3734.420000
2.100000,-1.600000,3613.220000
2.100000,-1.500000,3494.020000
2.100000,-1.400000,3376.820000
2.100000,-1.300000,3261.620000
2.100000,-1.200000,3148.420000
2.100000,-1.100000,3037.220000
2.100000,-1.000000,2928.020000
2.100000,-0.900000,2820.820000
2.100000,-0.800000,2715.620000
2.100000,-0.700000,2612.420000
2.100000,-0.600000,2511.220000
2.100000,-0.500000,2412.020000
2.100000,-0.400000,2314.820000
2.100000,-0.300000,2219.620000
2.100000,-0.200000,2126.420000
2.100000,-0.100000,2035.220000
2.100000,-0.000000,1946.020000
2.100000,0.100000,1858.820000
2.100000,0.200000,1773.620000
2.100000,0.300000,1690.420000
2.100000,0.400000,1609.220000
2.100000,0.500000,1530.020000
2.100000,0.600000,1452.820000
2.100000,0.700000,1377.620000
2.100000,0.800000,1304.420000
2.100000,0.900000,1233.220000
2.100000,1.000000,1164.020000
2.100000,1.100000,1096.820000
2.100000,1.200000,1031.620000
2.100000,1.300000,968.420000
2.100000,1.400000,907.220000
2.100000,1.500000,848.020000
2.100000,1.600000,790.820000
2.100000,1.700000,735.620000
2.100000,1.800000,682.420000
2.100000,1.900000,631.220000
2.100000,2.000000,582.020000
2.100000,2.100000,534.820000
2.100000,2.200000,489.620000
2.100000,2.300000,446.420000
2.100000,2.400000,405.220000
2.100000,2.500000,366.020000
2.100000,2.600000,328.820000
2.100000,2.700000,293.620000
2.100000,2.800000,260.420000
2.100000,2.900000,229.220000
2.100000,3.000000,200.020000
2.100000,3.100000,172.820000
2.100000,3.200000,147.620000
2.100000,3.300000,124.420000
2.100000,3.400000,103.220000
2.100000,3.500000,84.020000
2.100000,3.600000,66.820000
2.100000,3.700000,51.620000
2.100000,3.800000,38.420000
2.100000,3.900000,27.220000
2.100000,4.000000,18.020000
2.100000,4.100000,10.820000
2.100000,4.200000,5.620000
2.100000,4.300000,2.420000
2.100000,4.400000,1.220000
2.100000,4.500000,2.020000
2.100000,4.600000,4.820000
2.100000,4.700000,9.620000
2.100000,4.800000,16.420000
2.100000,4.900000,25.220000
2.100000,5.000000,36.020000
2.200000,-5.000000,9684.000000
2.200000,-4.900000,9488.200000
2.200000,-4.800000,9294.400000
2.200000,-4.700000,9102.600000
2.200000,-4.600000,8912.800000
2.200000,-4.500000,8725.000000
2.200000,-4.400000,8539.200000
2.200000,-4.300000,8355.400000
2.200000,-4.200000,8173.600000
2.200000,-4.100000,7993.800000
2.200000,-4.000000,7816.000000
2.200000,-3.900000,7640.200000
2.200000,-3.800000,7466.400000
2.200000,-3.700000,7294.600000
2.200000,-3.600000,7124.800000
2.200000,-3.500000,6957.000000
2.200000,-3.400000,6791.200000
2.200000,-3.300000,6627.400000
2.200000,-3.200000,6465.600000
2.200000,-3.100000,6305.800000
2.200000,-3.000000,6148.000000
2.200000,-2.900000,5992.200000
2.200000,-2.800000,5838.400000
2.200000,-2.700000,5686.600000
2.200000,-2.600000,5536.800000
2.200000,-2.500000,5389.000000
2.200000,-2.400000,5243.200000
2.200000,-2.300000,5099.400000
2.200000,-2.200000,4957.600000
2.200000,-2.100000,4817.800000
2.200000,-2.000000,4680.000000
2.200000,-1.900000,4544.200000
2.200000,-1.800000,4410.400000
2.200000,-1.700000,4278.600000
2.200000,-1.600000,4148.800000
2.200000,-1.500000,4021.000000
2.200000,-1.400000,3895.200000
2.200000,-1.300000,3771.400000
2.200000,-1.200000,3649.600000
2.200000,-1.100000,3529.800000
2.200000,-1.000000,3412.000000
2.200000,-0.900000,3296.200000
2.200000,-0.800000,3182.400000
2.200000,-0.700000,3070.600000
2.200000,-0.600000,2960.800000
2.200000,-0.500000,2853.000000
2.200000,-0.400000,2747.200000
2.200000,-0.300000,2643.400000
2.200000,-0.200000,2541.600000
2.200000,-0.100000,2441.800000
2.200000,-0.000000,2344.000000
2.200000,0.100000,2248.200000
2.200000,0.200000,2154.400000
2.200000,0.300000,2062.600000
2.200000,0.400000,1972.800000
2.200000,0.500000,1885.000000
2.200000,0.600000,1799.200000
2.200000,0.700000,1715.400000
2.200000,0.800000,1633.600000
2.200000,0.900000,1553.800000
2.200000,1.000000,1476.000000
2.200000,1.100000,1400.200000
2.200000,1.200000,1326.400000
2.200000,1.300000,1254.600000
2.200000,1.400000,1184.800000
2.200000,1.500000,1117.000000
2.200000,1.600000,1051.200000
2.200000,1.700000,987.400000
2.200000,1.800000,925.600000
2.200000,1.900000,865.800000
2.200000,2.000000,808.000000
2.200000,2.100000,752.200000
2.200000,2.200000,698.400000
2.200000,2.300000,646.600000
2.200000,2.400000,596.800000
2.200000,2.500000,549.000000
2.200000,2.600000,503.200000
2.200000,2.700000,459.400000
2.200000,2.800000,417.600000
2.200000,2.900000,377.800000
2.200000,3.000000,340.000000
2.200000,3.100000,304.200000
2.200000,3.200000,270.400000
2.200000,3.300000,238.600000
2.200000,3.400000,208.800000
2.200000,3.500000,181.000000
2.200000,3.600000,155.200000
2.200000,3.700000,131.400000
2.200000,3.800000,109.600000
2.200000,3.900000,89.800000
2.200000,4.000000,72.000000
2.200000,4.100000,56.200000
2.200000,4.200000,42.400000
2.200000,4.300000,30.600000
2.200000,4.400000,20.800000
2.200000,4.500000,13.000000
2.200000,4.600000,7.200000
2.200000,4.700000,3.400000
2.200000,4.800000,1.600000
2.200000,4.900000,1.800000
2.200000,5.000000,4.000000
2.300000,-5.000000,10590.100000
2.300000,-4.900000,10385.300000
2.300000,-4.800000,10182.500000
2.300000,-4.700000,9981.700000
2.300000,-4.600000,9782.900000
2.300000,-4.500000,9586.100000
2.300000,-4.400000,9391.300000
2.300000,-4.300000,9198.500000
2.300000,-4.200000,9007.700000
2.300000,-4.100000,8818.900000
2.300000,-4.000000,8632.100000
2.300000,-3.900000,8447.300000
2.300000,-3.800000,8264.500000
2.300000,-3.700000,8083.700000
2.300000,-3.600000,7904.900000
2.300000,-3.500000,7728.100000
2.300000,-3.400000,7553.300000
2.300000,-3.300000,7380.500000
2.300000,-3.200000,7209.700000
2.300000,-3.100000,7040.900000
2.300000,-3.000000,6874.100000
2.300000,-2.900000,6709.300000
2.300000,-2.800000,6546.500000
2.300000,-2.700000,6385.700000
2.300000,-2.600000,6226.900000
2.300000,-2.500000,6070.100000
2.300000,-2.400000,5915.300000
2.300000,-2.300000,5762.500000
2.300000,-2.200000,5611.700000
2.300000,-2.100000,5462.900000
2.300000,-2.000000,5316.100000
2.300000,-1.900000,5171.300000
2.300000,-1.800000,5028.500000
2.300000,-1.700000,4887.700000
2.300000,-1.600000,4748.900000
2.300000,-1.500000,4612.100000
2.300000,-1.400000,4477.300000
2.300000,-1.300000,4344.500000
2.300000,-1.200000,4213.700000
2.300000,-1.100000,4084.900000
2.300000,-1.000000,3958.100000
2.300000,-0.900000,3833.300000
2.300000,-0.800000,3710.500000
2.300000,-0.700000,3589.700000
2.300000,-0.600000,3470.900000
2.300000,-0.500000,3354.100000
2.300000,-0.400000,3239.300000
2.300000,-0.300000,3126.500000
2.300000,-0.200000,3015.700000
2.300000,-0.100000,2906.900000
2.300000,-0.000000,2800.100000
2.300000,0.100000,2695.300000
2.300000,0.200000,2592.500000
2.300000,0.300000,2491.700000
2.300000,0.400000,2392.900000
2.300000,0.500000,2296.100000
2.300000,0.600000,2201.300000
2.300000,0.700000,2108.500000
2.300000,0.800000,2017.700000
2.300000,0.900000,1928.900000
2.300000,1.000000,1842.100000
2.300000,1.100000,1757.300000
2.300000,1.200000,1674.500000
2.300000,1.300000,1593.700000
2.300000,1.400000,1514.900000
2.300000,1.500000,1438.100000
2.300000,1.600000,1363.300000
2.300000,1.700000,1290.500000
2.300000,1.800000,1219.700000
2.300000,1.900000,1150.900000
2.300000,2.000000,1084.100000
2.300000,2.100000,1019.300000
2.300000,2.200000,956.500000
2.300000,2.300000,895.700000
2.300000,2.400000,836.900000
2.300000,2.500000,780.100000
2.300000,2.600000,725.300000
2.300000,2.700000,672.500000
2.300000,2.800000,621.700000
2.300000,2.900000,572.900000
2.300000,3.000000,526.100000
2.300000,3.100000,481.300000
2.300000,3.200000,438.500000
2.300000,3.300000,397.700000
2.300000,3.400000,358.900000
2.300000,3.500000,322.100000
2.300000,3.600000,287.300000
2.300000,3.700000,254.500000
2.300000,3.800000,223.700000
2.300000,3.900000,194.900000
2.300000,4.000000,168.100000
2.300000,4.100000,143.300000
2.300000,4.200000,120.500000
2.300000,4.300000,99.700000
2.300000,4.400000,80.900000
2.300000,4.500000,64.100000
2.300000,4.600000,49.300000
2.300000,4.700000,36.500000
2.300000,4.800000,25.700000
2.300000,4.900000,16.900000
2.300000,5.000000,10.100000
2.400000,-5.000000,11579.720000
2.400000,-4.900000,11365.520000
2.400000,-4.800000,11153.320000
2.400000,-4.700000,10943.120000
2.400000,-4.600000,10734.920000
2.400000,-4.500000,10528.720000
2.400000,-4.400000,10324.520000
2.400000,-4.300000,10122.320000
2.400000,-4.200000,9922.120000
2.400000,-4.100000,9723.920000
2.400000,-4.000000,9527.720000
2.400000,-3.900000,9333.520000
2.400000,-3.800000,9141.320000
2.400000,-3.700000,8951.120000
2.400000,-3.600000,8762.920000
2.400000,-3.500000,8576.720000
2.400000,-3.400000,8392.520000
2.400000,-3.300000,8210.320000
2.400000,-3.200000,8030.120000
2.400000,-3.100000,7851.920000
2.400000,-3.000000,7675.720000
2.400000,-2.900000,7501.520000
2.400000,-2.800000,7329.320000
2.400000,-2.700000,7159.120000
2.400000,-2.600000,6990.920000
2.400000,-2.500000,6824.720000
2.400000,-2.400000,6660.520000
2.400000,-2.300000,6498.320000
2.400000,-2.200000,6338.120000
2.400000,-2.100000,6179.920000
2.400000,-2.000000,6023.720000
2.400000,-1.900000,5869.520000
2.400000,-1.800000,5717.320000
2.400000,-1.700000,5567.120000
2.400000,-1.600000,5418.920000
2.400000,-1.500000,5272.720000
2.400000,-1.400000,5128.520000
2.400000,-1.300000,4986.320000
2.400000,-1.200000,4846.120000
2.400000,-1.100000,4707.920000
2.400000,-1.000000,4571.720000
2.400000,-0.900000,4437.520000
2.400000,-0.800000,4305.320000
2.400000,-0.700000,4175.120000
2.400000,-0.600000,4046.920000
2.400000,-0.500000,3920.720000
2.400000,-0.400000,3796.520000
2.400000,-0.300000,3674.320000
2.400000,-0.200000,3554.120000
2.400000,-0.100000,3435.920000
2.400000,-0.000000,3319.720000
2.400000,0.100000,3205.520000
2.400000,0.200000,3093.320000
2.400000,0.300000,2983.120000
2.400000,0.400000,2874.920000
2.400000,0.500000,2768.720000
2.400000,0.600000,2664.520000
2.400000,0.700000,2562.320000
2.400000,0.800000,2462.120000
2.400000,0.900000,2363.920000
2.400000,1.000000,2267.720000
2.400000,1.100000,2173.520000
2.400000,1.200000,2081.320000
2.400000,1.300000,1991.120000
2.400000,1.400000,1902.920000
2.400000,1.500000,1816.720000
2.400000,1.600000,1732.520000
2.400000,1.700000,1650.320000
2.400000,1.800000,1570.120000
2.400000,1.900000,1491.920000
2.400000,2.000000,1415.720000
2.400000,2.100000,1341.520000
2.400000,2.200000,1269.320000
2.400000,2.300000,1199.120000
2.400000,2.400000,1130.920000
2.400000,2.500000,1064.720000
2.400000,2.600000,1000.520000
2.400000,2.700000,938.320000
2.400000,2.800000,878.120000
2.400000,2.900000,819.920000
2.400000,3.000000,763.720000
2.400000,3.100000,709.520000
2.400000,3.200000,657.320000
2.400000,3.300000,607.120000
2.400000,3.400000,558.920000
2.400000,3.500000,512.720000
2.400000,3.600000,468.520000
2.400000,3.700000,426.320000
2.400000,3.800000,386.120000
2.400000,3.900000,347.920000
2.400000,4.000000,311.720000
2.400000,4.100000,277.520000
2.400000,4.200000,245.320000
2.400000,4.300000,215.120000
2.400000,4.400000,186.920000
2.400000,4.500000,160.720000
2.400000,4.600000,136.520000
2.400000,4.700000,114.320000
2.400000,4.800000,94.120000
2.400000,4.900000,75.920000
2.400000,5.000000,59.720000
2.500000,-5.000000,12658.500000
2.500000,-4.900000,12434.500000
2.500000,-4.800000,12212.500000
2.500000,-4.700000,11992.500000
2.500000,-4.600000,11774.500000
2.500000,-4.500000,11558.500000
2.500000,-4.400000,11344.500000
2.500000,-4.300000,11132.500000
2.500000,-4.200000,10922.500000
2.500000,-4.100000,10714.500000
2.500000,-4.000000,10508.500000
2.500000,-3.900000,10304.500000
2.500000,-3.800000,10102.500000
2.500000,-3.700000,9902.500000
2.500000,-3.600000,9704.500000
2.500000,-3.500000,9508.500000
2.500000,-3.400000,9314.500000
2.500000,-3.300000,9122.500000
2.500000,-3.200000,8932.500000
2.500000,-3.100000,8744.500000
2.500000,-3.000000,8558.500000
2.500000,-2.900000,8374.500000
2.500000,-2.800000,8192.500000
2.500000,-2.700000,8012.500000
2.500000,-2.600000,7834.500000
2.500000,-2.500000,7658.500000
2.500000,-2.400000,7484.500000
2.500000,-2.300000,7312.500000
2.500000,-2.200000,7142.500000
2.500000,-2.100000,6974.500000
2.500000,-2.000000,6808.500000
2.500000,-1.900000,6644.500000
2.500000,-1.800000,6482.500000
2.500000,-1.700000,6322.500000
2.500000,-1.600000,6164.500000
2.500000,-1.500000,6008.500000
2.500000,-1.400000,5854.500000
2.500000,-1.300000,5702.500000
2.500000,-1.200000,5552.500000
2.500000,-1.100000,5404.500000
2.500000,-1.000000,5258.500000
2.500000,-0.900000,5114.500000
2.500000,-0.800000,4972.500000
2.500000,-0.700000,4832.500000
2.500000,-0.600000,4694.500000
2.500000,-0.500000,4558.500000
2.500000,-0.400000,4424.500000
2.500000,-0.300000,4292.500000
2.500000,-0.200000,4162.500000
2.500000,-0.100000,4034.500000
2.500000,-0.000000,3908.500000
2.500000,0.100000,3784.500000
2.500000,0.200000,3662.500000
2.500000,0.300000,3542.500000
2.500000,0.400000,3424.500000
2.500000,0.500000,3308.500000
2.500000,0.600000,3194.500000
2.500000,0.700000,3082.500000
2.500000,0.800000,2972.500000
2.500000,0.900000,2864.500000
2.500000,1.000000,2758.500000
2.500000,1.100000,2654.500000
2.500000,1.200000,2552.500000
2.500000,1.300000,2452.500000
2.500000,1.400000,2354.500000
2.500000,1.500000,2258.500000
2.500000,1.600000,2164.500000
2.500000,1.700000,2072.500000
2.500000,1.800000,1982.500000
2.500000,1.900000,1894.500000
2.500000,2.000000,1808.500000
2.500000,2.100000,1724.500000
2.500000,2.200000,1642.500000
2.500000,2.300000,1562.500000
2.500000,2.400000,1484.500000
2.500000,2.500000,1408.500000
2.500000,2.600000,1334.500000
2.500000,2.700000,1262.500000
2.500000,2.800000,1192.500000
2.500000,2.900000,1124.500000
2.500000,3.000000,1058.500000
2.500000,3.100000,994.500000
2.500000,3.200000,932.500000
2.500000,3.300000,872.500000
2.500000,3.400000,814.500000
2.500000,3.500000,758.500000
2.500000,3.600000,704.500000
2.500000,3.700000,652.500000
2.500000,3.800000,602.500000
2.500000,3.900000,554.500000
2.500000,4.000000,508.500000
2.500000,4.100000,464.500000
2.500000,4.200000,422.500000
2.500000,4.300000,382.500000
2.500000,4.400000,344.500000
2.500000,4.500000,308.500000
2.500000,4.600000,274.500000
2.500000,4.700000,242.500000
2.500000,4.800000,212.500000
2.500000,4.900000,184.500000
2.500000,5.000000,158.500000
2.600000,-5.000000,13832.320000
2.600000,-4.900000,13598.120000
2.600000,-4.800000,13365.920000
2.600000,-4.700000,13135.720000
2.600000,-4.600000,12907.520000
2.600000,-4.500000,12681.320000
2.600000,-4.400000,12457.120000
2.600000,-4.300000,12234.920000
2.600000,-4.200000,12014.720000
2.600000,-4.100000,11796.520000
2.600000,-4.000000,11580.320000
2.600000,-3.900000,11366.120000
2.600000,-3.800000,11153.920000
2.600000,-3.700000,10943.720000
2.600000,-3.600000,10735.520000
2.600000,-3.500000,10529.320000
2.600000,-3.400000,10325.120000
2.600000,-3.300000,10122.920000
2.600000,-3.200000,9922.720000
2.600000,-3.100000,9724.520000
2.600000,-3.000000,9528.320000
2.600000,-2.900000,9334.120000
2.600000,-2.800000,9141.920000
2.600000,-2.700000,8951.720000
2.600000,-2.600000,8763.520000
2.600000,-2.500000,8577.320000
2.600000,-2.400000,8393.120000
2.600000,-2.300000,8210.920000
2.600000,-2.200000,8030.720000
2.600000,-2.100000,7852.520000
2.600000,-2.000000,7676.320000
2.600000,-1.900000,7502.120000
2.600000,-1.800000,7329.920000
2.600000,-1.700000,7159.720000
2.600000,-1.600000,6991.520000
2.600000,-1.500000,6825.320000
2.600000,-1.400000,6661.120000
2.600000,-1.300000,6498.920000
2.600000,-1.200000,6338.720000
2.600000,-1.100000,6180.520000
2.600000,-1.000000,6024.320000
2.600000,-0.900000,5870.120000
2.600000,-0.800000,5717.920000
2.600000,-0.700000,5567.720000
2.600000,-0.600000,5419.520000
2.600000,-0.500000,5273.320000
2.600000,-0.400000,5129.120000
2.600000,-0.300000,4986.920000
2.600000,-0.200000,4846.720000
2.600000,-0.100000,4708.520000
2.600000,-0.000000,4572.320000
2.600000,0.100000,4438.120000
2.600000,0.200000,4305.920000
2.600000,0.300000,4175.720000
2.600000,0.400000,4047.520000
2.600000,0.500000,3921.320000
2.600000,0.600000,3797.120000
2.600000,0.700000,3674.920000
2.600000,0.800000,3554.720000
2.600000,0.900000,3436.520000
2.600000,1.000000,3320.320000
2.600000,1.100000,3206.120000
2.600000,1.200000,3093.920000
2.600000,1.300000,2983.720000
2.600000,1.400000,2875.520000
2.600000,1.500000,2769.320000
2.600000,1.600000,2665.120000
2.600000,1.700000,2562.920000
2.600000,1.800000,2462.720000
2.600000,1.900000,2364.520000
2.600000,2.000000,2268.320000
2.600000,2.100000,2174.120000
2.600000,2.200000,2081.920000
2.600000,2.300000,1991.720000
2.600000,2.400000,1903.520000
2.600000,2.500000,1817.320000
2.600000,2.600000,1733.120000
2.600000,2.700000,1650.920000
2.600000,2.800000,1570.720000
2.600000,2.900000,1492.520000
2.600000,3.000000,1416.320000
2.600000,3.100000,1342.120000
2.600000,3.200000,1269.920000
2.600000,3.300000,1199.720000
2.600000,3.400000,1131.520000
2.600000,3.500000,1065.320000
2.600000,3.600000,1001.120000
2.600000,3.700000,938.920000
2.600000,3.800000,878.720000
2.600000,3.900000,820.520000
2.600000,4.000000,764.320000
2.600000,4.100000,710.120000
2.600000,4.200000,657.920000
2.600000,4.300000,607.720000
2.600000,4.400000,559.520000
2.600000,4.500000,513.320000
2.600000,4.600000,469.120000
2.600000,4.700000,426.920000
2.600000,4.800000,386.720000
2.600000,4.900000,348.520000
2.600000,5.000000,312.320000
2.700000,-5.000000,15107.300000
2.700000,-4.900000,14862.500000
2.700000,-4.800000,14619.700000
2.700000,-4.700000,14378.900000
2.700000,-4.600000,14140.100000
2.700000,-4.500000,13903.300000
2.700000,-4.400000,13668.500000
2.700000,-4.300000,13435.700000
2.700000,-4.200000,13204.900000
2.700000,-4.100000,12976.100000
2.700000,-4.000000,12749.300000
2.700000,-3.900000,12524.500000
2.700000,-3.800000,12301.700000
2.700000,-3.700000,12080.900000
2.700000,-3.600000,11862.100000
2.700000,-3.500000,11645.300000
2.700000,-3.400000,11430.500000
2.700000,-3.300000,11217.700000
2.700000,-3.200000,11006.900000
2.700000,-3.100000,10798.100000
2.700000,-3.000000,10591.300000
2.700000,-2.900000,10386.500000
2.700000,-2.800000,10183.700000
2.700000,-2.700000,9982.900000
2.700000,-2.600000,9784.100000
2.700000,-2.500000,9587.300000
2.700000,-2.400000,9392.500000
2.700000,-2.300000,9199.700000
2.700000,-2.200000,9008.900000
2.700000,-2.100000,8820.100000
2.700000,-2.000000,8633.300000
2.700000,-1.900000,8448.500000
2.700000,-1.800000,8265.700000
2.700000,-1.700000,8084.900000
2.700000,-1.600000,7906.100000
2.700000,-1.500000,7729.300000
2.700000,-1.400000,7554.500000
2.700000,-1.300000,7381.700000
2.700000,-1.200000,7210.900000
2.700000,-1.100000,7042.100000
2.700000,-1.000000,6875.300000
2.700000,-0.900000,6710.500000
2.700000,-0.800000,6547.700000
2.700000,-0.700000,6386.900000
2.700000,-0.600000,6228.100000
2.700000,-0.500000,6071.300000
2.700000,-0.400000,5916.500000
2.700000,-0.300000,5763.700000
2.700000,-0.200000,5612.900000
2.700000,-0.100000,5464.100000
2.700000,-0.000000,5317.300000
2.700000,0.100000,5172.500000
2.700000,0.200000,5029.700000
2.700000,0.300000,4888.900000
2.700000,0.400000,4750.100000
2.700000,0.500000,4613.300000
2.700000,0.600000,4478.500000
2.700000,0.700000,4345.700000
2.700000,0.800000,4214.900000
2.700000,0.900000,4086.100000
2.700000,1.000000,3959.300000
2.700000,1.100000,3834.500000
2.700000,1.200000,3711.700000
2.700000,1.300000,3590.900000
2.700000,1.400000,3472.100000
2.700000,1.500000,3355.300000
2.700000,1.600000,3240.500000
2.700000,1.700000,3127.700000
2.700000,1.800000,3016.900000
2.700000,1.900000,2908.100000
2.700000,2.000000,2801.300000
2.700000,2.100000,2696.500000
2.700000,2.200000,2593.700000
2.700000,2.300000,2492.900000
2.700000,2.400000,2394.100000
2.700000,2.500000,2297.300000
2.700000,2.600000,2202.500000
2.700000,2.700000,2109.700000
2.700000,2.800000,2018.900000
2.700000,2.900000,1930.100000
2.700000,3.000000,1843.300000
2.700000,3.100000,1758.500000
2.700000,3.200000,1675.700000
2.700000,3.300000,1594.900000
2.700000,3.400000,1516.100000
2.700000,3.500000,1439.300000
2.700000,3.600000,1364.500000
2.700000,3.700000,1291.700000
2.700000,3.800000,1220.900000
2.700000,3.900000,1152.100000
2.700000,4.000000,1085.300000
2.700000,4.100000,1020.500000
2.700000,4.200000,957.700000
2.700000,4.300000,896.900000
2.700000,4.400000,838.100000
2.700000,4.500000,781.300000
2.700000,4.600000,726.500000
2.700000,4.700000,673.700000
2.700000,4.800000,622.900000
2.700000,4.900000,574.100000
2.700000,5.000000,527.300000
2.800000,-5.000000,16489.800000
2.800000,-4.900000,16234.000000
2.800000,-4.800000,15980.200000
2.800000,-4.700000,15728.400000
2.800000,-4.600000,15478.600000
2.800000,-4.500000,15230.800000
2.800000,-4.400000,14985.000000
2.800000,-4.300000,14741.200000
2.800000,-4.200000,14499.400000
2.800000,-4.100000,14259.600000
2.800000,-4.000000,14021.800000
2.800000,-3.900000,13786.000000
2.800000,-3.800000,13552.200000
2.800000,-3.700000,13320.400000
2.800000,-3.600000,13090.600000
2.800000,-3.500000,12862.800000
2.800000,-3.400000,12637.000000
2.800000,-3.300000,12413.200000
2.800000,-3.200000,12191.400000
2.800000,-3.100000,11971.600000
2.800000,-3.000000,11753.800000
2.800000,-2.900000,11538.000000
2.800000,-2.800000,11324.200000
2.800000,-2.700000,11112.400000
2.800000,-2.600000,10902.600000
2.800000,-2.500000,10694.800000
2.800000,-2.400000,10489.000000
2.800000,-2.300000,10285.200000
2.800000,-2.200000,10083.400000
2.800000,-2.100000,9883.600000
2.800000,-2.000000,9685.800000
2.800000,-1.900000,9490.000000
2.800000,-1.800000,9296.200000
2.800000,-1.700000,9104.400000
2.800000,-1.600000,8914.600000
2.800000,-1.500000,8726.800000
2.800000,-1.400000,8541.000000
2.800000,-1.300000,8357.200000
2.800000,-1.200000,8175.400000
2.800000,-1.100000,7995.600000
2.800000,-1.000000,7817.800000
2.800000,-0.900000,7642.000000
2.800000,-0.800000,7468.200000
2.800000,-0.700000,7296.400000
2.800000,-0.600000,7126.600000
2.800000,-0.500000,6958.800000
2.800000,-0.400000,6793.000000
2.800000,-0.300000,6629.200000
2.800000,-0.200000,6467.400000
2.800000,-0.100000,6307.600000
2.800000,-0.000000,6149.800000
2.800000,0.100000,5994.000000
2.800000,0.200000,5840.200000
2.800000,0.300000,5688.400000
2.800000,0.400000,5538.600000
2.800000,0.500000,5390.800000
2.800000,0.600000,5245.000000
2.800000,0.700000,5101.200000
2.800000,0.800000,4959.400000
2.800000,0.900000,4819.600000
2.800000,1.000000,4681.800000
2.800000,1.100000,4546.000000
2.800000,1.200000,4412.200000
2.800000,1.300000,4280.400000
2.800000,1.400000,4150.600000
2.800000,1.500000,4022.800000
2.800000,1.600000,3897.000000
2.800000,1.700000,3773.200000
2.800000,1.800000,3651.400000
2.800000,1.900000,3531.600000
2.800000,2.000000,3413.800000
2.800000,2.100000,3298.000000
2.800000,2.200000,3184.200000
2.800000,2.300000,3072.400000
2.800000,2.400000,2962.600000
2.800000,2.500000,2854.800000
2.800000,2.600000,2749.000000
2.800000,2.700000,2645.200000
2.800000,2.800000,2543.400000
2.800000,2.900000,2443.600000
2.800000,3.000000,2345.800000
2.800000,3.100000,2250.000000
2.800000,3.200000,2156.200000
2.800000,3.300000,2064.400000
2.800000,3.400000,1974.600000
2.800000,3.500000,1886.800000
2.800000,3.600000,1801.000000
2.800000,3.700000,1717.200000
2.800000,3.800000,1635.400000
2.800000,3.900000,1555.600000
2.800000,4.000000,1477.800000
2.800000,4.100000,1402.000000
2.800000,4.200000,1328.200000
2.800000,4.300000,1256.400000
2.800000,4.400000,1186.600000
2.800000,4.500000,1118.800000
2.800000,4.600000,1053.000000
2.800000,4.700000,989.200000
2.800000,4.800000,927.400000
2.800000,4.900000,867.600000
2.800000,5.000000,809.800000
2.900000,-5.000000,17986.420000
2.900000,-4.900000,17719.220000
2.900000,-4.800000,17454.020000
2.900000,-4.700000,17190.820000
2.900000,-4.600000,16929.620000
2.900000,-4.500000,16670.420000
2.900000,-4.400000,16413.220000
2.900000,-4.300000,16158.020000
2.900000,-4.200000,15904.820000
2.900000,-4.100000,15653.620000
2.900000,-4.000000,15404.420000
2.900000,-3.900000,15157.220000
2.900000,-3.800000,14912.020000
2.900000,-3.700000,14668.820000
2.900000,-3.600000,14427.620000
2.900000,-3.500000,14188.420000
2.900000,-3.400000,13951.220000
2.900000,-3.300000,13716.020000
2.900000,-3.200000,13482.820000
2.900000,-3.100000,13251.620000
2.900000,-3.000000,13022.420000
2.900000,-2.900000,12795.220000
2.900000,-2.800000,12570.020000
2.900000,-2.700000,12346.820000
2.900000,-2.600000,12125.620000
2.900000,-2.500000,11906.420000
2.900000,-2.400000,11689.220000
2.900000,-2.300000,11474.020000
2.900000,-2.200000,11260.820000
2.900000,-2.100000,11049.620000
2.900000,-2.000000,10840.420000
2.900000,-1.900000,10633.220000
2.900000,-1.800000,10428.020000
2.900000,-1.700000,10224.820000
2.900000,-1.600000,10023.620000
2.900000,-1.500000,9824.420000
2.900000,-1.400000,9627.220000
2.900000,-1.300000,9432.020000
2.900000,-1.200000,9238.820000
2.900000,-1.100000,9047.620000
2.900000,-1.000000,8858.420000
2.900000,-0.900000,8671.220000
2.900000,-0.800000,8486.020000
2.900000,-0.700000,8302.820000
2.900000,-0.600000,8121.620000
2.900000,-0.500000,7942.420000
2.900000,-0.400000,7765.220000
2.900000,-0.300000,7590.020000
2.900000,-0.200000,7416.820000
2.900000,-0.100000,7245.620000
2.900000,-0.000000,7076.420000
2.900000,0.100000,6909.220000
2.900000,0.200000,6744.020000
2.900000,0.300000,6580.820000
2.900000,0.400000,6419.620000
2.900000,0.500000,6260.420000
2.900000,0.600000,6103.220000
2.900000,0.700000,5948.020000
2.900000,0.800000,5794.820000
2.900000,0.900000,5643.620000
2.900000,1.000000,5494.420000
2.900000,1.100000,5347.220000
2.900000,1.200000,5202.020000
2.900000,1.300000,5058.820000
2.900000,1.400000,4917.620000
2.900000,1.500000,4778.420000
2.900000,1.600000,4641.220000
2.900000,1.700000,4506.020000
2.900000,1.800000,4372.820000
2.900000,1.900000,4241.620000
2.900000,2.000000,4112.420000
2.900000,2.100000,3985.220000
2.900000,2.200000,3860.020000
2.900000,2.300000,3736.820000
2.900000,2.400000,3615.620000
2.900000,2.500000,3496.420000
2.900000,2.600000,3379.220000
2.900000,2.700000,3264.020000
2.900000,2.800000,3150.820000
2.900000,2.900000,3039.620000
2.900000,3.000000,2930.420000
2.900000,3.100000,2823.220000
2.900000,3.200000,2718.020000
2.900000,3.300000,2614.820000
2.900000,3.400000,2513.620000
2.900000,3.500000,2414.420000
2.900000,3.600000,2317.220000
2.900000,3.700000,2222.020000
2.900000,3.800000,2128.820000
2.900000,3.900000,2037.620000
2.900000,4.000000,1948.420000
2.900000,4.100000,1861.220000
2.900000,4.200000,1776.020000
2.900000,4.300000,1692.820000
2.900000,4.400000,1611.620000
2.900000,4.500000,1532.420000
2.900000,4.600000,1455.220000
2.900000,4.700000,1380.020000
2.900000,4.800000,1306.820000
2.900000,4.900000,1235.620000
2.900000,5.000000,1166.420000
3.000000,-5.000000,19604.000000
3.000000,-4.900000,19325.000000
3.000000,-4.800000,19048.000000
3.000000,-4.700000,18773.000000
3.000000,-4.600000,18500.000000
3.000000,-4.500000,18229.000000
3.000000,-4.400000,17960.000000
3.000000,-4.300000,17693.000000
3.000000,-4.200000,17428.000000
3.000000,-4.100000,17165.000000
3.000000,-4.000000,16904.000000
3.000000,-3.900000,16645.000000
3.000000,-3.800000,16388.000000
3.000000,-3.700000,16133.000000
3.000000,-3.600000,15880.000000
3.000000,-3.500000,15629.000000
3.000000,-3.400000,15380.000000
3.000000,-3.300000,15133.000000
3.000000,-3.200000,14888.000000
3.000000,-3.100000,14645.000000
3.000000,-3.000000,14404.000000
3.000000,-2.900000,14165.000000
3.000000,-2.800000,13928.000000
3.000000,-2.700000,13693.000000
3.000000,-2.600000,13460.000000
3.000000,-2.500000,13229.000000
3.000000,-2.400000,13000.000000
3.000000,-2.300000,12773.000000
3.000000,-2.200000,12548.000000
3.000000,-2.100000,12325.000000
3.000000,-2.000000,12104.000000
3.000000,-1.900000,11885.000000
3.000000,-1.800000,11668.000000
3.000000,-1.700000,11453.000000
3.000000,-1.600000,11240.000000
3.000000,-1.500000,11029.000000
3.000000,-1.400000,10820.000000
3.000000,-1.300000,10613.000000
3.000000,-1.200000,10408.000000
3.000000,-1.100000,10205.000000
3.000000,-1.000000,10004.000000
3.000000,-0.900000,9805.000000
3.000000,-0.800000,9608.000000
3.000000,-0.700000,9413.000000
3.000000,-0.600000,9220.000000
3.000000,-0.500000,9029.000000
3.000000,-0.400000,8840.000000
3.000000,-0.300000,8653.000000
3.000000,-0.200000,8468.000000
3.000000,-0.100000,8285.000000
3.000000,-0.000000,8104.000000
3.000000,0.100000,7925.000000
3.000000,0.200000,7748.000000
3.000000,0.300000,7573.000000
3.000000,0.400000,7400.000000
3.000000,0.500000,7229.000000
3.000000,0.600000,7060.000000
3.000000,0.700000,6893.000000
3.000000,0.800000,6728.000000
3.000000,0.900000,6565.000000
3.000000,1.000000,6404.000000
3.000000,1.100000,6245.000000
3.000000,1.200000,6088.000000
3.000000,1.300000,5933.000000
3.000000,1.400000,5780.000000
3.000000,1.500000,5629.000000
3.000000,1.600000,5480.000000
3.000000,1.700000,5333.000000
3.000000,1.800000,5188.000000
3.000000,1.900000,5045.000000
3.000000,2.000000,4904.000000
3.000000,2.100000,4765.000000
3.000000,2.200000,4628.000000
3.000000,2.300000,4493.000000
3.000000,2.400000,4360.000000
3.000000,2.500000,4229.000000
3.000000,2.600000,4100.000000
3.000000,2.700000,3973.000000
3.000000,2.800000,3848.000000
3.000000,2.900000,3725.000000
3.000000,3.000000,3604.000000
3.000000,3.100000,3485.000000
3.000000,3.200000,3368.000000
3.000000,3.300000,3253.000000
3.000000,3.400000,3140.000000
3.000000,3.500000,3029.000000
3.000000,3.600000,2920.000000
3.000000,3.700000,2813.000000
3.000000,3.800000,2708.000000
3.000000,3.900000,2605.000000
3.000000,4.000000,2504.000000
3.000000,4.100000,2405.000000
3.000000,4.200000,2308.000000
3.000000,4.300000,2213.000000
3.000000,4.400000,2120.000000
3.000000,4.500000,2029.000000
3.000000,4.600000,1940.000000
3.000000,4.700000,1853.000000
3.000000,4.800000,1768.000000
3.000000,4.900000,1685.000000
3.000000,5.000000,1604.000000
3.100000,-5.000000,21349.620000
3.100000,-4.900000,21058.420000
3.100000,-4.800000,20769.220000
3.100000,-4.700000,20482.020000
3.100000,-4.600000,20196.820000
3.100000,-4.500000,19913.620000
3.100000,-4.400000,19632.420000
3.100000,-4.300000,19353.220000
3.100000,-4.200000,19076.020000
3.100000,-4.100000,18800.820000
3.100000,-4.000000,18527.620000
3.100000,-3.900000,18256.420000
3.100000,-3.800000,17987.220000
3.100000,-3.700000,17720.020000
3.100000,-3.600000,17454.820000
3.100000,-3.500000,17191.620000
3.100000,-3.400000,16930.420000
3.100000,-3.300000,16671.220000
3.100000,-3.200000,16414.020000
3.100000,-3.100000,16158.820000
3.100000,-3.000000,15905.620000
3.100000,-2.900000,15654.420000
3.100000,-2.800000,15405.220000
3.100000,-2.700000,15158.020000
3.100000,-2.600000,14912.820000
3.100000,-2.500000,14669.620000
3.100000,-2.400000,14428.420000
3.100000,-2.300000,14189.220000
3.100000,-2.200000,13952.020000
3.100000,-2.100000,13716.820000
3.100000,-2.000000,13483.620000
3.100000,-1.900000,13252.420000
3.100000,-1.800000,13023.220000
3.100000,-1.700000,12796.020000
3.100000,-1.600000,12570.820000
3.100000,-1.500000,12347.620000
3.100000,-1.400000,12126.420000
3.100000,-1.300000,11907.220000
3.100000,-1.200000,11690.020000
3.100000,-1.100000,11474.820000
3.100000,-1.000000,11261.620000
3.100000,-0.900000,11050.420000
3.100000,-0.800000,10841.220000
3.100000,-0.700000,10634.020000
3.100000,-0.600000,10428.820000
3.100000,-0.500000,10225.620000
3.100000,-0.400000,10024.420000
3.100000,-0.300000,9825.220000
3.100000,-0.200000,9628.020000
3.100000,-0.100000,9432.820000
3.100000,-0.000000,9239.620000
3.100000,0.100000,9048.420000
3.100000,0.200000,8859.220000
3.100000,0.300000,8672.020000
3.100000,0.400000,8486.820000
3.100000,0.500000,8303.620000
3.100000,0.600000,8122.420000
3.100000,0.700000,7943.220000
3.100000,0.800000,7766.020000
3.100000,0.900000,7590.820000
3.100000,1.000000,7417.620000
3.100000,1.100000,7246.420000
3.100000,1.200000,7077.220000
3.100000,1.300000,6910.020000
3.100000,1.400000,6744.820000
3.100000,1.500000,6581.620000
3.100000,1.600000,6420.420000
3.100000,1.700000,6261.220000
3.100000,1.800000,6104.020000
3.100000,1.900000,5948.820000
3.100000,2.000000,5795.620000
3.100000,2.100000,5644.420000
3.100000,2.200000,5495.220000
3.100000,2.300000,5348.020000
3.100000,2.400000,5202.820000
3.100000,2.500000,5059.620000
3.100000,2.600000,4918.420000
3.100000,2.700000,4779.220000
3.100000,2.800000,4642.020000
3.100000,2.900000,4506.820000
3.100000,3.000000,4373.620000
3.100000,3.100000,4242.420000
3.100000,3.200000,4113.220000
3.100000,3.300000,3986.020000
3.100000,3.400000,3860.820000
3.100000,3.500000,3737.620000
3.100000,3.600000,3616.420000
3.100000,3.700000,3497.220000
3.100000,3.800000,3380.020000
3.100000,3.900000,3264.820000
3.100000,4.000000,3151.620000
3.100000,4.100000,3040.420000
3.100000,4.200000,2931.220000
3.100000,4.300000,2824.020000
3.100000,4.400000,2718.820000
3.100000,4.500000,2615.620000
3.100000,4.600000,2514.420000
3.100000,4.700000,2415.220000
3.100000,4.800000,2318.020000
3.100000,4.900000,2222.820000
3.100000,5.000000,2129.620000
3.200000,-5.000000,23230.600000
3.200000,-4.900000,22926.800000
3.200000,-4.800000,22625.000000
3.200000,-4.700000,22325.200000
3.200000,-4.600000,22027.400000
3.200000,-4.500000,21731.600000
3.200000,-4.400000,21437.800000
3.200000,-4.300000,21146.000000
3.200000,-4.200000,20856.200000
3.200000,-4.100000,20568.400000
3.200000,-4.000000,20282.600000
3.200000,-3.900000,19998.800000
3.200000,-3.800000,19717.000000
3.200000,-3.700000,19437.200000
3.200000,-3.600000,19159.400000
3.200000,-3.500000,18883.600000
3.200000,-3.400000,18609.800000
3.200000,-3.300000,18338.000000
3.200000,-3.200000,18068.200000
3.200000,-3.100000,17800.400000
3.200000,-3.000000,17534.600000
3.200000,-2.900000,17270.800000
3.200000,-2.800000,17009.000000
3.200000,-2.700000,16749.200000
3.200000,-2.600000,16491.400000
3.200000,-2.500000,16235.600000
3.200000,-2.400000,15981.800000
3.200000,-2.300000,15730.000000
3.200000,-2.200000,15480.200000
3.200000,-2.100000,15232.400000
3.200000,-2.000000,14986.600000
3.200000,-1.900000,14742.800000
3.200000,-1.800000,14501.000000
3.200000,-1.700000,14261.200000
3.200000,-1.600000,14023.400000
3.200000,-1.500000,13787.600000
3.200000,-1.400000,13553.800000
3.200000,-1.300000,13322.000000
3.200000,-1.200000,13092.200000
3.200000,-1.100000,12864.400000
3.200000,-1.000000,12638.600000
3.200000,-0.900000,12414.800000
3.200000,-0.800000,12193.000000
3.200000,-0.700000,11973.200000
3.200000,-0.600000,11755.400000
3.200000,-0.500000,11539.600000
3.200000,-0.400000,11325.800000
3.200000,-0.300000,11114.000000
3.200000,-0.200000,10904.200000
3.200000,-0.100000,10696.400000
3.200000,-0.000000,10490.600000
3.200000,0.100000,10286.800000
3.200000,0.200000,10085.000000
3.200000,0.300000,9885.200000
3.200000,0.400000,9687.400000
3.200000,0.500000,9491.600000
3.200000,0.600000,9297.800000
3.200000,0.700000,9106.000000
3.200000,0.800000,8916.200000
3.200000,0.900000,8728.400000
3.200000,1.000000,8542.600000
3.200000,1.100000,8358.800000
3.200000,1.200000,8177.000000
3.200000,1.300000,7997.200000
3.200000,1.400000,7819.400000
3.200000,1.500000,7643.600000
3.200000,1.600000,7469.800000
3.200000,1.700000,7298.000000
3.200000,1.800000,7128.200000
3.200000,1.900000,6960.400000
3.200000,2.000000,6794.600000
3.200000,2.100000,6630.800000
3.200000,2.200000,6469.000000
3.200000,2.300000,6309.200000
3.200000,2.400000,6151.400000
3.200000,2.500000,5995.600000
3.200000,2.600000,5841.800000
3.200000,2.700000,5690.000000
3.200000,2.800000,5540.200000
3.200000,2.900000,5392.400000
3.200000,3.000000,5246.600000
3.200000,3.100000,5102.800000
3.200000,3.200000,4961.000000
3.200000,3.300000,4821.200000
3.200000,3.400000,4683.400000
3.200000,3.500000,4547.600000
3.200000,3.600000,4413.800000
3.200000,3.700000,4282.000000
3.200000,3.800000,4152.200000
3.200000,3.900000,4024.400000
3.200000,4.000000,3898.600000
3.200000,4.100000,3774.800000
3.200000,4.200000,3653.000000
3.200000,4.300000,3533.200000
3.200000,4.400000,3415.400000
3.200000,4.500000,3299.600000
3.200000,4.600000,3185.800000
3.200000,4.700000,3074.000000
3.200000,4.800000,2964.200000
3.200000,4.900000,2856.400000
3.200000,5.000000,2750.600000
3.300000,-5.000000,25254.500000
3.300000,-4.900000,24937.700000
3.300000,-4.800000,24622.900000
3.300000,-4.700000,24310.100000
3.300000,-4.600000,23999.300000
3.300000,-4.500000,23690.500000
3.300000,-4.400000,23383.700000
3.300000,-4.300000,23078.900000
3.300000,-4.200000,22776.100000
3.300000,-4.100000,22475.300000
3.300000,-4.000000,22176.500000
3.300000,-3.900000,21879.700000
3.300000,-3.800000,21584.900000
3.300000,-3.700000,21292.100000
3.300000,-3.600000,21001.300000
3.300000,-3.500000,20712.500000
3.300000,-3.400000,20425.700000
3.300000,-3.300000,20140.900000
3.300000,-3.200000,19858.100000
3.300000,-3.100000,19577.300000
3.300000,-3.000000,19298.500000
3.300000,-2.900000,19021.700000
3.300000,-2.800000,18746.900000
3.300000,-2.700000,18474.100000
3.300000,-2.600000,18203.300000
3.300000,-2.500000,17934.500000
3.300000,-2.400000,17667.700000
3.300000,-2.300000,17402.900000
3.300000,-2.200000,17140.100000
3.300000,-2.100000,16879.300000
3.300000,-2.000000,16620.500000
3.300000,-1.900000,16363.700000
3.300000,-1.800000,16108.900000
3.300000,-1.700000,15856.100000
3.300000,-1.600000,15605.300000
3.300000,-1.500000,15356.500000
3.300000,-1.400000,15109.700000
3.300000,-1.300000,14864.900000
3.300000,-1.200000,14622.100000
3.300000,-1.100000,14381.300000
3.300000,-1.000000,14142.500000
3.300000,-0.900000,13905.700000
3.300000,-0.800000,13670.900000
3.300000,-0.700000,13438.100000
3.300000,-0.600000,13207.300000
3.300000,-0.500000,12978.500000
3.300000,-0.400000,12751.700000
3.300000,-0.300000,12526.900000
3.300000,-0.200000,12304.100000
3.300000,-0.100000,12083.300000
3.300000,-0.000000,11864.500000
3.300000,0.100000,11647.700000
3.300000,0.200000,11432.900000
3.300000,0.300000,11220.100000
3.300000,0.400000,11009.300000
3.300000,0.500000,10800.500000
3.300000,0.600000,10593.700000
3.300000,0.700000,10388.900000
3.300000,0.800000,10186.100000
3.300000,0.900000,9985.300000
3.300000,1.000000,9786.500000
3.300000,1.100000,9589.700000
3.300000,1.200000,9394.900000
3.300000,1.300000,9202.100000
3.300000,1.400000,9011.300000
3.300000,1.500000,8822.500000
3.300000,1.600000,8635.700000
3.300000,1.700000,8450.900000
3.300000,1.800000,8268.100000
3.300000,1.900000,8087.300000
3.300000,2.000000,7908.500000
3.300000,2.100000,7731.700000
3.300000,2.200000,7556.900000
3.300000,2.300000,7384.100000
3.300000,2.400000,7213.300000
3.300000,2.500000,7044.500000
3.300000,2.600000,6877.700000
3.300000,2.700000,6712.900000
3.300000,2.800000,6550.100000
3.300000,2.900000,6389.300000
3.300000,3.000000,6230.500000
3.300000,3.100000,6073.700000
3.300000,3.200000,5918.900000
3.300000,3.300000,5766.100000
3.300000,3.400000,5615.300000
3.300000,3.500000,5466.500000
3.300000,3.600000,5319.700000
3.300000,3.700000,5174.900000
3.300000,3.800000,5032.100000
3.300000,3.900000,4891.300000
3.300000,4.000000,4752.500000
3.300000,4.100000,4615.700000
3.300000,4.200000,4480.900000
3.300000,4.300000,4348.100000
3.300000,4.400000,4217.300000
3.300000,4.500000,4088.500000
3.300000,4.600000,3961.700000
3.300000,4.700000,3836.900000
3.300000,4.800000,3714.100000
3.300000,4.900000,3593.300000
3.300000,5.000000,3474.500000
3.400000,-5.000000,27429.120000
3.400000,-4.900000,27098.920000
3.400000,-4.800000,26770.720000
3.400000,-4.700000,26444.520000
3.400000,-4.600000,26120.320000
3.400000,-4.500000,25798.120000
3.400000,-4.400000,25477.920000
3.400000,-4.300000,25159.720000
3.400000,-4.200000,24843.520000
3.400000,-4.100000,24529.320000
3.400000,-4.000000,24217.120000
3.400000,-3.900000,23906.920000
3.400000,-3.800000,23598.720000
3.400000,-3.700000,23292.520000
3.400000,-3.600000,22988.320000
3.400000,-3.500000,22686.120000
3.400000,-3.400000,22385.920000
3.400000,-3.300000,22087.720000
3.400000,-3.200000,21791.520000
3.400000,-3.100000,21497.320000
3.400000,-3.000000,21205.120000
3.400000,-2.900000,20914.920000
3.400000,-2.800000,20626.720000
3.400000,-2.700000,20340.520000
3.400000,-2.600000,20056.320000
3.400000,-2.500000,19774.120000
3.400000,-2.400000,19493.920000
3.400000,-2.300000,19215.720000
3.400000,-2.200000,18939.520000
3.400000,-2.100000,18665.320000
3.400000,-2.000000,18393.120000
3.400000,-1.900000,18122.920000
3.400000,-1.800000,17854.720000
3.400000,-1.700000,17588.520000
3.400000,-1.600000,17324.320000
3.400000,-1.500000,17062.120000
3.400000,-1.400000,16801.920000
3.400000,-1.300000,16543.720000
3.400000,-1.200000,16287.520000
3.400000,-1.100000,16033.320000
3.400000,-1.000000,15781.120000
3.400000,-0.900000,15530.920000
3.400000,-0.800000,15282.720000
3.400000,-0.700000,15036.520000
3.400000,-0.600000,14792.320000
3.400000,-0.500000,14550.120000
3.400000,-0.400000,14309.920000
3.400000,-0.300000,14071.720000
3.400000,-0.200000,13835.520000
3.400000,-0.100000,13601.320000
3.400000,-0.000000,13369.120000
3.400000,0.100000,13138.920000
3.400000,0.200000,12910.720000
3.400000,0.300000,12684.520000
3.400000,0.400000,12460.320000
3.400000,0.500000,12238.120000
3.400000,0.600000,12017.920000
3.400000,0.700000,11799.720000
3.400000,0.800000,11583.520000
3.400000,0.900000,11369.320000
3.400000,1.000000,11157.120000
3.400000,1.100000,10946.920000
3.400000,1.200000,10738.720000
3.400000,1.300000,10532.520000
3.400000,1.400000,10328.320000
3.400000,1.500000,10126.120000
3.400000,1.600000,9925.920000
3.400000,1.700000,9727.720000
3.400000,1.800000,9531.520000
3.400000,1.900000,9337.320000
3.400000,2.000000,9145.120000
3.400000,2.100000,8954.920000
3.400000,2.200000,8766.720000
3.400000,2.300000,8580.520000
3.400000,2.400000,8396.320000
3.400000,2.500000,8214.120000
3.400000,2.600000,8033.920000
3.400000,2.700000,7855.720000
3.400000,2.800000,7679.520000
3.400000,2.900000,7505.320000
3.400000,3.000000,7333.120000
3.400000,3.100000,7162.920000
3.400000,3.200000,6994.720000
3.400000,3.300000,6828.520000
3.400000,3.400000,6664.320000
3.400000,3.500000,6502.120000
3.400000,3.600000,6341.920000
3.400000,3.700000,6183.720000
3.400000,3.800000,6027.520000
3.400000,3.900000,5873.320000
3.400000,4.000000,5721.120000
3.400000,4.100000,5570.920000
3.400000,4.200000,5422.720000
3.400000,4.300000,5276.520000
3.400000,4.400000,5132.320000
3.400000,4.500000,4990.120000
3.400000,4.600000,4849.920000
3.400000,4.700000,4711.720000
3.400000,4.800000,4575.520000
3.400000,4.900000,4441.320000
3.400000,5.000000,4309.120000
3.500000,-5.000000,29762.500000
3.500000,-4.900000,29418.500000
3.500000,-4.800000,29076.500000
3.500000,-4.700000,28736.500000
3.500000,-4.600000,28398.500000
3.500000,-4.500000,28062.500000
3.500000,-4.400000,27728.500000
3.500000,-4.300000,27396.500000
3.500000,-4.200000,27066.500000
3.500000,-4.100000,26738.500000
3.500000,-4.000000,26412.500000
3.500000,-3.900000,26088.500000
3.500000,-3.800000,25766.500000
3.500000,-3.700000,25446.500000
3.500000,-3.600000,25128.500000
3.500000,-3.500000,24812.500000
3.500000,-3.400000,24498.500000
3.500000,-3.300000,24186.500000
3.500000,-3.200000,23876.500000
3.500000,-3.100000,23568.500000
3.500000,-3.000000,23262.500000
3.500000,-2.900000,22958.500000
3.500000,-2.800000,22656.500000
3.500000,-2.700000,22356.500000
3.500000,-2.600000,22058.500000
3.500000,-2.500000,21762.500000
3.500000,-2.400000,21468.500000
3.500000,-2.300000,21176.500000
3.500000,-2.200000,20886.500000
3.500000,-2.100000,20598.500000
3.500000,-2.000000,20312.500000
3.500000,-1.900000,20028.500000
3.500000,-1.800000,19746.500000
3.500000,-1.700000,19466.500000
3.500000,-1.600000,19188.500000
3.500000,-1.500000,18912.500000
3.500000,-1.400000,18638.500000
3.500000,-1.300000,18366.500000
3.500000,-1.200000,18096.500000
3.500000,-1.100000,17828.500000
3.500000,-1.000000,17562.500000
3.500000,-0.900000,17298.500000
3.500000,-0.800000,17036.500000
3.500000,-0.700000,16776.500000
3.500000,-0.600000,16518.500000
3.500000,-0.500000,16262.500000
3.500000,-0.400000,16008.500000
3.500000,-0.300000,15756.500000
3.500000,-0.200000,15506.500000
3.500000,-0.100000,15258.500000
3.500000,-0.000000,15012.500000
3.500000,0.100000,14768.500000
3.500000,0.200000,14526.500000
3.500000,0.300000,14286.500000
3.500000,0.400000,14048.500000
3.500000,0.500000,13812.500000
3.500000,0.600000,13578.500000
3.500000,0.700000,13346.500000
3.500000,0.800000,13116.500000
3.500000,0.900000,12888.500000
3.500000,1.000000,12662.500000
3.500000,1.100000,12438.500000
3.500000,1.200000,12216.500000
3.500000,1.300000,11996.500000
3.500000,1.400000,11778.500000
3.500000,1.500000,11562.500000
3.500000,1.600000,11348.500000
3.500000,1.700000,11136.500000
3.500000,1.800000,10926.500000
3.500000,1.900000,10718.500000
3.500000,2.000000,10512.500000
3.500000,2.100000,10308.500000
3.500000,2.200000,10106.500000
3.500000,2.300000,9906.500000
3.500000,2.400000,9708.500000
3.500000,2.500000,9512.500000
3.500000,2.600000,9318.500000
3.500000,2.700000,9126.500000
3.500000,2.800000,8936.500000
3.500000,2.900000,8748.500000
3.500000,3.000000,8562.500000
3.500000,3.100000,8378.500000
3.500000,3.200000,8196.500000
3.500000,3.300000,8016.500000
3.500000,3.400000,7838.500000
3.500000,3.500000,7662.500000
3.500000,3.600000,7488.500000
3.500000,3.700000,7316.500000
3.500000,3.800000,7146.500000
3.500000,3.900000,6978.500000
3.500000,4.000000,6812.500000
3.500000,4.100000,6648.500000
3.500000,4.200000,6486.500000
3.500000,4.300000,6326.500000
3.500000,4.400000,6168.500000
3.500000,4.500000,6012.500000
3.500000,4.600000,5858.500000
3.500000,4.700000,5706.500000
3.500000,4.800000,5556.500000
3.500000,4.900000,5408.500000
3.500000,5.000000,5262.500000
3.600000,-5.000000,32262.920000
3.600000,-4.900000,31904.720000
3.600000,-4.800000,31548.520000
3.600000,-4.700000,31194.320000
3.600000,-4.600000,30842.120000
3.600000,-4.500000,30491.920000
3.600000,-4.400000,30143.720000
3.600000,-4.300000,29797.520000
3.600000,-4.200000,29453.320000
3.600000,-4.100000,29111.120000
3.600000,-4.000000,28770.920000
3.600000,-3.900000,28432.720000
3.600000,-3.800000,28096.520000
3.600000,-3.700000,27762.320000
3.600000,-3.600000,27430.120000
3.600000,-3.500000,27099.920000
3.600000,-3.400000,26771.720000
3.600000,-3.300000,26445.520000
3.600000,-3.200000,26121.320000
3.600000,-3.100000,25799.120000
3.600000,-3.000000,25478.920000
3.600000,-2.900000,25160.720000
3.600000,-2.800000,24844.520000
3.600000,-2.700000,24530.320000
3.600000,-2.600000,24218.120000
3.600000,-2.500000,23907.920000
3.600000,-2.400000,23599.720000
3.600000,-2.300000,23293.520000
3.600000,-2.200000,22989.320000
3.600000,-2.100000,22687.120000
3.600000,-2.000000,22386.920000
3.600000,-1.900000,22088.720000
3.600000,-1.800000,21792.520000
3.600000,-1.700000,21498.320000
3.600000,-1.600000,21206.120000
3.600000,-1.500000,20915.920000
3.600000,-1.400000,20627.720000
3.600000,-1.300000,20341.520000
3.600000,-1.200000,20057.320000
3.600000,-1.100000,19775.120000
3.600000,-1.000000,19494.920000
3.600000,-0.900000,19216.720000
3.600000,-0.800000,18940.520000
3.600000,-0.700000,18666.320000
3.600000,-0.600000,18394.120000
3.600000,-0.500000,18123.920000
3.600000,-0.400000,17855.720000
3.600000,-0.300000,17589.520000
3.600000,-0.200000,17325.320000
3.600000,-0.100000,17063.120000
3.600000,-0.000000,16802.920000
3.600000,0.100000,16544.720000
3.600000,0.200000,16288.520000
3.600000,0.300000,16034.320000
3.600000,0.400000,15782.120000
3.600000,0.500000,15531.920000
3.600000,0.600000,15283.720000
3.600000,0.700000,15037.520000
3.600000,0.800000,14793.320000
3.600000,0.900000,14551.120000
3.600000,1.000000,14310.920000
3.600000,1.100000,14072.720000
3.600000,1.200000,13836.520000
3.600000,1.300000,13602.320000
3.600000,1.400000,13370.120000
3.600000,1.500000,13139.920000
3.600000,1.600000,12911.720000
3.600000,1.700000,12685.520000
3.600000,1.800000,12461.320000
3.600000,1.900000,12239.120000
3.600000,2.000000,12018.920000
3.600000,2.100000,11800.720000
3.600000,2.200000,11584.520000
3.600000,2.300000,11370.320000
3.600000,2.400000,11158.120000
3.600000,2.500000,10947.920000
3.600000,2.600000,10739.720000
3.600000,2.700000,10533.520000
3.600000,2.800000,10329.320000
3.600000,2.900000,10127.120000
3.600000,3.000000,9926.920000
3.600000,3.100000,9728.720000
3.600000,3.200000,9532.520000
3.600000,3.300000,9338.320000
3.600000,3.400000,9146.120000
3.600000,3.500000,8955.920000
3.600000,3.600000,8767.720000
3.600000,3.700000,8581.520000
3.600000,3.800000,8397.320000
3.600000,3.900000,8215.120000
3.600000,4.000000,8034.920000
3.600000,4.100000,7856.720000
3.600000,4.200000,7680.520000
3.600000,4.300000,7506.320000
3.600000,4.400000,7334.120000
3.600000,4.500000,7163.920000
3.600000,4.600000,6995.720000
3.600000,4.700000,6829.520000
3.600000,4.800000,6665.320000
3.600000,4.900000,6503.120000
3.600000,5.000000,6342.920000
3.700000,-5.000000,34938.900000
3.700000,-4.900000,34566.100000
3.700000,-4.800000,34195.300000
3.700000,-4.700000,33826.500000
3.700000,-4.600000,33459.700000
3.700000,-4.500000,33094.900000
3.700000,-4.400000,32732.100000
3.700000,-4.300000,32371.300000
3.700000,-4.200000,32012.500000
3.700000,-4.100000,31655.700000
3.700000,-4.000000,31300.900000
3.700000,-3.900000,30948.100000
3.700000,-3.800000,30597.300000
3.700000,-3.700000,30248.500000
3.700000,-3.600000,29901.700000
3.700000,-3.500000,29556.900000
3.700000,-3.400000,29214.100000
3.700000,-3.300000,28873.300000
3.700000,-3.200000,28534.500000
3.700000,-3.100000,28197.700000
3.700000,-3.000000,27862.900000
3.700000,-2.900000,27530.100000
3.700000,-2.800000,27199.300000
3.700000,-2.700000,26870.500000
3.700000,-2.600000,26543.700000
3.700000,-2.500000,26218.900000
3.700000,-2.400000,25896.100000
3.700000,-2.300000,25575.300000
3.700000,-2.200000,25256.500000
3.700000,-2.100000,24939.700000
3.700000,-2.000000,24624.900000
3.700000,-1.900000,24312.100000
3.700000,-1.800000,24001.300000
3.700000,-1.700000,23692.500000
3.700000,-1.600000,23385.700000
3.700000,-1.500000,23080.900000
3.700000,-1.400000,22778.100000
3.700000,-1.300000,22477.300000
3.700000,-1.200000,22178.500000
3.700000,-1.100000,21881.700000
3.700000,-1.000000,21586.900000
3.700000,-0.900000,21294.100000
3.700000,-0.800000,21003.300000
3.700000,-0.700000,20714.500000
3.700000,-0.600000,20427.700000
3.700000,-0.500000,20142.900000
3.700000,-0.400000,19860.100000
3.700000,-0.300000,19579.300000
3.700000,-0.200000,19300.500000
3.700000,-0.100000,19023.700000
3.700000,-0.000000,18748.900000
3.700000,0.100000,18476.100000
3.700000,0.200000,18205.300000
3.700000,0.300000,17936.500000
3.700000,0.400000,17669.700000
3.700000,0.500000,17404.900000
3.700000,0.600000,17142.100000
3.700000,0.700000,16881.300000
3.700000,0.800000,16622.500000
3.700000,0.900000,16365.700000
3.700000,1.000000,16110.900000
3.700000,1.100000,15858.100000
3.700000,1.200000,15607.300000
3.700000,1.300000,15358.500000
3.700000,1.400000,15111.700000
3.700000,1.500000,14866.900000
3.700000,1.600000,14624.100000
3.700000,1.700000,14383.300000
3.700000,1.800000,14144.500000
3.700000,1.900000,13907.700000
3.700000,2.000000,13672.900000
3.700000,2.100000,13440.100000
3.700000,2.200000,13209.300000
3.700000,2.300000,12980.500000
3.700000,2.400000,12753.700000
3.700000,2.500000,12528.900000
3.700000,2.600000,12306.100000
3.700000,2.700000,12085.300000
3.700000,2.800000,11866.500000
3.700000,2.900000,11649.700000
3.700000,3.000000,11434.900000
3.700000,3.100000,11222.100000
3.700000,3.200000,11011.300000
3.700000,3.300000,10802.500000
3.700000,3.400000,10595.700000
3.700000,3.500000,10390.900000
3.700000,3.600000,10188.100000
3.700000,3.700000,9987.300000
3.700000,3.800000,9788.500000
3.700000,3.900000,9591.700000
3.700000,4.000000,9396.900000
3.700000,4.100000,9204.100000
3.700000,4.200000,9013.300000
3.700000,4.300000,8824.500000
3.700000,4.400000,8637.700000
3.700000,4.500000,8452.900000
3.700000,4.600000,8270.100000
3.700000,4.700000,8089.300000
3.700000,4.800000,7910.500000
3.700000,4.900000,7733.700000
3.700000,5.000000,7558.900000
3.800000,-5.000000,37799.200000
3.800000,-4.900000,37411.400000
3.800000,-4.800000,37025.600000
3.800000,-4.700000,36641.800000
3.800000,-4.600000,36260.000000
3.800000,-4.500000,35880.200000
3.800000,-4.400000,35502.400000
3.800000,-4.300000,35126.600000
3.800000,-4.200000,34752.800000
3.800000,-4.100000,34381.000000
3.800000,-4.000000,34011.200000
3.800000,-3.900000,33643.400000
3.800000,-3.800000,33277.600000
3.800000,-3.700000,32913.800000
3.800000,-3.600000,32552.000000
3.800000,-3.500000,32192.200000
3.800000,-3.400000,31834.400000
3.800000,-3.300000,31478.600000
3.800000,-3.200000,31124.800000
3.800000,-3.100000,30773.000000
3.800000,-3.000000,30423.200000
3.800000,-2.900000,30075.400000
3.800000,-2.800000,29729.600000
3.800000,-2.700000,29385.800000
3.800000,-2.600000,29044.000000
3.800000,-2.500000,28704.200000
3.800000,-2.400000,28366.400000
3.800000,-2.300000,28030.600000
3.800000,-2.200000,27696.800000
3.800000,-2.100000,27365.000000
3.800000,-2.000000,27035.200000
3.800000,-1.900000,26707.400000
3.800000,-1.800000,26381.600000
3.800000,-1.700000,26057.800000
3.800000,-1.600000,25736.000000
3.800000,-1.500000,25416.200000
3.800000,-1.400000,25098.400000
3.800000,-1.300000,24782.600000
3.800000,-1.200000,24468.800000
3.800000,-1.100000,24157.000000
3.800000,-1.000000,23847.200000
3.800000,-0.900000,23539.400000
3.800000,-0.800000,23233.600000
3.800000,-0.700000,22929.800000
3.800000,-0.600000,22628.000000
3.800000,-0.500000,22328.200000
3.800000,-0.400000,22030.400000
3.800000,-0.300000,21734.600000
3.800000,-0.200000,21440.800000
3.800000,-0.100000,21149.000000
3.800000,-0.000000,20859.200000
3.800000,0.100000,20571.400000
3.800000,0.200000,20285.600000
3.800000,0.300000,20001.800000
3.800000,0.400000,19720.000000
3.800000,0.500000,19440.200000
3.800000,0.600000,19162.400000
3.800000,0.700000,18886.600000
3.800000,0.800000,18612.800000
3.800000,0.900000,18341.000000
3.800000,1.000000,18071.200000
3.800000,1.100000,17803.400000
3.800000,1.200000,17537.600000
3.800000,1.300000,17273.800000
3.800000,1.400000,17012.000000
3.800000,1.500000,16752.200000
3.800000,1.600000,16494.400000
3.800000,1.700000,16238.600000
3.800000,1.800000,15984.800000
3.800000,1.900000,15733.000000
3.800000,2.000000,15483.200000
3.800000,2.100000,15235.400000
3.800000,2.200000,14989.600000
3.800000,2.300000,14745.800000
3.800000,2.400000,14504.000000
3.800000,2.500000,14264.200000
3.800000,2.600000,14026.400000
3.800000,2.700000,13790.600000
3.800000,2.800000,13556.800000
3.800000,2.900000,13325.000000
3.800000,3.000000,13095.200000
3.800000,3.100000,12867.400000
3.800000,3.200000,12641.600000
3.800000,3.300000,12417.800000
3.800000,3.400000,12196.000000
3.800000,3.500000,11976.200000
3.800000,3.600000,11758.400000
3.800000,3.700000,11542.600000
3.800000,3.800000,11328.800000
3.800000,3.900000,11117.000000
3.800000,4.000000,10907.200000
3.800000,4.100000,10699.400000
3.800000,4.200000,10493.600000
3.800000,4.300000,10289.800000
3.800000,4.400000,10088.000000
3.800000,4.500000,9888.200000
3.800000,4.600000,9690.400000
3.800000,4.700000,9494.600000
3.800000,4.800000,9300.800000
3.800000,4.900000,9109.000000
3.800000,5.000000,8919.200000
3.900000,-5.000000,40852.820000
3.900000,-4.900000,40449.620000
3.900000,-4.800000,40048.420000
3.900000,-4.700000,39649.220000
3.900000,-4.600000,39252.020000
3.900000,-4.500000,38856.820000
3.900000,-4.400000,38463.620000
3.900000,-4.300000,38072.420000
3.900000,-4.200000,37683.220000
3.900000,-4.100000,37296.020000
3.900000,-4.000000,36910.820000
3.900000,-3.900000,36527.620000
3.900000,-3.800000,36146.420000
3.900000,-3.700000,35767.220000
3.900000,-3.600000,35390.020000
3.900000,-3.500000,35014.820000
3.900000,-3.400000,34641.620000
3.900000,-3.300000,34270.420000
3.900000,-3.200000,33901.220000
3.900000,-3.100000,33534.020000
3.900000,-3.000000,33168.820000
3.900000,-2.900000,32805.620000
3.900000,-2.800000,32444.420000
3.900000,-2.700000,32085.220000
3.900000,-2.600000,31728.020000
3.900000,-2.500000,31372.820000
3.900000,-2.400000,31019.620000
3.900000,-2.300000,30668.420000
3.900000,-2.200000,30319.220000
3.900000,-2.100000,29972.020000
3.900000,-2.000000,29626.820000
3.900000,-1.900000,29283.620000
3.900000,-1.800000,28942.420000
3.900000,-1.700000,28603.220000
3.900000,-1.600000,28266.020000
3.900000,-1.500000,27930.820000
3.900000,-1.400000,27597.620000
3.900000,-1.300000,27266.420000
3.900000,-1.200000,26937.220000
3.900000,-1.100000,26610.020000
3.900000,-1.000000,26284.820000
3.900000,-0.900000,25961.620000
3.900000,-0.800000,25640.420000
3.900000,-0.700000,25321.220000
3.900000,-0.600000,25004.020000
3.900000,-0.500000,24688.820000
3.900000,-0.400000,24375.620000
3.900000,-0.300000,24064.420000
3.900000,-0.200000,23755.220000
3.900000,-0.100000,23448.020000
3.900000,-0.000000,23142.820000
3.900000,0.100000,22839.620000
3.900000,0.200000,22538.420000
3.900000,0.300000,22239.220000
3.900000,0.400000,21942.020000
3.900000,0.500000,21646.820000
3.900000,0.600000,21353.620000
3.900000,0.700000,21062.420000
3.900000,0.800000,20773.220000
3.900000,0.900000,20486.020000
3.900000,1.000000,20200.820000
3.900000,1.100000,19917.620000
3.900000,1.200000,19636.420000
3.900000,1.300000,19357.220000
3.900000,1.400000,19080.020000
3.900000,1.500000,18804.820000
3.900000,1.600000,18531.620000
3.900000,1.700000,18260.420000
3.900000,1.800000,17991.220000
3.900000,1.900000,17724.020000
3.900000,2.000000,17458.820000
3.900000,2.100000,17195.620000
3.900000,2.200000,16934.420000
3.900000,2.300000,16675.220000
3.900000,2.400000,16418.020000
3.900000,2.500000,16162.820000
3.900000,2.600000,15909.620000
3.900000,2.700000,15658.420000
3.900000,2.800000,15409.220000
3.900000,2.900000,15162.020000
3.900000,3.000000,14916.820000
3.900000,3.100000,14673.620000
3.900000,3.200000,14432.420000
3.900000,3.300000,14193.220000
3.900000,3.400000,13956.020000
3.900000,3.500000,13720.820000
3.900000,3.600000,13487.620000
3.900000,3.700000,13256.420000
3.900000,3.800000,13027.220000
3.900000,3.900000,12800.020000
3.900000,4.000000,12574.820000
3.900000,4.100000,12351.620000
3.900000,4.200000,12130.420000
3.900000,4.300000,11911.220000
3.900000,4.400000,11694.020000
3.900000,4.500000,11478.820000
3.900000,4.600000,11265.620000
3.900000,4.700000,11054.420000
3.900000,4.800000,10845.220000
3.900000,4.900000,10638.020000
3.900000,5.000000,10432.820000
4.000000,-5.000000,44109.000000
4.000000,-4.900000,43690.000000
4.000000,-4.800000,43273.000000
4.000000,-4.700000,42858.000000
4.000000,-4.600000,42445.000000
4.000000,-4.500000,42034.000000
4.000000,-4.400000,41625.000000
4.000000,-4.300000,41218.000000
4.000000,-4.200000,40813.000000
4.000000,-4.100000,40410.000000
4.000000,-4.000000,40009.000000
4.000000,-3.900000,39610.000000
4.000000,-3.800000,39213.000000
4.000000,-3.700000,38818.000000
4.000000,-3.600000,38425.000000
4.000000,-3.500000,38034.000000
4.000000,-3.400000,37645.000000
4.000000,-3.300000,37258.000000
4.000000,-3.200000,36873.000000
4.000000,-3.100000,36490.000000
4.000000,-3.000000,36109.000000
4.000000,-2.900000,35730.000000
4.000000,-2.800000,35353.000000
4.000000,-2.700000,34978.000000
4.000000,-2.600000,34605.000000
4.000000,-2.500000,34234.000000
4.000000,-2.400000,33865.000000
4.000000,-2.300000,33498.000000
4.000000,-2.200000,33133.000000
4.000000,-2.100000,32770.000000
4.000000,-2.000000,32409.000000
4.000000,-1.900000,32050.000000
4.000000,-1.800000,31693.000000
4.000000,-1.700000,31338.000000
4.000000,-1.600000,30985.000000
4.000000,-1.500000,30634.000000
4.000000,-1.400000,30285.000000
4.000000,-1.300000,29938.000000
4.000000,-1.200000,29593.000000
4.000000,-1.100000,29250.000000
4.000000,-1.000000,28909.000000
4.000000,-0.900000,28570.000000
4.000000,-0.800000,28233.000000
4.000000,-0.700000,27898.000000
4.000000,-0.600000,27565.000000
4.000000,-0.500000,27234.000000
4.000000,-0.400000,26905.000000
4.000000,-0.300000,26578.000000
4.000000,-0.200000,26253.000000
4.000000,-0.100000,25930.000000
4.000000,-0.000000,25609.000000
4.000000,0.100000,25290.000000
4.000000,0.200000,24973.000000
4.000000,0.300000,24658.000000
4.000000,0.400000,24345.000000
4.000000,0.500000,24034.000000
4.000000,0.600000,23725.000000
4.000000,0.700000,23418.000000
4.000000,0.800000,23113.000000
4.000000,0.900000,22810.000000
4.000000,1.000000,22509.000000
4.000000,1.100000,22210.000000
4.000000,1.200000,21913.000000
4.000000,1.300000,21618.000000
4.000000,1.400000,21325.000000
4.000000,1.500000,21034.000000
4.000000,1.600000,20745.000000
4.000000,1.700000,20458.000000
4.000000,1.800000,20173.000000
4.000000,1.900000,19890.000000
4.000000,2.000000,19609.000000
4.000000,2.100000,19330.000000
4.000000,2.200000,19053.000000
4.000000,2.300000,18778.000000
4.000000,2.400000,18505.000000
4.000000,2.500000,18234.000000
4.000000,2.600000,17965.000000
4.000000,2.700000,17698.000000
4.000000,2.800000,17433.000000
4.000000,2.900000,17170.000000
4.000000,3.000000,16909.000000
4.000000,3.100000,16650.000000
4.000000,3.200000,16393.000000
4.000000,3.300000,16138.000000
4.000000,3.400000,15885.000000
4.000000,3.500000,15634.000000
4.000000,3.600000,15385.000000
4.000000,3.700000,15138.000000
4.000000,3.800000,14893.000000
4.000000,3.900000,14650.000000
4.000000,4.000000,14409.000000
4.000000,4.100000,14170.000000
4.000000,4.200000,13933.000000
4.000000,4.300000,13698.000000
4.000000,4.400000,13465.000000
4.000000,4.500000,13234.000000
4.000000,4.600000,13005.000000
4.000000,4.700000,12778.000000
4.000000,4.800000,12553.000000
4.000000,4.900000,12330.000000
4.000000,5.000000,12109.000000
4.100000,-5.000000,47577.220000
4.100000,-4.900000,47142.020000
4.100000,-4.800000,46708.820000
4.100000,-4.700000,46277.620000
4.100000,-4.600000,45848.420000
4.100000,-4.500000,45421.220000
4.100000,-4.400000,44996.020000
4.100000,-4.300000,44572.820000
4.100000,-4.200000,44151.620000
4.100000,-4.100000,43732.420000
4.100000,-4.000000,43315.220000
4.100000,-3.900000,42900.020000
4.100000,-3.800000,42486.820000
4.100000,-3.700000,42075.620000
4.100000,-3.600000,41666.420000
4.100000,-3.500000,41259.220000
4.100000,-3.400000,40854.020000
4.100000,-3.300000,40450.820000
4.100000,-3.200000,40049.620000
4.100000,-3.100000,39650.420000
4.100000,-3.000000,39253.220000
4.100000,-2.900000,38858.020000
4.100000,-2.800000,38464.820000
4.100000,-2.700000,38073.620000
4.100000,-2.600000,37684.420000
4.100000,-2.500000,37297.220000
4.100000,-2.400000,36912.020000
4.100000,-2.300000,36528.820000
4.100000,-2.200000,36147.620000
4.100000,-2.100000,35768.420000
4.100000,-2.000000,35391.220000
4.100000,-1.900000,35016.020000
4.100000,-1.800000,34642.820000
4.100000,-1.700000,34271.620000
4.100000,-1.600000,33902.420000
4.100000,-1.500000,33535.220000
4.100000,-1.400000,33170.020000
4.100000,-1.300000,32806.820000
4.100000,-1.200000,32445.620000
4.100000,-1.100000,32086.420000
4.100000,-1.000000,31729.220000
4.100000,-0.900000,31374.020000
4.100000,-0.800000,31020.820000
4.100000,-0.700000,30669.620000
4.100000,-0.600000,30320.420000
4.100000,-0.500000,29973.220000
4.100000,-0.400000,29628.020000
4.100000,-0.300000,29284.820000
4.100000,-0.200000,28943.620000
4.100000,-0.100000,28604.420000
4.100000,-0.000000,28267.220000
4.100000,0.100000,27932.020000
4.100000,0.200000,27598.820000
4.100000,0.300000,27267.620000
4.100000,0.400000,26938.420000
4.100000,0.500000,26611.220000
4.100000,0.600000,26286.020000
4.100000,0.700000,25962.820000
4.100000,0.800000,25641.620000
4.100000,0.900000,25322.420000
4.100000,1.000000,25005.220000
4.100000,1.100000,24690.020000
4.100000,1.200000,24376.820000
4.100000,1.300000,24065.620000
4.100000,1.400000,23756.420000
4.100000,1.500000,23449.220000
4.100000,1.600000,23144.020000
4.100000,1.700000,22840.820000
4.100000,1.800000,22539.620000
4.100000,1.900000,22240.420000
4.100000,2.000000,21943.220000
4.100000,2.100000,21648.020000
4.100000,2.200000,21354.820000
4.100000,2.300000,21063.620000
4.100000,2.400000,20774.420000
4.100000,2.500000,20487.220000
4.100000,2.600000,20202.020000
4.100000,2.700000,19918.820000
4.100000,2.800000,19637.620000
4.100000,2.900000,19358.420000
4.100000,3.000000,19081.220000
4.100000,3.100000,18806.020000
4.100000,3.200000,18532.820000
4.100000,3.300000,18261.620000
4.100000,3.400000,17992.420000
4.100000,3.500000,17725.220000
4.100000,3.600000,17460.020000
4.100000,3.700000,17196.820000
4.100000,3.800000,16935.620000
4.100000,3.900000,16676.420000
4.100000,4.000000,16419.220000
4.100000,4.100000,16164.020000
4.100000,4.200000,15910.820000
4.100000,4.300000,15659.620000
4.100000,4.400000,15410.420000
4.100000,4.500000,15163.220000
4.100000,4.600000,14918.020000
4.100000,4.700000,14674.820000
4.100000,4.800000,14433.620000
4.100000,4.900000,14194.420000
4.100000,5.000000,13957.220000
4.200000,-5.000000,51267.200000
4.200000,-4.900000,50815.400000
4.200000,-4.800000,50365.600000
4.200000,-4.700000,49917.800000
4.200000,-4.600000,49472.000000
4.200000,-4.500000,49028.200000
4.200000,-4.400000,48586.400000
4.200000,-4.300000,48146.600000
4.200000,-4.200000,47708.800000
4.200000,-4.100000,47273.000000
4.200000,-4.000000,46839.200000
4.200000,-3.900000,46407.400000
4.200000,-3.800000,45977.600000
4.200000,-3.700000,45549.800000
4.200000,-3.600000,45124.000000
4.200000,-3.500000,44700.200000
4.200000,-3.400000,44278.400000
4.200000,-3.300000,43858.600000
4.200000,-3.200000,43440.800000
4.200000,-3.100000,43025.000000
4.200000,-3.000000,42611.200000
4.200000,-2.900000,42199.400000
4.200000,-2.800000,41789.600000
4.200000,-2.700000,41381.800000
4.200000,-2.600000,40976.000000
4.200000,-2.500000,40572.200000
4.200000,-2.400000,40170.400000
4.200000,-2.300000,39770.600000
4.200000,-2.200000,39372.800000
4.200000,-2.100000,38977.000000
4.200000,-2.000000,38583.200000
4.200000,-1.900000,38191.400000
4.200000,-1.800000,37801.600000
4.200000,-1.700000,37413.800000
4.200000,-1.600000,37028.000000
4.200000,-1.500000,36644.200000
4.200000,-1.400000,36262.400000
4.200000,-1.300000,35882.600000
4.200000,-1.200000,35504.800000
4.200000,-1.100000,35129.000000
4.200000,-1.000000,34755.200000
4.200000,-0.900000,34383.400000
4.200000,-0.800000,34013.600000
4.200000,-0.700000,33645.800000
4.200000,-0.600000,33280.000000
4.200000,-0.500000,32916.200000
4.200000,-0.400000,32554.400000
4.200000,-0.300000,32194.600000
4.200000,-0.200000,31836.800000
4.200000,-0.100000,31481.000000
4.200000,-0.000000,31127.200000
4.200000,0.100000,30775.400000
4.200000,0.200000,30425.600000
4.200000,0.300000,30077.800000
4.200000,0.400000,29732.000000
4.200000,0.500000,29388.200000
4.200000,0.600000,29046.400000
4.200000,0.700000,28706.600000
4.200000,0.800000,28368.800000
4.200000,0.900000,28033.000000
4.200000,1.000000,27699.200000
4.200000,1.100000,27367.400000
4.200000,1.200000,27037.600000
4.200000,1.300000,26709.800000
4.200000,1.400000,26384.000000
4.200000,1.500000,26060.200000
4.200000,1.600000,25738.400000
4.200000,1.700000,25418.600000
4.200000,1.800000,25100.800000
4.200000,1.900000,24785.000000
4.200000,2.000000,24471.200000
4.200000,2.100000,24159.400000
4.200000,2.200000,23849.600000
4.200000,2.300000,23541.800000
4.200000,2.400000,23236.000000
4.200000,2.500000,22932.200000
4.200000,2.600000,22630.400000
4.200000,2.700000,22330.600000
4.200000,2.800000,22032.800000
4.200000,2.900000,21737.000000
4.200000,3.000000,21443.200000
4.200000,3.100000,21151.400000
4.200000,3.200000,20861.600000
4.200000,3.300000,20573.800000
4.200000,3.400000,20288.000000
4.200000,3.500000,20004.200000
4.200000,3.600000,19722.400000
4.200000,3.700000,19442.600000
4.200000,3.800000,19164.800000
4.200000,3.900000,18889.000000
4.200000,4.000000,18615.200000
4.200000,4.100000,18343.400000
4.200000,4.200000,18073.600000
4.200000,4.300000,17805.800000
4.200000,4.400000,17540.000000
4.200000,4.500000,17276.200000
4.200000,4.600000,17014.400000
4.200000,4.700000,16754.600000
4.200000,4.800000,16496.800000
4.200000,4.900000,16241.000000
4.200000,5.000000,15987.200000
4.300000,-5.000000,55188.900000
4.300000,-4.900000,54720.100000
4.300000,-4.800000,54253.300000
4.300000,-4.700000,53788.500000
4.300000,-4.600000,53325.700000
4.300000,-4.500000,52864.900000
4.300000,-4.400000,52406.100000
4.300000,-4.300000,51949.300000
4.300000,-4.200000,51494.500000
4.300000,-4.100000,51041.700000
4.300000,-4.000000,50590.900000
4.300000,-3.900000,50142.100000
4.300000,-3.800000,49695.300000
4.300000,-3.700000,49250.500000
4.300000,-3.600000,48807.700000
4.300000,-3.500000,48366.900000
4.300000,-3.400000,47928.100000
4.300000,-3.300000,47491.300000
4.300000,-3.200000,47056.500000
4.300000,-3.100000,46623.700000
4.300000,-3.000000,46192.900000
4.300000,-2.900000,45764.100000
4.300000,-2.800000,45337.300000
4.300000,-2.700000,44912.500000
4.300000,-2.600000,44489.700000
4.300000,-2.500000,44068.900000
4.300000,-2.400000,43650.100000
4.300000,-2.300000,43233.300000
4.300000,-2.200000,42818.500000
4.300000,-2.100000,42405.700000
4.300000,-2.000000,41994.900000
4.300000,-1.900000,41586.100000
4.300000,-1.800000,41179.300000
4.300000,-1.700000,40774.500000
4.300000,-1.600000,40371.700000
4.300000,-1.500000,39970.900000
4.300000,-1.400000,39572.100000
4.300000,-1.300000,39175.300000
4.300000,-1.200000,38780.500000
4.300000,-1.100000,38387.700000
4.300000,-1.000000,37996.900000
4.300000,-0.900000,37608.100000
4.300000,-0.800000,37221.300000
4.300000,-0.700000,36836.500000
4.300000,-0.600000,36453.700000
4.300000,-0.500000,36072.900000
4.300000,-0.400000,35694.100000
4.300000,-0.300000,35317.300000
4.300000,-0.200000,34942.500000
4.300000,-0.100000,34569.700000
4.300000,-0.000000,34198.900000
4.300000,0.100000,33830.100000
4.300000,0.200000,33463.300000
4.300000,0.300000,33098.500000
4.300000,0.400000,32735.700000
4.300000,0.500000,32374.900000
4.300000,0.600000,32016.100000
4.300000,0.700000,31659.300000
4.300000,0.800000,31304.500000
4.300000,0.900000,30951.700000
4.300000,1.000000,30600.900000
4.300000,1.100000,30252.100000
4.300000,1.200000,29905.300000
4.300000,1.300000,29560.500000
4.300000,1.400000,29217.700000
4.300000,1.500000,28876.900000
4.300000,1.600000,28538.100000
4.300000,1.700000,28201.300000
4.300000,1.800000,27866.500000
4.300000,1.900000,27533.700000
4.300000,2.000000,27202.900000
4.300000,2.100000,26874.100000
4.300000,2.200000,26547.300000
4.300000,2.300000,26222.500000
4.300000,2.400000,25899.700000
4.300000,2.500000,25578.900000
4.300000,2.600000,25260.100000
4.300000,2.700000,24943.300000
4.300000,2.800000,24628.500000
4.300000,2.900000,24315.700000
4.300000,3.000000,24004.900000
4.300000,3.100000,23696.100000
4.300000,3.200000,23389.300000
4.300000,3.300000,23084.500000
4.300000,3.400000,22781.700000
4.300000,3.500000,22480.900000
4.300000,3.600000,22182.100000
4.300000,3.700000,21885.300000
4.300000,3.800000,21590.500000
4.300000,3.900000,21297.700000
4.300000,4.000000,21006.900000
4.300000,4.100000,20718.100000
4.300000,4.200000,20431.300000
4.300000,4.300000,20146.500000
4.300000,4.400000,19863.700000
4.300000,4.500000,19582.900000
4.300000,4.600000,19304.100000
4.300000,4.700000,19027.300000
4.300000,4.800000,18752.500000
4.300000,4.900000,18479.700000
4.300000,5.000000,18208.900000
4.400000,-5.000000,59352.520000
4.400000,-4.900000,58866.320000
4.400000,-4.800000,58382.120000
4.400000,-4.700000,57899.920000
4.400000,-4.600000,57419.720000
4.400000,-4.500000,56941.520000
4.400000,-4.400000,56465.320000
4.400000,-4.300000,55991.120000
4.400000,-4.200000,55518.920000
4.400000,-4.100000,55048.720000
4.400000,-4.000000,54580.520000
4.400000,-3.900000,54114.320000
4.400000,-3.800000,53650.120000
4.400000,-3.700000,53187.920000
4.400000,-3.600000,52727.720000
4.400000,-3.500000,52269.520000
4.400000,-3.400000,51813.320000
4.400000,-3.300000,51359.120000
4.400000,-3.200000,50906.920000
4.400000,-3.100000,50456.720000
4.400000,-3.000000,50008.520000
4.400000,-2.900000,49562.320000
4.400000,-2.800000,49118.120000
4.400000,-2.700000,48675.920000
4.400000,-2.600000,48235.720000
4.400000,-2.500000,47797.520000
4.400000,-2.400000,47361.320000
4.400000,-2.300000,46927.120000
4.400000,-2.200000,46494.920000
4.400000,-2.100000,46064.720000
4.400000,-2.000000,45636.520000
4.400000,-1.900000,45210.320000
4.400000,-1.800000,44786.120000
4.400000,-1.700000,44363.920000
4.400000,-1.600000,43943.720000
4.400000,-1.500000,43525.520000
4.400000,-1.400000,43109.320000
4.400000,-1.300000,42695.120000
4.400000,-1.200000,42282.920000
4.400000,-1.100000,41872.720000
4.400000,-1.000000,41464.520000
4.400000,-0.900000,41058.320000
4.400000,-0.800000,40654.120000
4.400000,-0.700000,40251.920000
4.400000,-0.600000,39851.720000
4.400000,-0.500000,39453.520000
4.400000,-0.400000,39057.320000
4.400000,-0.300000,38663.120000
4.400000,-0.200000,38270.920000
4.400000,-0.100000,37880.720000
4.400000,-0.000000,37492.520000
4.400000,0.100000,37106.320000
4.400000,0.200000,36722.120000
4.400000,0.300000,36339.920000
4.400000,0.400000,35959.720000
4.400000,0.500000,35581.520000
4.400000,0.600000,35205.320000
4.400000,0.700000,34831.120000
4.400000,0.800000,34458.920000
4.400000,0.900000,34088.720000
4.400000,1.000000,33720.520000
4.400000,1.100000,33354.320000
4.400000,1.200000,32990.120000
4.400000,1.300000,32627.920000
4.400000,1.400000,32267.720000
4.400000,1.500000,31909.520000
4.400000,1.600000,31553.320000
4.400000,1.700000,31199.120000
4.400000,1.800000,30846.920000
4.400000,1.900000,30496.720000
4.400000,2.000000,30148.520000
4.400000,2.100000,29802.320000
4.400000,2.200000,29458.120000
4.400000,2.300000,29115.920000
4.400000,2.400000,28775.720000
4.400000,2.500000,28437.520000
4.400000,2.600000,28101.320000
4.400000,2.700000,27767.120000
4.400000,2.800000,27434.920000
4.400000,2.900000,27104.720000
4.400000,3.000000,26776.520000
4.400000,3.100000,26450.320000
4.400000,3.200000,26126.120000
4.400000,3.300000,25803.920000
4.400000,3.400000,25483.720000
4.400000,3.500000,25165.520000
4.400000,3.600000,24849.320000
4.400000,3.700000,24535.120000
4.400000,3.800000,24222.920000
4.400000,3.900000,23912.720000
4.400000,4.000000,23604.520000
4.400000,4.100000,23298.320000
4.400000,4.200000,22994.120000
4.400000,4.300000,22691.920000
4.400000,4.400000,22391.720000
4.400000,4.500000,22093.520000
4.400000,4.600000,21797.320000
4.400000,4.700000,21503.120000
4.400000,4.800000,21210.920000
4.400000,4.900000,20920.720000
4.400000,5.000000,20632.520000
4.500000,-5.000000,63768.500000
4.500000,-4.900000,63264.500000
4.500000,-4.800000,62762.500000
4.500000,-4.700000,62262.500000
4.500000,-4.600000,61764.500000
4.500000,-4.500000,61268.500000
4.500000,-4.400000,60774.500000
4.500000,-4.300000,60282.500000
4.500000,-4.200000,59792.500000
4.500000,-4.100000,59304.500000
4.500000,-4.000000,58818.500000
4.500000,-3.900000,58334.500000
4.500000,-3.800000,57852.500000
4.500000,-3.700000,57372.500000
4.500000,-3.600000,56894.500000
4.500000,-3.500000,56418.500000
4.500000,-3.400000,55944.500000
4.500000,-3.300000,55472.500000
4.500000,-3.200000,55002.500000
4.500000,-3.100000,54534.500000
4.500000,-3.000000,54068.500000
4.500000,-2.900000,53604.500000
4.500000,-2.800000,53142.500000
4.500000,-2.700000,52682.500000
4.500000,-2.600000,52224.500000
4.500000,-2.500000,51768.500000
4.500000,-2.400000,51314.500000
4.500000,-2.300000,50862.500000
4.500000,-2.200000,50412.500000
4.500000,-2.100000,49964.500000
4.500000,-2.000000,49518.500000
4.500000,-1.900000,49074.500000
4.500000,-1.800000,48632.500000
4.500000,-1.700000,48192.500000
4.500000,-1.600000,47754.500000
4.500000,-1.500000,47318.500000
4.500000,-1.400000,46884.500000
4.500000,-1.300000,46452.500000
4.500000,-1.200000,46022.500000
4.500000,-1.100000,45594.500000
4.500000,-1.000000,45168.500000
4.500000,-0.900000,44744.500000
4.500000,-0.800000,44322.500000
4.500000,-0.700000,43902.500000
4.500000,-0.600000,43484.500000
4.500000,-0.500000,43068.500000
4.500000,-0.400000,42654.500000
4.500000,-0.300000,42242.500000
4.500000,-0.200000,41832.500000
4.500000,-0.100000,41424.500000
4.500000,-0.000000,41018.500000
4.500000,0.100000,40614.500000
4.500000,0.200000,40212.500000
4.500000,0.300000,39812.500000
4.500000,0.400000,39414.500000
4.500000,0.500000,39018.500000
4.500000,0.600000,38624.500000
4.500000,0.700000,38232.500000
4.500000,0.800000,37842.500000
4.500000,0.900000,37454.500000
4.500000,1.000000,37068.500000
4.500000,1.100000,36684.500000
4.500000,1.200000,36302.500000
4.500000,1.300000,35922.500000
4.500000,1.400000,35544.500000
4.500000,1.500000,35168.500000
4.500000,1.600000,34794.500000
4.500000,1.700000,34422.500000
4.500000,1.800000,34052.500000
4.500000,1.900000,33684.500000
4.500000,2.000000,33318.500000
4.500000,2.100000,32954.500000
4.500000,2.200000,32592.500000
4.500000,2.300000,32232.500000
4.500000,2.400000,31874.500000
4.500000,2.500000,31518.500000
4.500000,2.600000,31164.500000
4.500000,2.700000,30812.500000
4.500000,2.800000,30462.500000
4.500000,2.900000,30114.500000
4.500000,3.000000,29768.500000
4.500000,3.100000,29424.500000
4.500000,3.200000,29082.500000
4.500000,3.300000,28742.500000
4.500000,3.400000,28404.500000
4.500000,3.500000,28068.500000
4.500000,3.600000,27734.500000
4.500000,3.700000,27402.500000
4.500000,3.800000,27072.500000
4.500000,3.900000,26744.500000
4.500000,4.000000,26418.500000
4.500000,4.100000,26094.500000
4.500000,4.200000,25772.500000
4.500000,4.300000,25452.500000
4.500000,4.400000,25134.500000
4.500000,4.500000,24818.500000
4.500000,4.600000,24504.500000
4.500000,4.700000,24192.500000
4.500000,4.800000,23882.500000
4.500000,4.900000,23574.500000
4.500000,5.000000,23268.500000
4.600000,-5.000000,68447.520000
4.600000,-4.900000,67925.320000
4.600000,-4.800000,67405.120000
4.600000,-4.700000,66886.920000
4.600000,-4.600000,66370.720000
4.600000,-4.500000,65856.520000
4.600000,-4.400000,65344.320000
4.600000,-4.300000,64834.120000
4.600000,-4.200000,64325.920000
4.600000,-4.100000,63819.720000
4.600000,-4.000000,63315.520000
4.600000,-3.900000,62813.320000
4.600000,-3.800000,62313.120000
4.600000,-3.700000,61814.920000
4.600000,-3.600000,61318.720000
4.600000,-3.500000,60824.520000
4.600000,-3.400000,60332.320000
4.600000,-3.300000,59842.120000
4.600000,-3.200000,59353.920000
4.600000,-3.100000,58867.720000
4.600000,-3.000000,58383.520000
4.600000,-2.900000,57901.320000
4.600000,-2.800000,57421.120000
4.600000,-2.700000,56942.920000
4.600000,-2.600000,56466.720000
4.600000,-2.500000,55992.520000
4.600000,-2.400000,55520.320000
4.600000,-2.300000,55050.120000
4.600000,-2.200000,54581.920000
4.600000,-2.100000,54115.720000
4.600000,-2.000000,53651.520000
4.600000,-1.900000,53189.320000
4.600000,-1.800000,52729.120000
4.600000,-1.700000,52270.920000
4.600000,-1.600000,51814.720000
4.600000,-1.500000,51360.520000
4.600000,-1.400000,50908.320000
4.600000,-1.300000,50458.120000
4.600000,-1.200000,50009.920000
4.600000,-1.100000,49563.720000
4.600000,-1.000000,49119.520000
4.600000,-0.900000,48677.320000
4.600000,-0.800000,48237.120000
4.600000,-0.700000,47798.920000
4.600000,-0.600000,47362.720000
4.600000,-0.500000,46928.520000
4.600000,-0.400000,46496.320000
4.600000,-0.300000,46066.120000
4.600000,-0.200000,45637.920000
4.600000,-0.100000,45211.720000
4.600000,-0.000000,44787.520000
4.600000,0.100000,44365.320000
4.600000,0.200000,43945.120000
4.600000,0.300000,43526.920000
4.600000,0.400000,43110.720000
4.600000,0.500000,42696.520000
4.600000,0.600000,42284.320000
4.600000,0.700000,41874.120000
4.600000,0.800000,41465.920000
4.600000,0.900000,41059.720000
4.600000,1.000000,40655.520000
4.600000,1.100000,40253.320000
4.600000,1.200000,39853.120000
4.600000,1.300000,39454.920000
4.600000,1.400000,39058.720000
4.600000,1.500000,38664.520000
4.600000,1.600000,38272.320000
4.600000,1.700000,37882.120000
4.600000,1.800000,37493.920000
4.600000,1.900000,37107.720000
4.600000,2.000000,36723.520000
4.600000,2.100000,36341.320000
4.600000,2.200000,35961.120000
4.600000,2.300000,35582.920000
4.600000,2.400000,35206.720000
4.600000,2.500000,34832.520000
4.600000,2.600000,34460.320000
4.600000,2.700000,34090.120000
4.600000,2.800000,33721.920000
4.600000,2.900000,33355.720000
4.600000,3.000000,32991.520000
4.600000,3.100000,32629.320000
4.600000,3.200000,32269.120000
4.600000,3.300000,31910.920000
4.600000,3.400000,31554.720000
4.600000,3.500000,31200.520000
4.600000,3.600000,30848.320000
4.600000,3.700000,30498.120000
4.600000,3.800000,30149.920000
4.600000,3.900000,29803.720000
4.600000,4.000000,29459.520000
4.600000,4.100000,29117.320000
4.600000,4.200000,28777.120000
4.600000,4.300000,28438.920000
4.600000,4.400000,28102.720000
4.600000,4.500000,27768.520000
4.600000,4.600000,27436.320000
4.600000,4.700000,27106.120000
4.600000,4.800000,26777.920000
4.600000,4.900000,26451.720000
4.600000,5.000000,26127.520000
4.700000,-5.000000,73400.500000
4.700000,-4.900000,72859.700000
4.700000,-4.800000,72320.900000
4.700000,-4.700000,71784.100000
4.700000,-4.600000,71249.300000
4.700000,-4.500000,70716.500000
4.700000,-4.400000,70185.700000
4.700000,-4.300000,69656.900000
4.700000,-4.200000,69130.100000
4.700000,-4.100000,68605.300000
4.700000,-4.000000,68082.500000
4.700000,-3.900000,67561.700000
4.700000,-3.800000,67042.900000
4.700000,-3.700000,66526.100000
4.700000,-3.600000,66011.300000
4.700000,-3.500000,65498.500000
4.700000,-3.400000,64987.700000
4.700000,-3.300000,64478.900000
4.700000,-3.200000,63972.100000
4.700000,-3.100000,63467.300000
4.700000,-3.000000,62964.500000
4.700000,-2.900000,62463.700000
4.700000,-2.800000,61964.900000
4.700000,-2.700000,61468.100000
4.700000,-2.600000,60973.300000
4.700000,-2.500000,60480.500000
4.700000,-2.400000,59989.700000
4.700000,-2.300000,59500.900000
4.700000,-2.200000,59014.100000
4.700000,-2.100000,58529.300000
4.700000,-2.000000,58046.500000
4.700000,-1.900000,57565.700000
4.700000,-1.800000,57086.900000
4.700000,-1.700000,56610.100000
4.700000,-1.600000,56135.300000
4.700000,-1.500000,55662.500000
4.700000,-1.400000,55191.700000
4.700000,-1.300000,54722.900000
4.700000,-1.200000,54256.100000
4.700000,-1.100000,53791.300000
4.700000,-1.000000,53328.500000
4.700000,-0.900000,52867.700000
4.700000,-0.800000,52408.900000
4.700000,-0.700000,51952.100000
4.700000,-0.600000,51497.300000
4.700000,-0.500000,51044.500000
4.700000,-0.400000,50593.700000
4.700000,-0.300000,50144.900000
4.700000,-0.200000,49698.100000
4.700000,-0.100000,49253.300000
4.700000,-0.000000,48810.500000
4.700000,0.100000,48369.700000
4.700000,0.200000,47930.900000
4.700000,0.300000,47494.100000
4.700000,0.400000,47059.300000
4.700000,0.500000,46626.500000
4.700000,0.600000,46195.700000
4.700000,0.700000,45766.900000
4.700000,0.800000,45340.100000
4.700000,0.900000,44915.300000
4.700000,1.000000,44492.500000
4.700000,1.100000,44071.700000
4.700000,1.200000,43652.900000
4.700000,1.300000,43236.100000
4.700000,1.400000,42821.300000
4.700000,1.500000,42408.500000
4.700000,1.600000,41997.700000
4.700000,1.700000,41588.900000
4.700000,1.800000,41182.100000
4.700000,1.900000,40777.300000
4.700000,2.000000,40374.500000
4.700000,2.100000,39973.700000
4.700000,2.200000,39574.900000
4.700000,2.300000,39178.100000
4.700000,2.400000,38783.300000
4.700000,2.500000,38390.500000
4.700000,2.600000,37999.700000
4.700000,2.700000,37610.900000
4.700000,2.800000,37224.100000
4.700000,2.900000,36839.300000
4.700000,3.000000,36456.500000
4.700000,3.100000,36075.700000
4.700000,3.200000,35696.900000
4.700000,3.300000,35320.100000
4.700000,3.400000,34945.300000
4.700000,3.500000,34572.500000
4.700000,3.600000,34201.700000
4.700000,3.700000,33832.900000
4.700000,3.800000,33466.100000
4.700000,3.900000,33101.300000
4.700000,4.000000,32738.500000
4.700000,4.100000,32377.700000
4.700000,4.200000,32018.900000
4.700000,4.300000,31662.100000
4.700000,4.400000,31307.300000
4.700000,4.500000,30954.500000
4.700000,4.600000,30603.700000
4.700000,4.700000,30254.900000
4.700000,4.800000,29908.100000
4.700000,4.900000,29563.300000
4.700000,5.000000,29220.500000
4.800000,-5.000000,78638.600000
4.800000,-4.900000,78078.800000
4.800000,-4.800000,77521.000000
4.800000,-4.700000,76965.200000
4.800000,-4.600000,76411.400000
4.800000,-4.500000,75859.600000
4.800000,-4.400000,75309.800000
4.800000,-4.300000,74762.000000
4.800000,-4.200000,74216.200000
4.800000,-4.100000,73672.400000
4.800000,-4.000000,73130.600000
4.800000,-3.900000,72590.800000
4.800000,-3.800000,72053.000000
4.800000,-3.700000,71517.200000
4.800000,-3.600000,70983.400000
4.800000,-3.500000,70451.600000
4.800000,-3.400000,69921.800000
4.800000,-3.300000,69394.000000
4.800000,-3.200000,68868.200000
4.800000,-3.100000,68344.400000
4.800000,-3.000000,67822.600000
4.800000,-2.900000,67302.800000
4.800000,-2.800000,66785.000000
4.800000,-2.700000,66269.200000
4.800000,-2.600000,65755.400000
4.800000,-2.500000,65243.600000
4.800000,-2.400000,64733.800000
4.800000,-2.300000,64226.000000
4.800000,-2.200000,63720.200000
4.800000,-2.100000,63216.400000
4.800000,-2.000000,62714.600000
4.800000,-1.900000,62214.800000
4.800000,-1.800000,61717.000000
4.800000,-1.700000,61221.200000
4.800000,-1.600000,60727.400000
4.800000,-1.500000,60235.600000
4.800000,-1.400000,59745.800000
4.800000,-1.300000,59258.000000
4.800000,-1.200000,58772.200000
4.800000,-1.100000,58288.400000
4.800000,-1.000000,57806.600000
4.800000,-0.900000,57326.800000
4.800000,-0.800000,56849.000000
4.800000,-0.700000,56373.200000
4.800000,-0.600000,55899.400000
4.800000,-0.500000,55427.600000
4.800000,-0.400000,54957.800000
4.800000,-0.300000,54490.000000
4.800000,-0.200000,54024.200000
4.800000,-0.100000,53560.400000
4.800000,-0.000000,53098.600000
4.800000,0.100000,52638.800000
4.800000,0.200000,52181.000000
4.800000,0.300000,51725.200000
4.800000,0.400000,51271.400000
4.800000,0.500000,50819.600000
4.800000,0.600000,50369.800000
4.800000,0.700000,49922.000000
4.800000,0.800000,49476.200000
4.800000,0.900000,49032.400000
4.800000,1.000000,48590.600000
4.800000,1.100000,48150.800000
4.800000,1.200000,47713.000000
4.800000,1.300000,47277.200000
4.800000,1.400000,46843.400000
4.800000,1.500000,46411.600000
4.800000,1.600000,45981.800000
4.800000,1.700000,45554.000000
4.800000,1.800000,45128.200000
4.800000,1.900000,44704.400000
4.800000,2.000000,44282.600000
4.800000,2.100000,43862.800000
4.800000,2.200000,43445.000000
4.800000,2.300000,43029.200000
4.800000,2.400000,42615.400000
4.800000,2.500000,42203.600000
4.800000,2.600000,41793.800000
4.800000,2.700000,41386.000000
4.800000,2.800000,40980.200000
4.800000,2.900000,40576.400000
4.800000,3.000000,40174.600000
4.800000,3.100000,39774.800000
4.800000,3.200000,39377.000000
4.800000,3.300000,38981.200000
4.800000,3.400000,38587.400000
4.800000,3.500000,38195.600000
4.800000,3.600000,37805.800000
4.800000,3.700000,37418.000000
4.800000,3.800000,37032.200000
4.800000,3.900000,36648.400000
4.800000,4.000000,36266.600000
4.800000,4.100000,35886.800000
4.800000,4.200000,35509.000000
4.800000,4.300000,35133.200000
4.800000,4.400000,34759.400000
4.800000,4.500000,34387.600000
4.800000,4.600000,34017.800000
4.800000,4.700000,33650.000000
4.800000,4.800000,33284.200000
4.800000,4.900000,32920.400000
4.800000,5.000000,32558.600000
4.900000,-5.000000,84173.220000
4.900000,-4.900000,83594.020000
4.900000,-4.800000,83016.820000
4.900000,-4.700000,82441.620000
4.900000,-4.600000,81868.420000
4.900000,-4.500000,81297.220000
4.900000,-4.400000,80728.020000
4.900000,-4.300000,80160.820000
4.900000,-4.200000,79595.620000
4.900000,-4.100000,79032.420000
4.900000,-4.000000,78471.220000
4.900000,-3.900000,77912.020000
4.900000,-3.800000,77354.820000
4.900000,-3.700000,76799.620000
4.900000,-3.600000,76246.420000
4.900000,-3.500000,75695.220000
4.900000,-3.400000,75146.020000
4.900000,-3.300000,74598.820000
4.900000,-3.200000,74053.620000
4.900000,-3.100000,73510.420000
4.900000,-3.000000,72969.220000
4.900000,-2.900000,72430.020000
4.900000,-2.800000,71892.820000
4.900000,-2.700000,71357.620000
4.900000,-2.600000,70824.420000
4.900000,-2.500000,70293.220000
4.900000,-2.400000,69764.020000
4.900000,-2.300000,69236.820000
4.900000,-2.200000,68711.620000
4.900000,-2.100000,68188.420000
4.900000,-2.000000,67667.220000
4.900000,-1.900000,67148.020000
4.900000,-1.800000,66630.820000
4.900000,-1.700000,66115.620000
4.900000,-1.600000,65602.420000
4.900000,-1.500000,65091.220000
4.900000,-1.400000,64582.020000
4.900000,-1.300000,64074.820000
4.900000,-1.200000,63569.620000
4.900000,-1.100000,63066.420000
4.900000,-1.000000,62565.220000
4.900000,-0.900000,62066.020000
4.900000,-0.800000,61568.820000
4.900000,-0.700000,61073.620000
4.900000,-0.600000,60580.420000
4.900000,-0.500000,60089.220000
4.900000,-0.400000,59600.020000
4.900000,-0.300000,59112.820000
4.900000,-0.200000,58627.620000
4.900000,-0.100000,58144.420000
4.900000,-0.000000,57663.220000
4.900000,0.100000,57184.020000
4.900000,0.200000,56706.820000
4.900000,0.300000,56231.620000
4.900000,0.400000,55758.420000
4.900000,0.500000,55287.220000
4.900000,0.600000,54818.020000
4.900000,0.700000,54350.820000
4.900000,0.800000,53885.620000
4.900000,0.900000,53422.420000
4.900000,1.000000,52961.220000
4.900000,1.100000,52502.020000
4.900000,1.200000,52044.820000
4.900000,1.300000,51589.620000
4.900000,1.400000,51136.420000
4.900000,1.500000,50685.220000
4.900000,1.600000,50236.020000
4.900000,1.700000,49788.820000
4.900000,1.800000,49343.620000
4.900000,1.900000,48900.420000
4.900000,2.000000,48459.220000
4.900000,2.100000,48020.020000
4.900000,2.200000,47582.820000
4.900000,2.300000,47147.620000
4.900000,2.400000,46714.420000
4.900000,2.500000,46283.220000
4.900000,2.600000,45854.020000
4.900000,2.700000,45426.820000
4.900000,2.800000,45001.620000
4.900000,2.900000,44578.420000
4.900000,3.000000,44157.220000
4.900000,3.100000,43738.020000
4.900000,3.200000,43320.820000
4.900000,3.300000,42905.620000
4.900000,3.400000,42492.420000
4.900000,3.500000,42081.220000
4.900000,3.600000,41672.020000
4.900000,3.700000,41264.820000
4.900000,3.800000,40859.620000
4.900000,3.900000,40456.420000
4.900000,4.000000,40055.220000
4.900000,4.100000,39656.020000
4.900000,4.200000,39258.820000
4.900000,4.300000,38863.620000
4.900000,4.400000,38470.420000
4.900000,4.500000,38079.220000
4.900000,4.600000,37690.020000
4.900000,4.700000,37302.820000
4.900000,4.800000,36917.620000
4.900000,4.900000,36534.420000
4.900000,5.000000,36153.220000
5.000000,-5.000000,90016.000000
5.000000,-4.900000,89417.000000
5.000000,-4.800000,88820.000000
5.000000,-4.700000,88225.000000
5.000000,-4.600000,87632.000000
5.000000,-4.500000,87041.000000
5.000000,-4.400000,86452.000000
5.000000,-4.300000,85865.000000
5.000000,-4.200000,85280.000000
5.000000,-4.100000,84697.000000
5.000000,-4.000000,84116.000000
5.000000,-3.900000,83537.000000
5.000000,-3.800000,82960.000000
5.000000,-3.700000,82385.000000
5.000000,-3.600000,81812.000000
5.000000,-3.500000,81241.000000
5.000000,-3.400000,80672.000000
5.000000,-3.300000,80105.000000
5.000000,-3.200000,79540.000000
5.000000,-3.100000,78977.000000
5.000000,-3.000000,78416.000000
5.000000,-2.900000,77857.000000
5.000000,-2.800000,77300.000000
5.000000,-2.700000,76745.000000
5.000000,-2.600000,76192.000000
5.000000,-2.500000,75641.000000
5.000000,-2.400000,75092.000000
5.000000,-2.300000,74545.000000
5.000000,-2.200000,74000.000000
5.000000,-2.100000,73457.000000
5.000000,-2.000000,72916.000000
5.000000,-1.900000,72377.000000
5.000000,-1.800000,71840.000000
5.000000,-1.700000,71305.000000
5.000000,-1.600000,70772.000000
5.000000,-1.500000,70241.000000
5.000000,-1.400000,69712.000000
5.000000,-1.300000,69185.000000
5.000000,-1.200000,68660.000000
5.000000,-1.100000,68137.000000
5.000000,-1.000000,67616.000000
5.000000,-0.900000,67097.000000
5.000000,-0.800000,66580.000000
5.000000,-0.700000,66065.000000
5.000000,-0.600000,65552.000000
5.000000,-0.500000,65041.000000
5.000000,-0.400000,64532.000000
5.000000,-0.300000,64025.000000
5.000000,-0.200000,63520.000000
5.000000,-0.100000,63017.000000
5.000000,-0.000000,62516.000000
5.000000,0.100000,62017.000000
5.000000,0.200000,61520.000000
5.000000,0.300000,61025.000000
5.000000,0.400000,60532.000000
5.000000,0.500000,60041.000000
5.000000,0.600000,59552.000000
5.000000,0.700000,59065.000000
5.000000,0.800000,58580.000000
5.000000,0.900000,58097.000000
5.000000,1.000000,57616.000000
5.000000,1.100000,57137.000000
5.000000,1.200000,56660.000000
5.000000,1.300000,56185.000000
5.000000,1.400000,55712.000000
5.000000,1.500000,55241.000000
5.000000,1.600000,54772.000000
5.000000,1.700000,54305.000000
5.000000,1.800000,53840.000000
5.000000,1.900000,53377.000000
5.000000,2.000000,52916.000000
5.000000,2.100000,52457.000000
5.000000,2.200000,52000.000000
5.000000,2.300000,51545.000000
5.000000,2.400000,51092.000000
5.000000,2.500000,50641.000000
5.000000,2.600000,50192.000000
5.000000,2.700000,49745.000000
5.000000,2.800000,49300.000000
5.000000,2.900000,48857.000000
5.000000,3.000000,48416.000000
5.000000,3.100000,47977.000000
5.000000,3.200000,47540.000000
5.000000,3.300000,47105.000000
5.000000,3.400000,46672.000000
5.000000,3.500000,46241.000000
5.000000,3.600000,45812.000000
5.000000,3.700000,45385.000000
5.000000,3.800000,44960.000000
5.000000,3.900000,44537.000000
5.000000,4.000000,44116.000000
5.000000,4.100000,43697.000000
5.000000,4.200000,43280.000000
5.000000,4.300000,42865.000000
5.000000,4.400000,42452.000000
5.000000,4.500000,42041.000000
5.000000,4.600000,41632.000000
5.000000,4.700000,41225.000000
5.000000,4.800000,40820.000000
5.000000,4.900000,40417.000000
5.000000,5.000000,40016.000000
