x,y,z
-5.000000,-5.000000,8106487.124128
-5.000000,-4.900000,7546287.939330
-5.000000,-4.800000,7049643.660980
-5.000000,-4.700000,6609931.808123
-5.000000,-4.600000,6221117.231949
-5.000000,-4.500000,5877715.126230
-5.000000,-4.400000,5574760.290565
-5.000000,-4.300000,5307740.347916
-5.000000,-4.200000,5072590.906668
-5.000000,-4.100000,4865643.991672
-5.000000,-4.000000,4683595.794113
-5.000000,-3.900000,4523477.382528
-5.000000,-3.800000,4382630.974817
-5.000000,-3.700000,4258677.386290
-5.000000,-3.600000,4149497.889648
-5.000000,-3.500000,4053209.409266
-5.000000,-3.400000,3968135.438655
-5.000000,-3.300000,3892791.737682
-5.000000,-3.200000,3825869.147881
-5.000000,-3.100000,3766216.703504
-5.000000,-3.000000,3712829.146995
-5.000000,-2.900000,3664819.505916
-5.000000,-2.800000,3621412.241502
-5.000000,-2.700000,3581950.046993
-5.000000,-2.600000,3545843.857024
-5.000000,-2.500000,3512596.288930
-5.000000,-2.400000,3481781.438220
-5.000000,-2.300000,3453024.692506
-5.000000,-2.200000,3426020.798078
-5.000000,-2.100000,3400495.691338
-5.000000,-2.000000,3376235.912242
-5.000000,-1.900000,3353044.549425
-5.000000,-1.800000,3330764.188715
-5.000000,-1.700000,3309267.272801
-5.000000,-1.600000,3288442.321518
-5.000000,-1.500000,3268200.427457
-5.000000,-1.400000,3248464.768903
-5.000000,-1.300000,3229178.758949
-5.000000,-1.200000,3210293.417553
-5.000000,-1.100000,3191770.453369
-5.000000,-1.000000,3173571.837812
-5.000000,-0.900000,3155672.210813
-5.000000,-0.800000,3138061.642781
-5.000000,-0.700000,3120710.636672
-5.000000,-0.600000,3103614.875802
-5.000000,-0.500000,3086760.599425
-5.000000,-0.400000,3070139.453116
-5.000000,-0.300000,3053745.884950
-5.000000,-0.200000,3037573.295437
-5.000000,-0.100000,3021618.983734
-5.000000,-0.000000,3005874.001656
-5.000000,0.100000,2990349.999790
-5.000000,0.200000,2975034.121703
-5.000000,0.300000,2959927.942816
-5.000000,0.400000,2945031.770241
-5.000000,0.500000,2930353.563853
-5.000000,0.600000,2915893.053189
-5.000000,0.700000,2901656.240922
-5.000000,0.800000,2887646.458716
-5.000000,0.900000,2873869.981662
-5.000000,1.000000,2860338.997626
-5.000000,1.100000,2847072.558493
-5.000000,1.200000,2834078.039957
-5.000000,1.300000,2821385.047202
-5.000000,1.400000,2809002.860698
-5.000000,1.500000,2796976.698367
-5.000000,1.600000,2785336.522833
-5.000000,1.700000,2774120.387742
-5.000000,1.800000,2763386.378894
-5.000000,1.900000,2753198.402331
-5.000000,2.000000,2743625.529205
-5.000000,2.100000,2734761.716718
-5.000000,2.200000,2726711.196151
-5.000000,2.300000,2719601.678408
-5.000000,2.400000,2713574.301585
-5.000000,2.500000,2708813.474100
-5.000000,2.600000,2705521.696298
-5.000000,2.700000,2703935.184242
-5.000000,2.800000,2704337.604653
-5.000000,2.900000,2707052.283448
-5.000000,3.000000,2712462.171677
-5.000000,3.100000,2721001.819151
-5.000000,3.200000,2733183.100579
-5.000000,3.300000,2749576.174319
-5.000000,3.400000,2770854.553169
-5.000000,3.500000,2797775.793832
-5.000000,3.600000,2831211.400897
-5.000000,3.700000,2872148.717755
-5.000000,3.800000,2921703.063756
-5.000000,3.900000,2981154.386278
-5.000000,4.000000,3051927.746234
-5.000000,4.100000,3135635.763832
-5.000000,4.200000,3234095.225370
-5.000000,4.300000,3349331.977476
-5.000000,4.400000,3483620.818475
-5.000000,4.500000,3639499.487197
-5.000000,4.600000,3819800.630574
-5.000000,4.700000,4027659.793348
-5.000000,4.800000,4266568.001447
-5.000000,4.900000,4540387.767583
-5.000000,5.000000,4853385.370497
-4.900000,-5.000000,7546287.939330
-4.900000,-4.900000,6991245.414957
-4.900000,-4.800000,6499521.302670
-4.900000,-4.700000,6064508.626684
-4.900000,-4.600000,5680191.977630
-4.900000,-4.500000,5341096.361650
-4.900000,-4.400000,5042270.173577
-4.900000,-4.300000,4779211.196760
-4.900000,-4.200000,4547870.544344
-4.900000,-4.100000,4344590.228377
-4.900000,-4.000000,4166068.596188
-4.900000,-3.900000,4009357.607070
-4.900000,-3.800000,3871806.710181
-4.900000,-3.700000,3751039.567293
-4.900000,-3.600000,3644946.260409
-4.900000,-3.500000,3551655.931132
-4.900000,-3.400000,3469485.940046
-4.900000,-3.300000,3396974.298699
-4.900000,-3.200000,3332810.523870
-4.900000,-3.100000,3275853.885162
-4.900000,-3.000000,3225094.049460
-4.900000,-2.900000,3179649.755497
-4.900000,-2.800000,3138762.778959
-4.900000,-2.700000,3101762.955256
-4.900000,-2.600000,3068076.270336
-4.900000,-2.500000,3037207.844301
-4.900000,-2.400000,3008726.261564
-4.900000,-2.300000,2982269.162563
-4.900000,-2.200000,2957525.079642
-4.900000,-2.100000,2934230.604910
-4.900000,-2.000000,2912168.513393
-4.900000,-1.900000,2891145.032429
-4.900000,-1.800000,2871009.580377
-4.900000,-1.700000,2851627.081385
-4.900000,-1.600000,2832892.665532
-4.900000,-1.500000,2814718.195862
-4.900000,-1.400000,2797029.189464
-4.900000,-1.300000,2779764.078550
-4.900000,-1.200000,2762885.967940
-4.900000,-1.100000,2746341.655911
-4.900000,-1.000000,2730107.656401
-4.900000,-0.900000,2714155.902751
-4.900000,-0.800000,2698467.914878
-4.900000,-0.700000,2683027.926200
-4.900000,-0.600000,2667823.324094
-4.900000,-0.500000,2652846.469789
-4.900000,-0.400000,2638080.712201
-4.900000,-0.300000,2623528.418963
-4.900000,-0.200000,2609178.168238
-4.900000,-0.100000,2595031.282052
-4.900000,-0.000000,2581084.394524
-4.900000,0.100000,2567331.413997
-4.900000,0.200000,2553777.905779
-4.900000,0.300000,2540416.004805
-4.900000,0.400000,2527251.101020
-4.900000,0.500000,2514283.474454
-4.900000,0.600000,2501519.646523
-4.900000,0.700000,2488961.618220
-4.900000,0.800000,2476614.587126
-4.900000,0.900000,2464483.706795
-4.900000,1.000000,2452582.983554
-4.900000,1.100000,2440926.961857
-4.900000,1.200000,2429529.164871
-4.900000,1.300000,2418407.428603
-4.900000,1.400000,2407584.198340
-4.900000,1.500000,2397092.803169
-4.900000,1.600000,2386967.956920
-4.900000,1.700000,2377246.958095
-4.900000,1.800000,2367985.572566
-4.900000,1.900000,2359242.513488
-4.900000,2.000000,2351092.802031
-4.900000,2.100000,2343623.950131
-4.900000,2.200000,2336938.444118
-4.900000,2.300000,2331164.651025
-4.900000,2.400000,2326442.342802
-4.900000,2.500000,2322951.265027
-4.900000,2.600000,2320887.985655
-4.900000,2.700000,2320494.631730
-4.900000,2.800000,2322045.314489
-4.900000,2.900000,2325860.780562
-4.900000,3.000000,2332323.667761
-4.900000,3.100000,2341861.074062
-4.900000,3.200000,2354974.283075
-4.900000,3.300000,2372241.434032
-4.900000,3.400000,2394322.113283
-4.900000,3.500000,2421975.748616
-4.900000,3.600000,2456059.685594
-4.900000,3.700000,2497557.924984
-4.900000,3.800000,2547578.735791
-4.900000,3.900000,2607393.071063
-4.900000,4.000000,2678421.287910
-4.900000,4.100000,2762265.472109
-4.900000,4.200000,2860730.498335
-4.900000,4.300000,2975834.091702
-4.900000,4.400000,3109841.553200
-4.900000,4.500000,3265282.224790
-4.900000,4.600000,3444970.158714
-4.900000,4.700000,3652026.671641
-4.900000,4.800000,3889939.469594
-4.900000,4.900000,4162545.918415
-4.900000,5.000000,4474101.237585
-4.800000,-5.000000,7049643.660980
-4.800000,-4.900000,6499521.302670
-4.800000,-4.800000,6012483.292001
-4.800000,-4.700000,5581945.982340
-4.800000,-4.600000,5201894.127260
-4.800000,-4.500000,4866878.040374
-4.800000,-4.400000,4571951.044298
-4.800000,-4.300000,4312632.595155
-4.800000,-4.200000,4084877.033833
-4.800000,-4.100000,3885039.309410
-4.800000,-4.000000,3709831.192875
-4.800000,-3.900000,3556309.724964
-4.800000,-3.800000,3421832.857345
-4.800000,-3.700000,3304039.426874
-4.800000,-3.600000,3200821.765515
-4.800000,-3.500000,3110309.412336
-4.800000,-3.400000,3030843.606800
-4.800000,-3.300000,2960953.902231
-4.800000,-3.200000,2899339.856717
-4.800000,-3.100000,2844867.250096
-4.800000,-3.000000,2796529.788528
-4.800000,-2.900000,2753453.244470
-4.800000,-2.800000,2714876.323470
-4.800000,-2.700000,2680144.460705
-4.800000,-2.600000,2648675.845834
-4.800000,-2.500000,2619981.265202
-4.800000,-2.400000,2593638.368116
-4.800000,-2.300000,2569280.036256
-4.800000,-2.200000,2546607.680376
-4.800000,-2.100000,2525348.296094
-4.800000,-2.000000,2505290.369945
-4.800000,-1.900000,2486243.952222
-4.800000,-1.800000,2468058.951893
-4.800000,-1.700000,2450603.844285
-4.800000,-1.600000,2433769.971370
-4.800000,-1.500000,2417472.323597
-4.800000,-1.400000,2401643.195919
-4.800000,-1.300000,2386218.104249
-4.800000,-1.200000,2371154.300959
-4.800000,-1.100000,2356410.524209
-4.800000,-1.000000,2341955.667314
-4.800000,-0.900000,2327767.991359
-4.800000,-0.800000,2313828.580553
-4.800000,-0.700000,2300114.330111
-4.800000,-0.600000,2286623.027480
-4.800000,-0.500000,2273341.401534
-4.800000,-0.400000,2260256.294476
-4.800000,-0.300000,2247369.271922
-4.800000,-0.200000,2234668.302641
-4.800000,-0.100000,2222159.383745
-4.800000,-0.000000,2209825.140518
-4.800000,0.100000,2197679.650111
-4.800000,0.200000,2185710.904793
-4.800000,0.300000,2173925.731969
-4.800000,0.400000,2162318.016819
-4.800000,0.500000,2150894.102684
-4.800000,0.600000,2139658.572384
-4.800000,0.700000,2128614.360216
-4.800000,0.800000,2117762.773202
-4.800000,0.900000,2107113.126072
-4.800000,1.000000,2096681.907678
-4.800000,1.100000,2086472.687667
-4.800000,1.200000,2076503.896932
-4.800000,1.300000,2066799.284964
-4.800000,1.400000,2057371.253604
-4.800000,1.500000,2048254.369921
-4.800000,1.600000,2039485.837106
-4.800000,1.700000,2031102.644755
-4.800000,1.800000,2023154.270477
-4.800000,1.900000,2015703.625531
-4.800000,2.000000,2008822.189900
-4.800000,2.100000,2002593.810859
-4.800000,2.200000,1997126.796710
-4.800000,2.300000,1992538.836256
-4.800000,2.400000,1988969.198168
-4.800000,2.500000,1986596.255122
-4.800000,2.600000,1985617.980362
-4.800000,2.700000,1986267.123187
-4.800000,2.800000,1988820.679691
-4.800000,2.900000,1993593.122306
-4.800000,3.000000,2000963.722245
-4.800000,3.100000,2011355.631335
-4.800000,3.200000,2025263.873445
-4.800000,3.300000,2043264.286920
-4.800000,3.400000,2066014.167155
-4.800000,3.500000,2094256.331256
-4.800000,3.600000,2128851.107006
-4.800000,3.700000,2170777.961833
-4.800000,3.800000,2221132.390278
-4.800000,3.900000,2281179.466663
-4.800000,4.000000,2352329.998898
-4.800000,4.100000,2436182.060300
-4.800000,4.200000,2534525.323444
-4.800000,4.300000,2649373.852829
-4.800000,4.400000,2782976.106614
-4.800000,4.500000,2937850.166222
-4.800000,4.600000,3116803.151891
-4.800000,4.700000,3322945.858672
-4.800000,4.800000,3559739.572591
-4.800000,4.900000,3831019.837853
-4.800000,5.000000,4141018.789268
-4.700000,-5.000000,6609931.808123
-4.700000,-4.900000,6064508.626684
-4.700000,-4.800000,5581945.982340
-4.700000,-4.700000,5155659.539983
-4.700000,-4.600000,4779662.987045
-4.700000,-4.500000,4448510.839834
-4.700000,-4.400000,4157276.806067
-4.700000,-4.300000,3901487.274952
-4.700000,-4.200000,3677110.970773
-4.700000,-4.100000,3480506.461409
-4.700000,-4.000000,3308410.648649
-4.700000,-3.900000,3157873.393293
-4.700000,-3.800000,3026271.631326
-4.700000,-3.700000,2911248.037003
-4.700000,-3.600000,2810704.989639
-4.700000,-3.500000,2722784.290667
-4.700000,-3.400000,2645819.080582
-4.700000,-3.300000,2578358.430002
-4.700000,-3.200000,2519105.019328
-4.700000,-3.100000,2466920.700154
-4.700000,-3.000000,2420816.300672
-4.700000,-2.900000,2379918.392555
-4.700000,-2.800000,2343466.393058
-4.700000,-2.700000,2310811.640527
-4.700000,-2.600000,2281378.121600
-4.700000,-2.500000,2254676.642466
-4.700000,-2.400000,2230287.077887
-4.700000,-2.300000,2207848.621375
-4.700000,-2.200000,2187060.296889
-4.700000,-2.100000,2167657.176434
-4.700000,-2.000000,2149426.002751
-4.700000,-1.900000,2132180.746989
-4.700000,-1.800000,2115769.460438
-4.700000,-1.700000,2100060.932451
-4.700000,-1.600000,2084956.015128
-4.700000,-1.500000,2070365.075927
-4.700000,-1.400000,2056220.146723
-4.700000,-1.300000,2042462.894998
-4.700000,-1.200000,2029043.915780
-4.700000,-1.100000,2015930.483771
-4.700000,-1.000000,2003089.211503
-4.700000,-0.900000,1990493.599613
-4.700000,-0.800000,1978133.289383
-4.700000,-0.700000,1965983.858822
-4.700000,-0.600000,1954036.737390
-4.700000,-0.500000,1942287.431463
-4.700000,-0.400000,1930721.551985
-4.700000,-0.300000,1919336.149891
-4.700000,-0.200000,1908123.412050
-4.700000,-0.100000,1897084.557156
-4.700000,-0.000000,1886214.504242
-4.700000,0.100000,1875510.711106
-4.700000,0.200000,1864976.327772
-4.700000,0.300000,1854602.375227
-4.700000,0.400000,1844398.168404
-4.700000,0.500000,1834362.679099
-4.700000,0.600000,1824502.120883
-4.700000,0.700000,1814813.909197
-4.700000,0.800000,1805307.699464
-4.700000,0.900000,1795990.564656
-4.700000,1.000000,1786868.664939
-4.700000,1.100000,1777959.548661
-4.700000,1.200000,1769274.494926
-4.700000,1.300000,1760832.953902
-4.700000,1.400000,1752653.379247
-4.700000,1.500000,1744770.762213
-4.700000,1.600000,1737211.367879
-4.700000,1.700000,1730020.168516
-4.700000,1.800000,1723246.153368
-4.700000,1.900000,1716943.802967
-4.700000,2.000000,1711187.953757
-4.700000,2.100000,1706060.973011
-4.700000,2.200000,1701670.001468
-4.700000,2.300000,1698128.604419
-4.700000,2.400000,1695576.879271
-4.700000,2.500000,1694186.488699
-4.700000,2.600000,1694156.932042
-4.700000,2.700000,1695717.274482
-4.700000,2.800000,1699139.663935
-4.700000,2.900000,1704736.942138
-4.700000,3.000000,1712883.615657
-4.700000,3.100000,1723998.980423
-4.700000,3.200000,1738578.100471
-4.700000,3.300000,1757184.597844
-4.700000,3.400000,1780472.035168
-4.700000,3.500000,1809185.118385
-4.700000,3.600000,1844169.832098
-4.700000,3.700000,1886398.904166
-4.700000,3.800000,1936967.742305
-4.700000,3.900000,1997128.583396
-4.700000,4.000000,2068285.079755
-4.700000,4.100000,2152024.924090
-4.700000,4.200000,2250132.428815
-4.700000,4.300000,2364609.454178
-4.700000,4.400000,2497695.820862
-4.700000,4.500000,2651899.120742
-4.700000,4.600000,2830006.814221
-4.700000,4.700000,3035120.373235
-4.700000,4.800000,3270693.060396
-4.700000,4.900000,3540538.203277
-4.700000,5.000000,3848886.627290
-4.600000,-5.000000,6221117.231949
-4.600000,-4.900000,5680191.977630
-4.600000,-4.800000,5201894.127260
-4.600000,-4.700000,4779662.987045
-4.600000,-4.600000,4407517.039738
-4.600000,-4.500000,4080035.098907
-4.600000,-4.400000,3792296.625950
-4.600000,-4.300000,3539840.864086
-4.600000,-4.200000,3318649.566503
-4.600000,-4.100000,3125093.534942
-4.600000,-4.000000,2955910.904464
-4.600000,-3.900000,2808175.435696
-4.600000,-3.800000,2679263.649195
-4.600000,-3.700000,2566825.232146
-4.600000,-3.600000,2468771.784654
-4.600000,-3.500000,2383253.823017
-4.600000,-3.400000,2308613.480268
-4.600000,-3.300000,2243399.850896
-4.600000,-3.200000,2186324.475664
-4.600000,-3.100000,2136256.206782
-4.600000,-3.000000,2092207.049241
-4.600000,-2.900000,2053310.692181
-4.600000,-2.800000,2018812.280094
-4.600000,-2.700000,1988061.770942
-4.600000,-2.600000,1960487.183897
-4.600000,-2.500000,1935610.911225
-4.600000,-2.400000,1913003.397144
-4.600000,-2.300000,1892319.865461
-4.600000,-2.200000,1873245.198443
-4.600000,-2.100000,1855533.315977
-4.600000,-2.000000,1838963.302178
-4.600000,-1.900000,1823351.726964
-4.600000,-1.800000,1808550.714013
-4.600000,-1.700000,1794430.571422
-4.600000,-1.600000,1780893.656485
-4.600000,-1.500000,1767847.533024
-4.600000,-1.400000,1755229.330464
-4.600000,-1.300000,1742979.126745
-4.600000,-1.200000,1731050.842801
-4.600000,-1.100000,1719407.096387
-4.600000,-1.000000,1708023.045849
-4.600000,-0.900000,1696868.797968
-4.600000,-0.800000,1685932.596898
-4.600000,-0.700000,1675192.664022
-4.600000,-0.600000,1664640.605759
-4.600000,-0.500000,1654272.346538
-4.600000,-0.400000,1644071.468924
-4.600000,-0.300000,1634041.332703
-4.600000,-0.200000,1624167.072069
-4.600000,-0.100000,1614456.091290
-4.600000,-0.000000,1604892.986335
-4.600000,0.100000,1595490.854885
-4.600000,0.200000,1586239.496120
-4.600000,0.300000,1577141.316736
-4.600000,0.400000,1568195.636309
-4.600000,0.500000,1559407.059345
-4.600000,0.600000,1550775.942178
-4.600000,0.700000,1542307.900132
-4.600000,0.800000,1534005.092267
-4.600000,0.900000,1525875.495400
-4.600000,1.000000,1517932.016100
-4.600000,1.100000,1510184.393111
-4.600000,1.200000,1502643.942401
-4.600000,1.300000,1495333.489712
-4.600000,1.400000,1488266.424060
-4.600000,1.500000,1481479.398953
-4.600000,1.600000,1474999.155865
-4.600000,1.700000,1468867.968300
-4.600000,1.800000,1463133.594346
-4.600000,1.900000,1457851.313526
-4.600000,2.000000,1453093.766771
-4.600000,2.100000,1448940.077362
-4.600000,2.200000,1445496.009984
-4.600000,2.300000,1442871.847603
-4.600000,2.400000,1441213.910557
-4.600000,2.500000,1440683.463127
-4.600000,2.600000,1441480.479785
-4.600000,2.700000,1443830.186969
-4.600000,2.800000,1447998.339541
-4.600000,2.900000,1454304.401332
-4.600000,3.000000,1463107.522552
-4.600000,3.100000,1474827.714156
-4.600000,3.200000,1489958.700166
-4.600000,3.300000,1509057.531027
-4.600000,3.400000,1532767.914293
-4.600000,3.500000,1561836.204080
-4.600000,3.600000,1597100.364555
-4.600000,3.700000,1639521.717626
-4.600000,3.800000,1690195.451145
-4.600000,3.900000,1750361.929817
-4.600000,4.000000,1821420.041077
-4.600000,4.100000,1904942.128653
-4.600000,4.200000,2002711.481541
-4.600000,4.300000,2116714.153196
-4.600000,4.400000,2249186.354590
-4.600000,4.500000,2402612.532642
-4.600000,4.600000,2579780.212887
-4.600000,4.700000,2783771.816349
-4.600000,4.800000,3018028.425496
-4.600000,4.900000,3286349.574662
-4.600000,5.000000,3592945.599344
-4.500000,-5.000000,5877715.126230
-4.500000,-4.900000,5341096.361650
-4.500000,-4.800000,4866878.040374
-4.500000,-4.700000,4448510.839834
-4.500000,-4.600000,4080035.098907
-4.500000,-4.500000,3756035.273543
-4.500000,-4.400000,3471611.560916
-4.500000,-4.300000,3222308.182208
-4.500000,-4.200000,3004121.251545
-4.500000,-4.100000,2813436.872012
-4.500000,-4.000000,2646995.834288
-4.500000,-3.900000,2501881.624805
-4.500000,-3.800000,2375483.111753
-4.500000,-3.700000,2265459.929433
-4.500000,-3.600000,2169727.439661
-4.500000,-3.500000,2086443.152172
-4.500000,-3.400000,2013956.351681
-4.500000,-3.300000,1950826.490239
-4.500000,-3.200000,1895761.387119
-4.500000,-3.100000,1847645.178461
-4.500000,-3.000000,1805487.413879
-4.500000,-2.900000,1768430.406809
-4.500000,-2.800000,1735722.537979
-4.500000,-2.700000,1706719.465293
-4.500000,-2.600000,1680847.356530
-4.500000,-2.500000,1657630.939912
-4.500000,-2.400000,1636655.164094
-4.500000,-2.300000,1617563.160448
-4.500000,-2.200000,1600056.744401
-4.500000,-2.100000,1583876.372932
-4.500000,-2.000000,1568817.180160
-4.500000,-1.900000,1554690.630540
-4.500000,-1.800000,1541348.756863
-4.500000,-1.700000,1528668.956500
-4.500000,-1.600000,1516548.663111
-4.500000,-1.500000,1504899.279601
-4.500000,-1.400000,1493660.591201
-4.500000,-1.300000,1482770.132197
-4.500000,-1.200000,1472189.431065
-4.500000,-1.100000,1461876.398907
-4.500000,-1.000000,1451801.266426
-4.500000,-0.900000,1441945.975705
-4.500000,-0.800000,1432291.157986
-4.500000,-0.700000,1422821.699207
-4.500000,-0.600000,1413528.887791
-4.500000,-0.500000,1404401.728668
-4.500000,-0.400000,1395429.108986
-4.500000,-0.300000,1386611.070200
-4.500000,-0.200000,1377941.258771
-4.500000,-0.100000,1369417.260973
-4.500000,-0.000000,1361036.451197
-4.500000,0.100000,1352795.756292
-4.500000,0.200000,1344697.505516
-4.500000,0.300000,1336739.576541
-4.500000,0.400000,1328920.418786
-4.500000,0.500000,1321244.615819
-4.500000,0.600000,1313714.946490
-4.500000,0.700000,1306337.710846
-4.500000,0.800000,1299113.472850
-4.500000,0.900000,1292044.809811
-4.500000,1.000000,1285152.533286
-4.500000,1.100000,1278437.332648
-4.500000,1.200000,1271919.801252
-4.500000,1.300000,1265611.879980
-4.500000,1.400000,1259536.845310
-4.500000,1.500000,1253723.326611
-4.500000,1.600000,1248204.934750
-4.500000,1.700000,1243012.916450
-4.500000,1.800000,1238197.727325
-4.500000,1.900000,1233814.258176
-4.500000,2.000000,1229935.458272
-4.500000,2.100000,1226640.446342
-4.500000,2.200000,1224025.754186
-4.500000,2.300000,1222210.335125
-4.500000,2.400000,1221326.679227
-4.500000,2.500000,1221545.209067
-4.500000,2.600000,1223052.978264
-4.500000,2.700000,1226079.134021
-4.500000,2.800000,1230886.643862
-4.500000,2.900000,1237788.785490
-4.500000,3.000000,1247143.254922
-4.500000,3.100000,1259364.039458
-4.500000,3.200000,1274942.350635
-4.500000,3.300000,1294427.301694
-4.500000,3.400000,1318461.092089
-4.500000,3.500000,1347779.562804
-4.500000,3.600000,1383218.675549
-4.500000,3.700000,1425737.415340
-4.500000,3.800000,1476419.106601
-4.500000,3.900000,1536493.302221
-4.500000,4.000000,1607353.272998
-4.500000,4.100000,1690567.128431
-4.500000,4.200000,1787904.662612
-4.500000,4.300000,1901344.260669
-4.500000,4.400000,2033105.694135
-4.500000,4.500000,2185669.517539
-4.500000,4.600000,2361809.050184
-4.500000,4.700000,2564593.361951
-4.500000,4.800000,2797450.240892
-4.500000,4.900000,3064163.194902
-4.500000,5.000000,3368929.582785
-4.400000,-5.000000,5574760.290565
-4.400000,-4.900000,5042270.173577
-4.400000,-4.800000,4571951.044298
-4.400000,-4.700000,4157276.806067
-4.400000,-4.600000,3792296.625950
-4.400000,-4.500000,3471611.560916
-4.400000,-4.400000,3190328.150294
-4.400000,-4.300000,2944009.226041
-4.400000,-4.200000,2728662.271090
-4.400000,-4.100000,2540676.863140
-4.400000,-4.000000,2376818.263170
-4.400000,-3.900000,2234164.680225
-4.400000,-3.800000,2110119.592292
-4.400000,-3.700000,2002348.149133
-4.400000,-3.600000,1908779.839708
-4.400000,-3.500000,1827571.778418
-4.400000,-3.400000,1757082.721182
-4.400000,-3.300000,1695877.733621
-4.400000,-3.200000,1642673.097064
-4.400000,-3.100000,1596357.063531
-4.400000,-3.000000,1555942.058633
-4.400000,-2.900000,1520573.001452
-4.400000,-2.800000,1489508.087691
-4.400000,-2.700000,1462098.952875
-4.400000,-2.600000,1437786.877231
-4.400000,-2.500000,1416088.390408
-4.400000,-2.400000,1396598.550434
-4.400000,-2.300000,1378958.369088
-4.400000,-2.200000,1362874.208822
-4.400000,-2.100000,1348087.040504
-4.400000,-2.000000,1334395.277836
-4.400000,-1.900000,1321613.589429
-4.400000,-1.800000,1309592.823359
-4.400000,-1.700000,1298213.309676
-4.400000,-1.600000,1287372.451244
-4.400000,-1.500000,1276985.996716
-4.400000,-1.400000,1266992.354036
-4.400000,-1.300000,1257327.605238
-4.400000,-1.200000,1247959.646773
-4.400000,-1.100000,1238840.875502
-4.400000,-1.000000,1229948.559763
-4.400000,-0.900000,1221262.671516
-4.400000,-0.800000,1212760.475941
-4.400000,-0.700000,1204428.934399
-4.400000,-0.600000,1196263.188891
-4.400000,-0.500000,1188249.867701
-4.400000,-0.400000,1180379.995474
-4.400000,-0.300000,1172651.944415
-4.400000,-0.200000,1165058.773465
-4.400000,-0.100000,1157603.677557
-4.400000,-0.000000,1150274.092646
-4.400000,0.100000,1143079.328573
-4.400000,0.200000,1136009.741857
-4.400000,0.300000,1129068.811502
-4.400000,0.400000,1122255.277489
-4.400000,0.500000,1115576.879605
-4.400000,0.600000,1109031.091166
-4.400000,0.700000,1102624.574856
-4.400000,0.800000,1096356.102327
-4.400000,0.900000,1090235.272493
-4.400000,1.000000,1084275.011775
-4.400000,1.100000,1078481.756128
-4.400000,1.200000,1072869.758286
-4.400000,1.300000,1067458.073671
-4.400000,1.400000,1062260.874709
-4.400000,1.500000,1057309.693090
-4.400000,1.600000,1052634.934582
-4.400000,1.700000,1048273.274275
-4.400000,1.800000,1044268.178212
-4.400000,1.900000,1040682.970267
-4.400000,2.000000,1037572.408309
-4.400000,2.100000,1035028.065733
-4.400000,2.200000,1033139.202850
-4.400000,2.300000,1032026.684902
-4.400000,2.400000,1031817.024807
-4.400000,2.500000,1032679.240269
-4.400000,2.600000,1034799.688354
-4.400000,2.700000,1038402.217896
-4.400000,2.800000,1043748.545523
-4.400000,2.900000,1051148.789862
-4.400000,3.000000,1060956.437893
-4.400000,3.100000,1073581.770195
-4.400000,3.200000,1089505.442849
-4.400000,3.300000,1109285.780039
-4.400000,3.400000,1133548.906142
-4.400000,3.500000,1163027.625395
-4.400000,3.600000,1198557.390845
-4.400000,3.700000,1241080.544927
-4.400000,3.800000,1291675.031736
-4.400000,3.900000,1351573.489508
-4.400000,4.000000,1422151.671115
-4.400000,4.100000,1504973.247522
-4.400000,4.200000,1601794.975684
-4.400000,4.300000,1714587.531669
-4.400000,4.400000,1845560.835045
-4.400000,4.500000,1997183.990397
-4.400000,4.600000,2172214.729912
-4.400000,4.700000,2373718.166732
-4.400000,4.800000,2605098.916755
-4.400000,4.900000,2870134.288587
-4.400000,5.000000,3173000.068807
-4.300000,-5.000000,5307740.347916
-4.300000,-4.900000,4779211.196760
-4.300000,-4.800000,4312632.595155
-4.300000,-4.700000,3901487.274952
-4.300000,-4.600000,3539840.864086
-4.300000,-4.500000,3222308.182208
-4.300000,-4.400000,2944009.226041
-4.300000,-4.300000,2700521.739294
-4.300000,-4.200000,2487860.129396
-4.300000,-4.100000,2302426.151661
-4.300000,-4.000000,2140990.591931
-4.300000,-3.900000,2000645.747166
-4.300000,-3.800000,1878803.988294
-4.300000,-3.700000,1773143.160290
-4.300000,-3.600000,1681588.688467
-4.300000,-3.500000,1602313.338071
-4.300000,-3.400000,1533680.099405
-4.300000,-3.300000,1474256.335272
-4.300000,-3.200000,1422771.497995
-4.300000,-3.100000,1378109.498585
-4.300000,-3.000000,1339299.898452
-4.300000,-2.900000,1305484.636422
-4.300000,-2.800000,1275921.304791
-4.300000,-2.700000,1249973.381525
-4.300000,-2.600000,1227082.887036
-4.300000,-2.500000,1206772.516883
-4.300000,-2.400000,1188629.442480
-4.300000,-2.300000,1172311.200148
-4.300000,-2.200000,1157515.583127
-4.300000,-2.100000,1143992.180435
-4.300000,-2.000000,1131540.485793
-4.300000,-1.900000,1119973.477383
-4.300000,-1.800000,1109147.754657
-4.300000,-1.700000,1098941.334182
-4.300000,-1.600000,1089255.468577
-4.300000,-1.500000,1080008.858595
-4.300000,-1.400000,1071135.073903
-4.300000,-1.300000,1062575.540614
-4.300000,-1.200000,1054292.960529
-4.300000,-1.100000,1046251.295715
-4.300000,-1.000000,1038420.347612
-4.300000,-0.900000,1030779.192431
-4.300000,-0.800000,1023314.294799
-4.300000,-0.700000,1016007.500608
-4.300000,-0.600000,1008848.121508
-4.300000,-0.500000,1001830.855023
-4.300000,-0.400000,994949.304834
-4.300000,-0.300000,988195.297116
-4.300000,-0.200000,981564.304312
-4.300000,-0.100000,975061.312806
-4.300000,-0.000000,968675.344505
-4.300000,0.100000,962405.701992
-4.300000,0.200000,956258.084327
-4.300000,0.300000,950225.316239
-4.300000,0.400000,944310.523629
-4.300000,0.500000,938517.879918
-4.300000,0.600000,932845.366018
-4.300000,0.700000,927300.560388
-4.300000,0.800000,921885.219724
-4.300000,0.900000,916605.805633
-4.300000,1.000000,911470.161838
-4.300000,1.100000,906495.751652
-4.300000,1.200000,901686.620876
-4.300000,1.300000,897063.113465
-4.300000,1.400000,892641.507761
-4.300000,1.500000,888452.619009
-4.300000,1.600000,884523.610475
-4.300000,1.700000,880891.320760
-4.300000,1.800000,877599.359288
-4.300000,1.900000,874706.345397
-4.300000,2.000000,872275.344930
-4.300000,2.100000,870382.747368
-4.300000,2.200000,869125.130110
-4.300000,2.300000,868617.075862
-4.300000,2.400000,868987.628712
-4.300000,2.500000,870401.905403
-4.300000,2.600000,873041.633220
-4.300000,2.700000,877133.654235
-4.300000,2.800000,882929.088641
-4.300000,2.900000,890737.028078
-4.300000,3.000000,900906.363683
-4.300000,3.100000,913848.220179
-4.300000,3.200000,930042.677674
-4.300000,3.300000,950026.020274
-4.300000,3.400000,974438.808567
-4.300000,3.500000,1003996.721124
-4.300000,3.600000,1039528.028654
-4.300000,3.700000,1081974.380682
-4.300000,3.800000,1132410.481811
-4.300000,3.900000,1192053.255030
-4.300000,4.000000,1262270.616224
-4.300000,4.100000,1344623.722338
-4.300000,4.200000,1440858.120376
-4.300000,4.300000,1552929.231392
-4.300000,4.400000,1683044.088061
-4.300000,4.500000,1833658.861000
-4.300000,4.600000,2007515.591880
-4.300000,4.700000,2207666.096805
-4.300000,4.800000,2437508.362713
-4.300000,4.900000,2700796.460586
-4.300000,5.000000,3001700.090622
-4.200000,-5.000000,5072590.906668
-4.200000,-4.900000,4547870.544344
-4.200000,-4.800000,4084877.033833
-4.200000,-4.700000,3677110.970773
-4.200000,-4.600000,3318649.566503
-4.200000,-4.500000,3004121.251545
-4.200000,-4.400000,2728662.271090
-4.200000,-4.300000,2487860.129396
-4.200000,-4.200000,2277736.515123
-4.200000,-4.100000,2094712.955742
-4.200000,-4.000000,1935559.839889
-4.200000,-3.900000,1797389.402693
-4.200000,-3.800000,1677615.564601
-4.200000,-3.700000,1573920.387016
-4.200000,-3.600000,1484246.049151
-4.200000,-3.500000,1406764.952042
-4.200000,-3.400000,1339855.065416
-4.200000,-3.300000,1282083.524962
-4.200000,-3.200000,1232189.555535
-4.200000,-3.100000,1189054.830795
-4.200000,-3.000000,1151719.595249
-4.200000,-2.900000,1119324.587703
-4.200000,-2.800000,1091143.491476
-4.200000,-2.700000,1066531.594961
-4.200000,-2.600000,1044935.798340
-4.200000,-2.500000,1025884.312519
-4.200000,-2.400000,1008972.562796
-4.200000,-2.300000,993851.289464
-4.200000,-2.200000,980226.542144
-4.200000,-2.100000,967850.172650
-4.200000,-2.000000,956519.018514
-4.200000,-1.900000,946047.131658
-4.200000,-1.800000,936299.666326
-4.200000,-1.700000,927153.256469
-4.200000,-1.600000,918508.192938
-4.200000,-1.500000,910281.815469
-4.200000,-1.400000,902414.014376
-4.200000,-1.300000,894848.306013
-4.200000,-1.200000,887543.896573
-4.200000,-1.100000,880466.701503
-4.200000,-1.000000,873582.888704
-4.200000,-0.900000,866879.376733
-4.200000,-0.800000,860341.716618
-4.200000,-0.700000,853948.637661
-4.200000,-0.600000,847692.467677
-4.200000,-0.500000,841568.493132
-4.200000,-0.400000,835562.470864
-4.200000,-0.300000,829679.841674
-4.200000,-0.200000,823909.914490
-4.200000,-0.100000,818251.372360
-4.200000,-0.000000,812701.917646
-4.200000,0.100000,807263.063693
-4.200000,0.200000,801930.525285
-4.200000,0.300000,796704.699357
-4.200000,0.400000,791588.962994
-4.200000,0.500000,786579.040149
-4.200000,0.600000,781684.672287
-4.200000,0.700000,776905.591468
-4.200000,0.800000,772245.243947
-4.200000,0.900000,767710.400384
-4.200000,1.000000,763308.164395
-4.200000,1.100000,759052.029222
-4.200000,1.200000,754950.675047
-4.200000,1.300000,751024.826132
-4.200000,1.400000,747285.556350
-4.200000,1.500000,743766.545294
-4.200000,1.600000,740493.218099
-4.200000,1.700000,737500.038553
-4.200000,1.800000,734832.405851
-4.200000,1.900000,732544.846687
-4.200000,2.000000,730700.002948
-4.200000,2.100000,729372.432570
-4.200000,2.200000,728661.979656
-4.200000,2.300000,728676.920875
-4.200000,2.400000,729540.306124
-4.200000,2.500000,731423.644018
-4.200000,2.600000,734500.399580
-4.200000,2.700000,738994.655322
-4.200000,2.800000,745159.345386
-4.200000,2.900000,753294.928941
-4.200000,3.000000,763752.819193
-4.200000,3.100000,776931.218962
-4.200000,3.200000,793312.947337
-4.200000,3.300000,813428.553896
-4.200000,3.400000,837912.097188
-4.200000,3.500000,867476.383141
-4.200000,3.600000,902941.240347
-4.200000,3.700000,945239.877850
-4.200000,3.800000,995442.854951
-4.200000,3.900000,1054760.483011
-4.200000,4.000000,1124556.681121
-4.200000,4.100000,1206370.810789
-4.200000,4.200000,1301948.640403
-4.200000,4.300000,1413242.239811
-4.200000,4.400000,1542431.558773
-4.200000,4.500000,1691973.584453
-4.200000,4.600000,1864597.757680
-4.200000,4.700000,2063340.117634
-4.200000,4.800000,2291582.126620
-4.200000,4.900000,2553073.478471
-4.200000,5.000000,2851958.189235
-4.100000,-5.000000,4865643.991672
-4.100000,-4.900000,4344590.228377
-4.100000,-4.800000,3885039.309410
-4.100000,-4.700000,3480506.461409
-4.100000,-4.600000,3125093.534942
-4.100000,-4.500000,2813436.872012
-4.100000,-4.400000,2540676.863140
-4.100000,-4.300000,2302426.151661
-4.100000,-4.200000,2094712.955742
-4.100000,-4.100000,1913961.087807
-4.100000,-4.000000,1756965.608473
-4.100000,-3.900000,1620839.164143
-4.100000,-3.800000,1503002.975627
-4.100000,-3.700000,1401151.148950
-4.100000,-3.600000,1313231.130568
-4.100000,-3.500000,1237424.918770
-4.100000,-3.400000,1172112.866180
-4.100000,-3.300000,1115873.425972
-4.100000,-3.200000,1067443.361266
-4.100000,-3.100000,1025718.267550
-4.100000,-3.000000,989736.056467
-4.100000,-2.900000,958650.696628
-4.100000,-2.800000,931731.344768
-4.100000,-2.700000,908338.916453
-4.100000,-2.600000,887927.791475
-4.100000,-2.500000,870026.000197
-4.100000,-2.400000,854229.060403
-4.100000,-2.300000,840193.969423
-4.100000,-2.200000,827630.920363
-4.100000,-2.100000,816287.500038
-4.100000,-2.000000,805967.270533
-4.100000,-1.900000,796489.747259
-4.100000,-1.800000,787710.193086
-4.100000,-1.700000,779513.738248
-4.100000,-1.600000,771803.563970
-4.100000,-1.500000,764496.072143
-4.100000,-1.400000,757533.321452
-4.100000,-1.300000,750854.041937
-4.100000,-1.200000,744425.746470
-4.100000,-1.100000,738209.267928
-4.100000,-1.000000,732178.779118
-4.100000,-0.900000,726310.568566
-4.100000,-0.800000,720597.565005
-4.100000,-0.700000,715017.544791
-4.100000,-0.600000,709566.055201
-4.100000,-0.500000,704236.101559
-4.100000,-0.400000,699015.327464
-4.100000,-0.300000,693907.436318
-4.100000,-0.200000,688897.336524
-4.100000,-0.100000,683994.654884
-4.100000,-0.000000,679192.110663
-4.100000,0.100000,674484.232864
-4.100000,0.200000,669877.757835
-4.100000,0.300000,665370.255748
-4.100000,0.400000,660954.789633
-4.100000,0.500000,656644.058902
-4.100000,0.600000,652436.254003
-4.100000,0.700000,648333.837988
-4.100000,0.800000,644341.308635
-4.100000,0.900000,640459.598259
-4.100000,1.000000,636703.361720
-4.100000,1.100000,633081.656117
-4.100000,1.200000,629605.996468
-4.100000,1.300000,626290.756074
-4.100000,1.400000,623153.044734
-4.100000,1.500000,620217.388015
-4.100000,1.600000,617514.352600
-4.100000,1.700000,615081.374864
-4.100000,1.800000,612955.095409
-4.100000,1.900000,611193.145414
-4.100000,2.000000,609853.940906
-4.100000,2.100000,609015.605775
-4.100000,2.200000,608772.643205
-4.100000,2.300000,609229.745304
-4.100000,2.400000,610515.021978
-4.100000,2.500000,612788.606296
-4.100000,2.600000,616229.631658
-4.100000,2.700000,621053.414832
-4.100000,2.800000,627514.408700
-4.100000,2.900000,635909.240759
-4.100000,3.000000,646580.587753
-4.100000,3.100000,659931.467101
-4.100000,3.200000,676430.838557
-4.100000,3.300000,696609.906241
-4.100000,3.400000,721097.060635
-4.100000,3.500000,750602.271986
-4.100000,3.600000,785933.568099
-4.100000,3.700000,828025.745519
-4.100000,3.800000,877931.927668
-4.100000,3.900000,936863.313654
-4.100000,4.000000,1006173.187951
-4.100000,4.100000,1087395.194202
-4.100000,4.200000,1182260.564522
-4.100000,4.300000,1292712.790127
-4.100000,4.400000,1420927.813249
-4.100000,4.500000,1569342.849996
-4.100000,4.600000,1740679.358395
-4.100000,4.700000,1937961.471585
-4.100000,4.800000,2164559.927736
-4.100000,4.900000,2424203.588989
-4.100000,5.000000,2721022.412058
-4.000000,-5.000000,4683595.794113
-4.000000,-4.900000,4166068.596188
-4.000000,-4.800000,3709831.192875
-4.000000,-4.700000,3308410.648649
-4.000000,-4.600000,2955910.904464
-4.000000,-4.500000,2646995.834288
-4.000000,-4.400000,2376818.263170
-4.000000,-4.300000,2140990.591931
-4.000000,-4.200000,1935559.839889
-4.000000,-4.100000,1756965.608473
-4.000000,-4.000000,1602002.844897
-4.000000,-3.900000,1467799.029197
-4.000000,-3.800000,1351786.134570
-4.000000,-3.700000,1251659.403654
-4.000000,-3.600000,1165379.074188
-4.000000,-3.500000,1091131.748359
-4.000000,-3.400000,1027307.025189
-4.000000,-3.300000,972486.172509
-4.000000,-3.200000,925408.498918
-4.000000,-3.100000,884985.342358
-4.000000,-3.000000,850252.443428
-4.000000,-2.900000,820365.435604
-4.000000,-2.800000,794598.784588
-4.000000,-2.700000,772323.707135
-4.000000,-2.600000,752988.978776
-4.000000,-2.500000,736129.673319
-4.000000,-2.400000,721347.487721
-4.000000,-2.300000,708297.205217
-4.000000,-2.200000,696691.963984
-4.000000,-2.100000,686282.675594
-4.000000,-2.000000,676874.503208
-4.000000,-1.900000,668287.799036
-4.000000,-1.800000,660384.135787
-4.000000,-1.700000,653041.372685
-4.000000,-1.600000,646167.103390
-4.000000,-1.500000,639684.226252
-4.000000,-1.400000,633529.789405
-4.000000,-1.300000,627644.584595
-4.000000,-1.200000,621997.787040
-4.000000,-1.100000,616549.205976
-4.000000,-1.000000,611278.151914
-4.000000,-0.900000,606157.592028
-4.000000,-0.800000,601178.130556
-4.000000,-0.700000,596325.765839
-4.000000,-0.600000,591588.416441
-4.000000,-0.500000,586961.755319
-4.000000,-0.400000,582440.620474
-4.000000,-0.300000,578017.262300
-4.000000,-0.200000,573683.826542
-4.000000,-0.100000,569450.756534
-4.000000,-0.000000,565304.341009
-4.000000,0.100000,561249.188757
-4.000000,0.200000,557282.358578
-4.000000,0.300000,553404.476475
-4.000000,0.400000,549616.868395
-4.000000,0.500000,545920.673457
-4.000000,0.600000,542317.017282
-4.000000,0.700000,538808.138099
-4.000000,0.800000,535400.786770
-4.000000,0.900000,532096.957390
-4.000000,1.000000,528907.381605
-4.000000,1.100000,525843.878741
-4.000000,1.200000,522910.831142
-4.000000,1.300000,520132.590584
-4.000000,1.400000,517518.947936
-4.000000,1.500000,515094.152207
-4.000000,1.600000,512890.109973
-4.000000,1.700000,510942.538911
-4.000000,1.800000,509283.530468
-4.000000,1.900000,507973.664841
-4.000000,2.000000,507072.693958
-4.000000,2.100000,506650.196003
-4.000000,2.200000,506802.384779
-4.000000,2.300000,507636.028612
-4.000000,2.400000,509274.681424
-4.000000,2.500000,511873.839186
-4.000000,2.600000,515608.161941
-4.000000,2.700000,520698.286813
-4.000000,2.800000,527390.088924
-4.000000,2.900000,535977.380805
-4.000000,3.000000,546802.892748
-4.000000,3.100000,560260.923112
-4.000000,3.200000,576817.295729
-4.000000,3.300000,597003.197123
-4.000000,3.400000,621435.538461
-4.000000,3.500000,650819.110371
-4.000000,3.600000,685960.404553
-4.000000,3.700000,727788.597249
-4.000000,3.800000,777346.672372
-4.000000,3.900000,835838.965700
-4.000000,4.000000,904609.108730
-4.000000,4.100000,985185.554467
-4.000000,4.200000,1079289.200127
-4.000000,4.300000,1188853.500989
-4.000000,4.400000,1316044.455782
-4.000000,4.500000,1463286.515380
-4.000000,4.600000,1633292.336308
-4.000000,4.700000,1829071.924454
-4.000000,4.800000,2053979.919685
-4.000000,4.900000,2311732.596760
-4.000000,5.000000,2606454.048490
-3.900000,-5.000000,4523477.382528
-3.900000,-4.900000,4009357.607070
-3.900000,-4.800000,3556309.724964
-3.900000,-4.700000,3157873.393293
-3.900000,-4.600000,2808175.435696
-3.900000,-4.500000,2501881.624805
-3.900000,-4.400000,2234164.680225
-3.900000,-4.300000,2000645.747166
-3.900000,-4.200000,1797389.402693
-3.900000,-4.100000,1620839.164143
-3.900000,-4.000000,1467799.029197
-3.900000,-3.900000,1335407.019427
-3.900000,-3.800000,1221105.621221
-3.900000,-3.700000,1122598.575304
-3.900000,-3.600000,1037853.416134
-3.900000,-3.500000,965061.939206
-3.900000,-3.400000,902615.341100
-3.900000,-3.300000,849110.366751
-3.900000,-3.200000,803287.597449
-3.900000,-3.100000,764065.416417
-3.900000,-3.000000,730476.095588
-3.900000,-2.900000,701690.113987
-3.900000,-2.800000,676979.375856
-3.900000,-2.700000,655721.379004
-3.900000,-2.600000,637371.801055
-3.900000,-2.500000,621464.189595
-3.900000,-2.400000,607597.781528
-3.900000,-2.300000,595439.293534
-3.900000,-2.200000,584698.851060
-3.900000,-2.100000,575135.023184
-3.900000,-2.000000,566545.911930
-3.900000,-1.900000,558758.356147
-3.900000,-1.800000,551638.222880
-3.900000,-1.700000,545061.726536
-3.900000,-1.600000,538940.258261
-3.900000,-1.500000,533190.638451
-3.900000,-1.400000,527758.630589
-3.900000,-1.300000,522581.395753
-3.900000,-1.200000,517632.832888
-3.900000,-1.100000,512870.143784
-3.900000,-1.000000,508269.232579
-3.900000,-0.900000,503815.667031
-3.900000,-0.800000,499491.247137
-3.900000,-0.700000,495279.503263
-3.900000,-0.600000,491176.025560
-3.900000,-0.500000,487177.036616
-3.900000,-0.400000,483268.711212
-3.900000,-0.300000,479453.577403
-3.900000,-0.200000,475720.941834
-3.900000,-0.100000,472077.704572
-3.900000,-0.000000,468511.169623
-3.900000,0.100000,465031.944660
-3.900000,0.200000,461630.032386
-3.900000,0.300000,458307.825300
-3.900000,0.400000,455068.947768
-3.900000,0.500000,451910.453342
-3.900000,0.600000,448836.603667
-3.900000,0.700000,445854.866692
-3.900000,0.800000,442961.178819
-3.900000,0.900000,440161.711624
-3.900000,1.000000,437471.148072
-3.900000,1.100000,434894.175919
-3.900000,1.200000,432436.898660
-3.900000,1.300000,430124.260902
-3.900000,1.400000,427963.392160
-3.900000,1.500000,425983.084395
-3.900000,1.600000,424210.638754
-3.900000,1.700000,422678.494588
-3.900000,1.800000,421425.374452
-3.900000,1.900000,420505.475680
-3.900000,2.000000,419974.307825
-3.900000,2.100000,419908.128059
-3.900000,2.200000,420394.526298
-3.900000,2.300000,421543.151462
-3.900000,2.400000,423470.103961
-3.900000,2.500000,426329.531712
-3.900000,2.600000,430305.400053
-3.900000,2.700000,435603.176042
-3.900000,2.800000,442464.724262
-3.900000,2.900000,451191.218296
-3.900000,3.000000,462111.329047
-3.900000,3.100000,475621.668201
-3.900000,3.200000,492183.016283
-3.900000,3.300000,512320.881956
-3.900000,3.400000,536645.081392
-3.900000,3.500000,565858.037999
-3.900000,3.600000,600761.951947
-3.900000,3.700000,642276.449243
-3.900000,3.800000,691438.103619
-3.900000,3.900000,749442.713120
-3.900000,4.000000,817626.189042
-3.900000,4.100000,897514.799511
-3.900000,4.200000,990810.862129
-3.900000,4.300000,1099446.206153
-3.900000,4.400000,1225572.269586
-3.900000,4.500000,1371602.762018
-3.900000,4.600000,1540238.166239
-3.900000,4.700000,1734475.696360
-3.900000,4.800000,1957660.768523
-3.900000,4.900000,2213492.024705
-3.900000,5.000000,2506074.410686
-3.800000,-5.000000,4382630.974817
-3.800000,-4.900000,3871806.710181
-3.800000,-4.800000,3421832.857345
-3.800000,-4.700000,3026271.631326
-3.800000,-4.600000,2679263.649195
-3.800000,-4.500000,2375483.111753
-3.800000,-4.400000,2110119.592292
-3.800000,-4.300000,1878803.988294
-3.800000,-4.200000,1677615.564601
-3.800000,-4.100000,1503002.975627
-3.800000,-4.000000,1351786.134570
-3.800000,-3.900000,1221105.621221
-3.800000,-3.800000,1108415.436529
-3.800000,-3.700000,1011428.262246
-3.800000,-3.600000,928116.837227
-3.800000,-3.500000,856681.588429
-3.800000,-3.400000,795523.167733
-3.800000,-3.300000,743240.570686
-3.800000,-3.200000,698577.386819
-3.800000,-3.100000,660458.275753
-3.800000,-3.000000,627927.140108
-3.800000,-2.900000,600148.892479
-3.800000,-2.800000,576407.991717
-3.800000,-2.700000,556081.660928
-3.800000,-2.600000,538621.433868
-3.800000,-2.500000,523576.425190
-3.800000,-2.400000,510543.950032
-3.800000,-2.300000,499191.454701
-3.800000,-2.200000,489233.645970
-3.800000,-2.100000,480426.622894
-3.800000,-2.000000,472575.886856
-3.800000,-1.900000,465508.536939
-3.800000,-1.800000,459087.628567
-3.800000,-1.700000,453201.217976
-3.800000,-1.600000,447747.925918
-3.800000,-1.500000,442657.078090
-3.800000,-1.400000,437862.334094
-3.800000,-1.300000,433321.442688
-3.800000,-1.200000,428988.210260
-3.800000,-1.100000,424833.188060
-3.800000,-1.000000,420833.273196
-3.800000,-0.900000,416964.903392
-3.800000,-0.800000,413219.958102
-3.800000,-0.700000,409579.091092
-3.800000,-0.600000,406037.087260
-3.800000,-0.500000,402589.345794
-3.800000,-0.400000,399225.625460
-3.800000,-0.300000,395944.536547
-3.800000,-0.200000,392739.565212
-3.800000,-0.100000,389616.715969
-3.800000,-0.000000,386562.565452
-3.800000,0.100000,383586.745301
-3.800000,0.200000,380681.328192
-3.800000,0.300000,377848.383293
-3.800000,0.400000,375090.164079
-3.800000,0.500000,372406.904225
-3.800000,0.600000,369800.572867
-3.800000,0.700000,367272.952382
-3.800000,0.800000,364829.941186
-3.800000,0.900000,362473.761410
-3.800000,1.000000,360213.748613
-3.800000,1.100000,358057.315109
-3.800000,1.200000,356015.785134
-3.800000,1.300000,354107.356243
-3.800000,1.400000,352337.751219
-3.800000,1.500000,350744.506288
-3.800000,1.600000,349342.398066
-3.800000,1.700000,348168.112619
-3.800000,1.800000,347259.533822
-3.800000,1.900000,346669.602739
-3.800000,2.000000,346455.102247
-3.800000,2.100000,346683.964770
-3.800000,2.200000,347450.562908
-3.800000,2.300000,348856.379333
-3.800000,2.400000,351017.251603
-3.800000,2.500000,354092.787092
-3.800000,2.600000,358250.844880
-3.800000,2.700000,363701.789432
-3.800000,2.800000,370687.373230
-3.800000,2.900000,379498.765011
-3.800000,3.000000,390467.918361
-3.800000,3.100000,403981.908734
-3.800000,3.200000,420499.164429
-3.800000,3.300000,440541.382698
-3.800000,3.400000,464714.318655
-3.800000,3.500000,493713.205662
-3.800000,3.600000,528333.850310
-3.800000,3.700000,569489.993060
-3.800000,3.800000,618213.793478
-3.800000,3.900000,675688.285826
-3.800000,4.000000,743250.983874
-3.800000,4.100000,822408.941496
-3.800000,4.200000,914867.167498
-3.800000,4.300000,1022531.230417
-3.800000,4.400000,1147556.057109
-3.800000,4.500000,1292343.163829
-3.800000,4.600000,1459577.650268
-3.800000,4.700000,1652243.805282
-3.800000,4.800000,1873673.803181
-3.800000,4.900000,2127553.577791
-3.800000,5.000000,2417973.276313
-3.700000,-5.000000,4258677.386290
-3.700000,-4.900000,3751039.567293
-3.700000,-4.800000,3304039.426874
-3.700000,-4.700000,2911248.037003
-3.700000,-4.600000,2566825.232146
-3.700000,-4.500000,2265459.929433
-3.700000,-4.400000,2002348.149133
-3.700000,-4.300000,1773143.160290
-3.700000,-4.200000,1573920.387016
-3.700000,-4.100000,1401151.148950
-3.700000,-4.000000,1251659.403654
-3.700000,-3.900000,1122598.575304
-3.700000,-3.800000,1011428.262246
-3.700000,-3.700000,915875.100612
-3.700000,-3.600000,833907.382869
-3.700000,-3.500000,763741.721657
-3.700000,-3.400000,703780.681366
-3.700000,-3.300000,652628.800528
-3.700000,-3.200000,609044.940234
-3.700000,-3.100000,571944.123611
-3.700000,-3.000000,540384.789510
-3.700000,-2.900000,513534.750602
-3.700000,-2.800000,490678.241541
-3.700000,-2.700000,471198.441210
-3.700000,-2.600000,454554.665334
-3.700000,-2.500000,440290.953714
-3.700000,-2.400000,428011.379213
-3.700000,-2.300000,417386.554155
-3.700000,-2.200000,408133.266295
-3.700000,-2.100000,400010.807429
-3.700000,-2.000000,392822.488971
-3.700000,-1.900000,386400.131543
-3.700000,-1.800000,380607.241295
-3.700000,-1.700000,375329.841629
-3.700000,-1.600000,370475.862421
-3.700000,-1.500000,365968.131315
-3.700000,-1.400000,361749.118151
-3.700000,-1.300000,357764.607655
-3.700000,-1.200000,353981.819100
-3.700000,-1.100000,350367.199021
-3.700000,-1.000000,346894.339307
-3.700000,-0.900000,343549.361709
-3.700000,-0.800000,340313.598884
-3.700000,-0.700000,337173.864327
-3.700000,-0.600000,334129.438039
-3.700000,-0.500000,331166.675734
-3.700000,-0.400000,328282.316172
-3.700000,-0.300000,325471.705765
-3.700000,-0.200000,322730.236869
-3.700000,-0.100000,320062.237676
-3.700000,-0.000000,317459.116902
-3.700000,0.100000,314923.123716
-3.700000,0.200000,312455.125701
-3.700000,0.300000,310049.456186
-3.700000,0.400000,307711.977988
-3.700000,0.500000,305442.638293
-3.700000,0.600000,303241.531576
-3.700000,0.700000,301112.243814
-3.700000,0.800000,299058.505888
-3.700000,0.900000,297084.785744
-3.700000,1.000000,295202.136898
-3.700000,1.100000,293412.031983
-3.700000,1.200000,291729.943984
-3.700000,1.300000,290168.397232
-3.700000,1.400000,288739.937168
-3.700000,1.500000,287473.605082
-3.700000,1.600000,286387.707596
-3.700000,1.700000,285520.985993
-3.700000,1.800000,284905.695384
-3.700000,1.900000,284593.807453
-3.700000,2.000000,284641.785637
-3.700000,2.100000,285119.896821
-3.700000,2.200000,286114.586624
-3.700000,2.300000,287730.322120
-3.700000,2.400000,290080.074744
-3.700000,2.500000,293318.036834
-3.700000,2.600000,297613.698033
-3.700000,2.700000,303174.345936
-3.700000,2.800000,310236.327161
-3.700000,2.900000,319091.901036
-3.700000,3.000000,330062.907333
-3.700000,3.100000,343538.473438
-3.700000,3.200000,359970.829588
-3.700000,3.300000,379876.660421
-3.700000,3.400000,403856.150510
-3.700000,3.500000,432600.322464
-3.700000,3.600000,466902.744090
-3.700000,3.700000,507661.675343
-3.700000,3.800000,555912.702565
-3.700000,3.900000,612826.331877
-3.700000,4.000000,679729.227396
-3.700000,4.100000,758128.865039
-3.700000,4.200000,849709.565660
-3.700000,4.300000,956379.798711
-3.700000,4.400000,1080272.607632
-3.700000,4.500000,1223786.393732
-3.700000,4.600000,1389591.647803
-3.700000,4.700000,1580659.597874
-3.700000,4.800000,1800312.891902
-3.700000,4.900000,2052217.419691
-3.700000,5.000000,2340453.950282
-3.600000,-5.000000,4149497.889648
-3.600000,-4.900000,3644946.260409
-3.600000,-4.800000,3200821.765515
-3.600000,-4.700000,2810704.989639
-3.600000,-4.600000,2468771.784654
-3.600000,-4.500000,2169727.439661
-3.600000,-4.400000,1908779.839708
-3.600000,-4.300000,1681588.688467
-3.600000,-4.200000,1484246.049151
-3.600000,-4.100000,1313231.130568
-3.600000,-4.000000,1165379.074188
-3.600000,-3.900000,1037853.416134
-3.600000,-3.800000,928116.837227
-3.600000,-3.700000,833907.382869
-3.600000,-3.600000,753202.047894
-3.600000,-3.500000,684226.930672
-3.600000,-3.400000,625381.971762
-3.600000,-3.300000,575286.084068
-3.600000,-3.200000,532698.131996
-3.600000,-3.100000,496540.711082
-3.600000,-3.000000,465876.764817
-3.600000,-2.900000,439875.860929
-3.600000,-2.800000,417831.906764
-3.600000,-2.700000,399126.774807
-3.600000,-2.600000,383222.495450
-3.600000,-2.500000,369668.050561
-3.600000,-2.400000,358072.912015
-3.600000,-2.300000,348107.311874
-3.600000,-2.200000,339485.554709
-3.600000,-2.100000,331974.553390
-3.600000,-2.000000,325382.277049
-3.600000,-1.900000,319536.265024
-3.600000,-1.800000,314303.375587
-3.600000,-1.700000,309572.125455
-3.600000,-1.600000,305248.798812
-3.600000,-1.500000,301260.187442
-3.600000,-1.400000,297547.948856
-3.600000,-1.300000,294060.915799
-3.600000,-1.200000,290764.768152
-3.600000,-1.100000,287626.069343
-3.600000,-1.000000,284621.447919
-3.600000,-0.900000,281732.072457
-3.600000,-0.800000,278949.268327
-3.600000,-0.700000,276251.693423
-3.600000,-0.600000,273638.709514
-3.600000,-0.500000,271105.105845
-3.600000,-0.400000,268640.161001
-3.600000,-0.300000,266242.105554
-3.600000,-0.200000,263908.722032
-3.600000,-0.100000,261639.870730
-3.600000,-0.000000,259430.905873
-3.600000,0.100000,257281.736284
-3.600000,0.200000,255189.494688
-3.600000,0.300000,253157.190279
-3.600000,0.400000,251183.229976
-3.600000,0.500000,249273.216623
-3.600000,0.600000,247426.264340
-3.600000,0.700000,245644.305003
-3.600000,0.800000,243929.020491
-3.600000,0.900000,242287.532471
-3.600000,1.000000,240724.495415
-3.600000,1.100000,239251.977066
-3.600000,1.200000,237878.940785
-3.600000,1.300000,236616.454346
-3.600000,1.400000,235477.268851
-3.600000,1.500000,234491.874408
-3.600000,1.600000,233676.352003
-3.600000,1.700000,233068.549353
-3.600000,1.800000,232699.259286
-3.600000,1.900000,232621.396797
-3.600000,2.000000,232887.311905
-3.600000,2.100000,233570.142578
-3.600000,2.200000,234747.381838
-3.600000,2.300000,236528.134927
-3.600000,2.400000,239025.749596
-3.600000,2.500000,242387.699002
-3.600000,2.600000,246781.220267
-3.600000,2.700000,252407.235274
-3.600000,2.800000,259510.484400
-3.600000,2.900000,268363.827058
-3.600000,3.000000,279303.089693
-3.600000,3.100000,292702.043418
-3.600000,3.200000,309015.191118
-3.600000,3.300000,328749.721683
-3.600000,3.400000,352501.182660
-3.600000,3.500000,380960.946189
-3.600000,3.600000,414907.755214
-3.600000,3.700000,455239.546213
-3.600000,3.800000,502984.913550
-3.600000,3.900000,559308.761993
-3.600000,4.000000,625526.598122
-3.600000,4.100000,703135.540031
-3.600000,4.200000,793815.721178
-3.600000,4.300000,899460.975894
-3.600000,4.400000,1022204.302735
-3.600000,4.500000,1164420.111884
-3.600000,4.600000,1328773.826567
-3.600000,4.700000,1518224.763516
-3.600000,4.800000,1736078.863780
-3.600000,4.900000,1985993.081507
-3.600000,5.000000,2272027.812072
-3.500000,-5.000000,4053209.409266
-3.500000,-4.900000,3551655.931132
-3.500000,-4.800000,3110309.412336
-3.500000,-4.700000,2722784.290667
-3.500000,-4.600000,2383253.823017
-3.500000,-4.500000,2086443.152172
-3.500000,-4.400000,1827571.778418
-3.500000,-4.300000,1602313.338071
-3.500000,-4.200000,1406764.952042
-3.500000,-4.100000,1237424.918770
-3.500000,-4.000000,1091131.748359
-3.500000,-3.900000,965061.939206
-3.500000,-3.800000,856681.588429
-3.500000,-3.700000,763741.721657
-3.500000,-3.600000,684226.930672
-3.500000,-3.500000,616359.358295
-3.500000,-3.400000,558561.530015
-3.500000,-3.300000,509446.701147
-3.500000,-3.200000,467782.600311
-3.500000,-3.100000,432497.552588
-3.500000,-3.000000,402659.359288
-3.500000,-2.900000,377439.311778
-3.500000,-2.800000,356135.974063
-3.500000,-2.700000,338138.298076
-3.500000,-2.600000,322909.351647
-3.500000,-2.500000,309998.365038
-3.500000,-2.400000,299021.989439
-3.500000,-2.300000,289649.374457
-3.500000,-2.200000,281599.836190
-3.500000,-2.100000,274639.583479
-3.500000,-2.000000,268576.479609
-3.500000,-1.900000,263244.991742
-3.500000,-1.800000,258512.241558
-3.500000,-1.700000,254266.574023
-3.500000,-1.600000,250416.876643
-3.500000,-1.500000,246887.217036
-3.500000,-1.400000,243626.312425
-3.500000,-1.300000,240577.579503
-3.500000,-1.200000,237708.817127
-3.500000,-1.100000,234989.862767
-3.500000,-1.000000,232396.358198
-3.500000,-0.900000,229911.198949
-3.500000,-0.800000,227522.791240
-3.500000,-0.700000,225212.948380
-3.500000,-0.600000,222982.819558
-3.500000,-0.500000,220821.660293
-3.500000,-0.400000,218723.558414
-3.500000,-0.300000,216686.607425
-3.500000,-0.200000,214707.166235
-3.500000,-0.100000,212786.603543
-3.500000,-0.000000,210917.248159
-3.500000,0.100000,209103.436074
-3.500000,0.200000,207343.979320
-3.500000,0.300000,205632.990035
-3.500000,0.400000,203978.471597
-3.500000,0.500000,202379.803778
-3.500000,0.600000,200835.894864
-3.500000,0.700000,199354.032925
-3.500000,0.800000,197930.184582
-3.500000,0.900000,196575.062682
-3.500000,1.000000,195291.634983
-3.500000,1.100000,194087.418559
-3.500000,1.200000,192978.909511
-3.500000,1.300000,191972.044304
-3.500000,1.400000,191080.416102
-3.500000,1.500000,190330.650237
-3.500000,1.600000,189745.737658
-3.500000,1.700000,189350.816418
-3.500000,1.800000,189186.230327
-3.500000,1.900000,189301.985796
-3.500000,2.000000,189748.766287
-3.500000,2.100000,190591.105656
-3.500000,2.200000,191920.387655
-3.500000,2.300000,193827.539693
-3.500000,2.400000,196433.129491
-3.500000,2.500000,199879.850138
-3.500000,2.600000,204333.912474
-3.500000,2.700000,209996.664055
-3.500000,2.800000,217101.110687
-3.500000,2.900000,225925.976046
-3.500000,3.000000,236796.283853
-3.500000,3.100000,250088.121831
-3.500000,3.200000,266248.219018
-3.500000,3.300000,285779.421024
-3.500000,3.400000,309277.806574
-3.500000,3.500000,337418.508020
-3.500000,3.600000,370983.467751
-3.500000,3.700000,410866.702258
-3.500000,3.800000,458081.560199
-3.500000,3.900000,513784.775771
-3.500000,4.000000,579295.596938
-3.500000,4.100000,656092.084375
-3.500000,4.200000,745849.592874
-3.500000,4.300000,850452.595926
-3.500000,4.400000,972019.665302
-3.500000,4.500000,1112922.394842
-3.500000,4.600000,1275810.218079
-3.500000,4.700000,1463628.569292
-3.500000,4.800000,1679668.579749
-3.500000,4.900000,1927576.049929
-3.500000,5.000000,2211397.296254
-3.400000,-5.000000,3968135.438655
-3.400000,-4.900000,3469485.940046
-3.400000,-4.800000,3030843.606800
-3.400000,-4.700000,2645819.080582
-3.400000,-4.600000,2308613.480268
-3.400000,-4.500000,2013956.351681
-3.400000,-4.400000,1757082.721182
-3.400000,-4.300000,1533680.099405
-3.400000,-4.200000,1339855.065416
-3.400000,-4.100000,1172112.866180
-3.400000,-4.000000,1027307.025189
-3.400000,-3.900000,902615.341100
-3.400000,-3.800000,795523.167733
-3.400000,-3.700000,703780.681366
-3.400000,-3.600000,625381.971762
-3.400000,-3.500000,558561.530015
-3.400000,-3.400000,501738.498768
-3.400000,-3.300000,453539.536872
-3.400000,-3.200000,412734.866949
-3.400000,-3.100000,378261.433485
-3.400000,-3.000000,349179.854420
-3.400000,-2.900000,324681.518253
-3.400000,-2.800000,304057.542801
-3.400000,-2.700000,286705.516637
-3.400000,-2.600000,272088.968322
-3.400000,-2.500000,259764.550408
-3.400000,-2.400000,249345.986337
-3.400000,-2.300000,240507.828237
-3.400000,-2.200000,232971.010132
-3.400000,-2.100000,226503.200617
-3.400000,-2.000000,220917.773762
-3.400000,-1.900000,216048.511063
-3.400000,-1.800000,211756.481030
-3.400000,-1.700000,207942.773940
-3.400000,-1.600000,204512.278383
-3.400000,-1.500000,201388.180322
-3.400000,-1.400000,198522.152369
-3.400000,-1.300000,195859.418383
-3.400000,-1.200000,193371.925373
-3.400000,-1.100000,191018.539922
-3.400000,-1.000000,188787.502777
-3.400000,-0.900000,186654.887219
-3.400000,-0.800000,184613.886245
-3.400000,-0.700000,182643.605428
-3.400000,-0.600000,180746.061675
-3.400000,-0.500000,178909.576271
-3.400000,-0.400000,177131.376855
-3.400000,-0.300000,175408.330001
-3.400000,-0.200000,173737.854150
-3.400000,-0.100000,172117.947349
-3.400000,-0.000000,170544.525211
-3.400000,0.100000,169023.279425
-3.400000,0.200000,167548.548326
-3.400000,0.300000,166117.306446
-3.400000,0.400000,164738.233069
-3.400000,0.500000,163404.932822
-3.400000,0.600000,162124.169089
-3.400000,0.700000,160897.812010
-3.400000,0.800000,159727.727646
-3.400000,0.900000,158614.779388
-3.400000,1.000000,157568.474888
-3.400000,1.100000,156600.482846
-3.400000,1.200000,155711.488581
-3.400000,1.300000,154923.542989
-3.400000,1.400000,154238.564094
-3.400000,1.500000,153687.889744
-3.400000,1.600000,153293.460807
-3.400000,1.700000,153081.673959
-3.400000,1.800000,153085.181289
-3.400000,1.900000,153358.174370
-3.400000,2.000000,153948.230786
-3.400000,2.100000,154921.748341
-3.400000,2.200000,156362.906453
-3.400000,2.300000,158366.043027
-3.400000,2.400000,161047.892432
-3.400000,2.500000,164548.873581
-3.400000,2.600000,169030.662084
-3.400000,2.700000,174696.593505
-3.400000,2.800000,181774.780025
-3.400000,2.900000,190541.285591
-3.400000,3.000000,201315.109871
-3.400000,3.100000,214472.746532
-3.400000,3.200000,230452.012774
-3.400000,3.300000,249754.290209
-3.400000,3.400000,272971.531995
-3.400000,3.500000,300772.932418
-3.400000,3.600000,333936.554729
-3.400000,3.700000,373344.166129
-3.400000,3.800000,420004.901947
-3.400000,3.900000,475071.618946
-3.400000,4.000000,539851.806071
-3.400000,4.100000,615815.763825
-3.400000,4.200000,704634.042963
-3.400000,4.300000,808178.938106
-3.400000,4.400000,928559.610275
-3.400000,4.500000,1068132.301374
-3.400000,4.600000,1229535.576813
-3.400000,4.700000,1415707.921983
-3.400000,4.800000,1629928.756571
-3.400000,4.900000,1875820.282564
-3.400000,5.000000,2157421.679728
-3.300000,-5.000000,3892791.737682
-3.300000,-4.900000,3396974.298699
-3.300000,-4.800000,2960953.902231
-3.300000,-4.700000,2578358.430002
-3.300000,-4.600000,2243399.850896
-3.300000,-4.500000,1950826.490239
-3.300000,-4.400000,1695877.733621
-3.300000,-4.300000,1474256.335272
-3.300000,-4.200000,1282083.524962
-3.300000,-4.100000,1115873.425972
-3.300000,-4.000000,972486.172509
-3.300000,-3.900000,849110.366751
-3.300000,-3.800000,743240.570686
-3.300000,-3.700000,652628.800528
-3.300000,-3.600000,575286.084068
-3.300000,-3.500000,509446.701147
-3.300000,-3.400000,453539.536872
-3.300000,-3.300000,406194.581653
-3.300000,-3.200000,366189.288745
-3.300000,-3.100000,332460.879232
-3.300000,-3.000000,304087.584698
-3.300000,-2.900000,280249.746799
-3.300000,-2.800000,260251.121163
-3.300000,-2.700000,243485.642518
-3.300000,-2.600000,229429.040839
-3.300000,-2.500000,217636.703348
-3.300000,-2.400000,207719.409427
-3.300000,-2.300000,199361.244554
-3.300000,-2.200000,192286.155475
-3.300000,-2.100000,186264.710729
-3.300000,-2.000000,181103.611273
-3.300000,-1.900000,176641.377124
-3.300000,-1.800000,172744.698686
-3.300000,-1.700000,169312.388371
-3.300000,-1.600000,166251.947509
-3.300000,-1.500000,163487.997382
-3.300000,-1.400000,160970.925435
-3.300000,-1.300000,158647.706131
-3.300000,-1.200000,156491.336236
-3.300000,-1.100000,154463.827759
-3.300000,-1.000000,152545.304695
-3.300000,-0.900000,150724.100402
-3.300000,-0.800000,148982.440999
-3.300000,-0.700000,147306.688889
-3.300000,-0.600000,145698.735682
-3.300000,-0.500000,144146.852111
-3.300000,-0.400000,142647.643875
-3.300000,-0.300000,141195.862869
-3.300000,-0.200000,139792.412463
-3.300000,-0.100000,138435.197523
-3.300000,-0.000000,137119.849771
-3.300000,0.100000,135846.606635
-3.300000,0.200000,134618.305980
-3.300000,0.300000,133427.171950
-3.300000,0.400000,132284.118684
-3.300000,0.500000,131181.728900
-3.300000,0.600000,130125.210587
-3.300000,0.700000,129120.326923
-3.300000,0.800000,128160.640683
-3.300000,0.900000,127256.626077
-3.300000,1.000000,126414.525469
-3.300000,1.100000,125640.276833
-3.300000,1.200000,124942.294157
-3.300000,1.300000,124334.120986
-3.300000,1.400000,123826.212412
-3.300000,1.500000,123441.351619
-3.300000,1.600000,123205.291123
-3.300000,1.700000,123137.337877
-3.300000,1.800000,123280.047565
-3.300000,1.900000,123678.779608
-3.300000,2.000000,124382.082031
-3.300000,2.100000,125456.686572
-3.300000,2.200000,126979.601112
-3.300000,2.300000,129052.142980
-3.300000,2.400000,131777.866579
-3.300000,2.500000,135304.251653
-3.300000,2.600000,139790.990823
-3.300000,2.700000,145435.136019
-3.300000,2.800000,152461.290515
-3.300000,2.900000,161139.659006
-3.300000,3.000000,171798.760622
-3.300000,3.100000,184796.149651
-3.300000,3.200000,200573.600436
-3.300000,3.300000,219628.607232
-3.300000,3.400000,242542.674363
-3.300000,3.500000,269984.673128
-3.300000,3.600000,302721.140528
-3.300000,3.700000,341635.839729
-3.300000,3.800000,387723.441011
-3.300000,3.900000,442141.575319
-3.300000,4.000000,506174.883162
-3.300000,4.100000,581294.572009
-3.300000,4.200000,669160.268888
-3.300000,4.300000,771634.269762
-3.300000,4.400000,890812.396478
-3.300000,4.500000,1029045.511907
-3.300000,4.600000,1188960.272152
-3.300000,4.700000,1373478.399850
-3.300000,4.800000,1585867.303667
-3.300000,4.900000,1829739.841597
-3.300000,5.000000,2109113.869687
-3.200000,-5.000000,3825869.147881
-3.200000,-4.900000,3332810.523870
-3.200000,-4.800000,2899339.856717
-3.200000,-4.700000,2519105.019328
-3.200000,-4.600000,2186324.475664
-3.200000,-4.500000,1895761.387119
-3.200000,-4.400000,1642673.097064
-3.200000,-4.300000,1422771.497995
-3.200000,-4.200000,1232189.555535
-3.200000,-4.100000,1067443.361266
-3.200000,-4.000000,925408.498918
-3.200000,-3.900000,803287.597449
-3.200000,-3.800000,698577.386819
-3.200000,-3.700000,609044.940234
-3.200000,-3.600000,532698.131996
-3.200000,-3.500000,467782.600311
-3.200000,-3.400000,412734.866949
-3.200000,-3.300000,366189.288745
-3.200000,-3.200000,326928.252145
-3.200000,-3.100000,293896.256514
-3.200000,-3.000000,266172.163083
-3.200000,-2.900000,242944.549442
-3.200000,-2.800000,223516.716847
-3.200000,-2.700000,207294.078009
-3.200000,-2.600000,193744.535900
-3.200000,-2.500000,182431.190114
-3.200000,-2.400000,172976.295850
-3.200000,-2.300000,165051.163304
-3.200000,-2.200000,158390.646746
-3.200000,-2.100000,152761.510178
-3.200000,-2.000000,147980.231790
-3.200000,-1.900000,143883.289764
-3.200000,-1.800000,140337.636987
-3.200000,-1.700000,137243.264741
-3.200000,-1.600000,134505.807395
-3.200000,-1.500000,132062.127714
-3.200000,-1.400000,129851.011639
-3.200000,-1.300000,127827.745721
-3.200000,-1.200000,125958.857234
-3.200000,-1.100000,124214.399747
-3.200000,-1.000000,122573.836927
-3.200000,-0.900000,121016.994443
-3.200000,-0.800000,119538.949096
-3.200000,-0.700000,118120.977899
-3.200000,-0.600000,116760.489552
-3.200000,-0.500000,115456.750247
-3.200000,-0.400000,114196.206421
-3.200000,-0.300000,112980.959722
-3.200000,-0.200000,111807.275561
-3.200000,-0.100000,110674.115873
-3.200000,-0.000000,109577.357821
-3.200000,0.100000,108520.582712
-3.200000,0.200000,107502.092731
-3.200000,0.300000,106521.634505
-3.200000,0.400000,105575.971230
-3.200000,0.500000,104673.280425
-3.200000,0.600000,103807.248476
-3.200000,0.700000,102987.464925
-3.200000,0.800000,102210.833097
-3.200000,0.900000,101481.790478
-3.200000,1.000000,100811.373675
-3.200000,1.100000,100202.942965
-3.200000,1.200000,99662.722243
-3.200000,1.300000,99206.009218
-3.200000,1.400000,98843.435166
-3.200000,1.500000,98596.764444
-3.200000,1.600000,98485.557244
-3.200000,1.700000,98544.089431
-3.200000,1.800000,98795.563765
-3.200000,1.900000,99291.605462
-3.200000,2.000000,100081.772082
-3.200000,2.100000,101228.093001
-3.200000,2.200000,102810.652949
-3.200000,2.300000,104923.965859
-3.200000,2.400000,107671.955568
-3.200000,2.500000,111203.838450
-3.200000,2.600000,115669.420523
-3.200000,2.700000,121266.460987
-3.200000,2.800000,128218.719467
-3.200000,2.900000,136794.876993
-3.200000,3.000000,147311.623328
-3.200000,3.100000,160131.883067
-3.200000,3.200000,175689.900473
-3.200000,3.300000,194476.860945
-3.200000,3.400000,217070.801039
-3.200000,3.500000,244134.360650
-3.200000,3.600000,276435.238120
-3.200000,3.700000,314840.140843
-3.200000,3.800000,360344.388271
-3.200000,3.900000,414094.652867
-3.200000,4.000000,477371.248307
-3.200000,4.100000,551633.081807
-3.200000,4.200000,638535.606357
-3.200000,4.300000,739929.174295
-3.200000,4.400000,857898.989667
-3.200000,4.500000,994784.028279
-3.200000,4.600000,1153203.480400
-3.200000,4.700000,1336065.250900
-3.200000,4.800000,1546617.879476
-3.200000,4.900000,1788469.029452
-3.200000,5.000000,2065616.395509
-3.100000,-5.000000,3766216.703504
-3.100000,-4.900000,3275853.885162
-3.100000,-4.800000,2844867.250096
-3.100000,-4.700000,2466920.700154
-3.100000,-4.600000,2136256.206782
-3.100000,-4.500000,1847645.178461
-3.100000,-4.400000,1596357.063531
-3.100000,-4.300000,1378109.498585
-3.100000,-4.200000,1189054.830795
-3.100000,-4.100000,1025718.267550
-3.100000,-4.000000,884985.342358
-3.100000,-3.900000,764065.416417
-3.100000,-3.800000,660458.275753
-3.100000,-3.700000,571944.123611
-3.100000,-3.600000,496540.711082
-3.100000,-3.500000,432497.552588
-3.100000,-3.400000,378261.433485
-3.100000,-3.300000,332460.879232
-3.100000,-3.200000,293896.256514
-3.100000,-3.100000,261512.867623
-3.100000,-3.000000,234390.961492
-3.100000,-2.900000,211725.677644
-3.100000,-2.800000,192824.832562
-3.100000,-2.700000,177095.368141
-3.100000,-2.600000,164011.727625
-3.100000,-2.500000,153135.075695
-3.100000,-2.400000,144090.064938
-3.100000,-2.300000,136556.772482
-3.100000,-2.200000,130268.195039
-3.100000,-2.100000,124991.819873
-3.100000,-2.000000,120548.616492
-3.100000,-1.900000,116773.652368
-3.100000,-1.800000,113541.527647
-3.100000,-1.700000,110745.743650
-3.100000,-1.600000,108297.172451
-3.100000,-1.500000,106129.685552
-3.100000,-1.400000,104187.806989
-3.100000,-1.300000,102422.286167
-3.100000,-1.200000,100809.042175
-3.100000,-1.100000,99310.682588
-3.100000,-1.000000,97907.964551
-3.100000,-0.900000,96585.454840
-3.100000,-0.800000,95335.141160
-3.100000,-0.700000,94140.904767
-3.100000,-0.600000,92996.100810
-3.100000,-0.500000,91902.759131
-3.100000,-0.400000,90851.471475
-3.100000,-0.300000,89836.220577
-3.100000,-0.200000,88858.624385
-3.100000,-0.100000,87918.805458
-3.100000,-0.000000,87012.223760
-3.100000,0.100000,86138.336840
-3.100000,0.200000,85300.010885
-3.100000,0.300000,84493.490263
-3.100000,0.400000,83722.027793
-3.100000,0.500000,82985.855091
-3.100000,0.600000,82283.767958
-3.100000,0.700000,81618.611750
-3.100000,0.800000,80996.906534
-3.100000,0.900000,80416.673489
-3.100000,1.000000,79889.914139
-3.100000,1.100000,79416.938754
-3.100000,1.200000,79007.781283
-3.100000,1.300000,78678.009925
-3.100000,1.400000,78436.475268
-3.100000,1.500000,78301.624148
-3.100000,1.600000,78293.809219
-3.100000,1.700000,78446.215623
-3.100000,1.800000,78784.848931
-3.100000,1.900000,79357.193353
-3.100000,2.000000,80211.374906
-3.100000,2.100000,81407.638916
-3.100000,2.200000,83028.566931
-3.100000,2.300000,85160.001328
-3.100000,2.400000,87912.242021
-3.100000,2.500000,91424.660142
-3.100000,2.600000,95851.641163
-3.100000,2.700000,101385.124283
-3.100000,2.800000,108244.251027
-3.100000,2.900000,116697.217208
-3.100000,3.000000,127056.162909
-3.100000,3.100000,139682.703057
-3.100000,3.200000,155003.521599
-3.100000,3.300000,173508.220778
-3.100000,3.400000,195770.956630
-3.100000,3.500000,222443.423888
-3.100000,3.600000,254291.096448
-3.100000,3.700000,292176.237777
-3.100000,3.800000,337086.754391
-3.100000,3.900000,390158.691545
-3.100000,4.000000,452670.729894
-3.100000,4.100000,526070.084590
-3.100000,4.200000,612001.481043
-3.100000,4.300000,712307.798687
-3.100000,4.400000,829064.824494
-3.100000,4.500000,964600.246697
-3.100000,4.600000,1121516.746548
-3.100000,4.700000,1302718.641369
-3.100000,4.800000,1511438.020472
-3.100000,4.900000,1751268.340938
-3.100000,5.000000,2026190.033969
-3.000000,-5.000000,3712829.146995
-3.000000,-4.900000,3225094.049460
-3.000000,-4.800000,2796529.788528
-3.000000,-4.700000,2420816.300672
-3.000000,-4.600000,2092207.049241
-3.000000,-4.500000,1805487.413879
-3.000000,-4.400000,1555942.058633
-3.000000,-4.300000,1339299.898452
-3.000000,-4.200000,1151719.595249
-3.000000,-4.100000,989736.056467
-3.000000,-4.000000,850252.443428
-3.000000,-3.900000,730476.095588
-3.000000,-3.800000,627927.140108
-3.000000,-3.700000,540384.789510
-3.000000,-3.600000,465876.764817
-3.000000,-3.500000,402659.359288
-3.000000,-3.400000,349179.854420
-3.000000,-3.300000,304087.584698
-3.000000,-3.200000,266172.163083
-3.000000,-3.100000,234390.961492
-3.000000,-3.000000,207827.931295
-3.000000,-2.900000,185683.446522
-3.000000,-2.800000,167268.346032
-3.000000,-2.700000,151987.854874
-3.000000,-2.600000,139325.421688
-3.000000,-2.500000,128849.146106
-3.000000,-2.400000,120176.106450
-3.000000,-2.300000,112998.665376
-3.000000,-2.200000,107040.361639
-3.000000,-2.100000,102085.489189
-3.000000,-2.000000,97941.600207
-3.000000,-1.900000,94454.790158
-3.000000,-1.800000,91493.394325
-3.000000,-1.700000,88961.950407
-3.000000,-1.600000,86765.766396
-3.000000,-1.500000,84842.576084
-3.000000,-1.400000,83135.944917
-3.000000,-1.300000,81597.657126
-3.000000,-1.200000,80205.673057
-3.000000,-1.100000,78917.980844
-3.000000,-1.000000,77723.746844
-3.000000,-0.900000,76605.596925
-3.000000,-0.800000,75549.058860
-3.000000,-0.700000,74543.914324
-3.000000,-0.600000,73588.438196
-3.000000,-0.500000,72676.336401
-3.000000,-0.400000,71799.712935
-3.000000,-0.300000,70958.705072
-3.000000,-0.200000,70152.227977
-3.000000,-0.100000,69378.312541
-3.000000,-0.000000,68630.860782
-3.000000,0.100000,67914.827177
-3.000000,0.200000,67227.844116
-3.000000,0.300000,66569.673931
-3.000000,0.400000,65942.462013
-3.000000,0.500000,65346.415113
-3.000000,0.600000,64782.322065
-3.000000,0.700000,64249.252092
-3.000000,0.800000,63756.200510
-3.000000,0.900000,63299.278245
-3.000000,1.000000,62890.198682
-3.000000,1.100000,62531.178293
-3.000000,1.200000,62232.596739
-3.000000,1.300000,62005.104301
-3.000000,1.400000,61859.788999
-3.000000,1.500000,61814.553308
-3.000000,1.600000,61890.674987
-3.000000,1.700000,62117.957694
-3.000000,1.800000,62521.995338
-3.000000,1.900000,63149.982018
-3.000000,2.000000,64046.301322
-3.000000,2.100000,65275.598988
-3.000000,2.200000,66915.217795
-3.000000,2.300000,69046.606343
-3.000000,2.400000,71786.728463
-3.000000,2.500000,75262.284191
-3.000000,2.600000,79636.691249
-3.000000,2.700000,85086.973935
-3.000000,2.800000,91840.757772
-3.000000,2.900000,100157.617546
-3.000000,3.000000,110347.663208
-3.000000,3.100000,122765.541095
-3.000000,3.200000,137834.683298
-3.000000,3.300000,156046.918421
-3.000000,3.400000,177961.613379
-3.000000,3.500000,204236.891709
-3.000000,3.600000,235621.905141
-3.000000,3.700000,272979.715837
-3.000000,3.800000,317284.993992
-3.000000,3.900000,369674.554590
-3.000000,4.000000,431412.443952
-3.000000,4.100000,503945.022535
-3.000000,4.200000,588898.655599
-3.000000,4.300000,688113.665368
-3.000000,4.400000,803656.238854
-3.000000,4.500000,937840.174074
-3.000000,4.600000,1093259.519782
-3.000000,4.700000,1272799.928059
-3.000000,4.800000,1479689.009791
-3.000000,4.900000,1717498.324749
-3.000000,5.000000,1990200.141945
-2.900000,-5.000000,3664819.505916
-2.900000,-4.900000,3179649.755497
-2.900000,-4.800000,2753453.244470
-2.900000,-4.700000,2379918.392555
-2.900000,-4.600000,2053310.692181
-2.900000,-4.500000,1768430.406809
-2.900000,-4.400000,1520573.001452
-2.900000,-4.300000,1305484.636422
-2.900000,-4.200000,1119324.587703
-2.900000,-4.100000,958650.696628
-2.900000,-4.000000,820365.435604
-2.900000,-3.900000,701690.113987
-2.900000,-3.800000,600148.892479
-2.900000,-3.700000,513534.750602
-2.900000,-3.600000,439875.860929
-2.900000,-3.500000,377439.311778
-2.900000,-3.400000,324681.518253
-2.900000,-3.300000,280249.746799
-2.900000,-3.200000,242944.549442
-2.900000,-3.100000,211725.677644
-2.900000,-3.000000,185683.446522
-2.900000,-2.900000,164019.107621
-2.900000,-2.800000,146050.170218
-2.900000,-2.700000,131184.822016
-2.900000,-2.600000,118912.260011
-2.900000,-2.500000,108795.540290
-2.900000,-2.400000,100463.666564
-2.900000,-2.300000,93600.366539
-2.900000,-2.200000,87943.044617
-2.900000,-2.100000,83269.199495
-2.900000,-2.000000,79393.516769
-2.900000,-1.900000,76160.966671
-2.900000,-1.800000,73447.227455
-2.900000,-1.700000,71143.870473
-2.900000,-1.600000,69172.075731
-2.900000,-1.500000,67460.143853
-2.900000,-1.400000,65957.312893
-2.900000,-1.300000,64618.417967
-2.900000,-1.200000,63416.282930
-2.900000,-1.100000,62315.819530
-2.900000,-1.000000,61300.106020
-2.900000,-0.900000,60352.675463
-2.900000,-0.800000,59466.833828
-2.900000,-0.700000,58627.068468
-2.900000,-0.600000,57832.056790
-2.900000,-0.500000,57072.173737
-2.900000,-0.400000,56348.943059
-2.900000,-0.300000,55655.373865
-2.900000,-0.200000,54989.776575
-2.900000,-0.100000,54353.156029
-2.900000,-0.000000,53742.653525
-2.900000,0.100000,53162.053498
-2.900000,0.200000,52605.555241
-2.900000,0.300000,52073.075770
-2.900000,0.400000,51566.371912
-2.900000,0.500000,51086.494190
-2.900000,0.600000,50636.283085
-2.900000,0.700000,50217.616478
-2.900000,0.800000,49830.120961
-2.900000,0.900000,49474.247789
-2.900000,1.000000,49163.679140
-2.900000,1.100000,48898.721089
-2.900000,1.200000,48688.985402
-2.900000,1.300000,48545.251961
-2.900000,1.400000,48476.297288
-2.900000,1.500000,48502.658978
-2.900000,1.600000,48646.603736
-2.900000,1.700000,48925.960315
-2.900000,1.800000,49376.846931
-2.900000,1.900000,50043.945300
-2.900000,2.000000,50968.426330
-2.900000,2.100000,52213.779455
-2.900000,2.200000,53853.120286
-2.900000,2.300000,55976.088719
-2.900000,2.400000,58683.330303
-2.900000,2.500000,62112.741902
-2.900000,2.600000,66415.466413
-2.900000,2.700000,71772.197107
-2.900000,2.800000,78407.182922
-2.900000,2.900000,86575.996788
-2.900000,3.000000,96582.309495
-2.900000,3.100000,108781.820102
-2.900000,3.200000,123595.424468
-2.900000,3.300000,141500.632730
-2.900000,3.400000,163063.676863
-2.900000,3.500000,188930.090550
-2.900000,3.600000,219849.785932
-2.900000,3.700000,256671.114424
-2.900000,3.800000,300371.137596
-2.900000,3.900000,352068.452247
-2.900000,4.000000,413031.167983
-2.900000,4.100000,484690.855007
-2.900000,4.200000,568669.722647
-2.900000,4.300000,666794.451190
-2.900000,4.400000,781119.345345
-2.900000,4.500000,913953.822808
-2.900000,4.600000,1067876.147786
-2.900000,4.700000,1245761.747024
-2.900000,4.800000,1450819.508240
-2.900000,4.900000,1686617.069536
-2.900000,5.000000,1957104.381205
-2.800000,-5.000000,3621412.241502
-2.800000,-4.900000,3138762.778959
-2.800000,-4.800000,2714876.323470
-2.800000,-4.700000,2343466.393058
-2.800000,-4.600000,2018812.280094
-2.800000,-4.500000,1735722.537979
-2.800000,-4.400000,1489508.087691
-2.800000,-4.300000,1275921.304791
-2.800000,-4.200000,1091143.491476
-2.800000,-4.100000,931731.344768
-2.800000,-4.000000,794598.784588
-2.800000,-3.900000,676979.375856
-2.800000,-3.800000,576407.991717
-2.800000,-3.700000,490678.241541
-2.800000,-3.600000,417831.906764
-2.800000,-3.500000,356135.974063
-2.800000,-3.400000,304057.542801
-2.800000,-3.300000,260251.121163
-2.800000,-3.200000,223516.716847
-2.800000,-3.100000,192824.832562
-2.800000,-3.000000,167268.346032
-2.800000,-2.900000,146050.170218
-2.800000,-2.800000,128491.849449
-2.800000,-2.700000,114012.716944
-2.800000,-2.600000,102090.888074
-2.800000,-2.500000,92303.414537
-2.800000,-2.400000,84276.412858
-2.800000,-2.300000,77704.048023
-2.800000,-2.200000,72317.371434
-2.800000,-2.100000,67892.098858
-2.800000,-2.000000,64258.195689
-2.800000,-1.900000,61249.779745
-2.800000,-1.800000,58748.263681
-2.800000,-1.700000,56650.851922
-2.800000,-1.600000,54873.500998
-2.800000,-1.500000,53346.094896
-2.800000,-1.400000,52023.945653
-2.800000,-1.300000,50856.012097
-2.800000,-1.200000,49815.172897
-2.800000,-1.100000,48877.350859
-2.800000,-1.000000,48014.527267
-2.800000,-0.900000,47214.965769
-2.800000,-0.800000,46475.544579
-2.800000,-0.700000,45774.058407
-2.800000,-0.600000,45114.426697
-2.800000,-0.500000,44491.022200
-2.800000,-0.400000,43892.697835
-2.800000,-0.300000,43324.303393
-2.800000,-0.200000,42781.662206
-2.800000,-0.100000,42264.711930
-2.800000,-0.000000,41768.980850
-2.800000,0.100000,41297.459747
-2.800000,0.200000,40850.741453
-2.800000,0.300000,40420.010119
-2.800000,0.400000,40018.302387
-2.800000,0.500000,39635.991740
-2.800000,0.600000,39281.303611
-2.800000,0.700000,38954.023639
-2.800000,0.800000,38653.377489
-2.800000,0.900000,38384.324570
-2.800000,1.000000,38151.026320
-2.800000,1.100000,37963.494467
-2.800000,1.200000,37823.033837
-2.800000,1.300000,37745.883295
-2.800000,1.400000,37740.322251
-2.800000,1.500000,37818.442031
-2.800000,1.600000,38010.086549
-2.800000,1.700000,38334.480528
-2.800000,1.800000,38817.360481
-2.800000,1.900000,39506.531911
-2.800000,2.000000,40444.416520
-2.800000,2.100000,41694.862342
-2.800000,2.200000,43322.382295
-2.800000,2.300000,45417.822060
-2.800000,2.400000,48086.592009
-2.800000,2.500000,51452.838181
-2.800000,2.600000,55674.045403
-2.800000,2.700000,60929.194463
-2.800000,2.800000,67434.985835
-2.800000,2.900000,75444.738599
-2.800000,3.000000,85259.709411
-2.800000,3.100000,97232.512965
-2.800000,3.200000,111778.809700
-2.800000,3.300000,129377.895158
-2.800000,3.400000,150579.525673
-2.800000,3.500000,176033.601854
-2.800000,3.600000,206478.830540
-2.800000,3.700000,242759.122918
-2.800000,3.800000,285850.355352
-2.800000,3.900000,336860.540066
-2.800000,4.000000,397043.598196
-2.800000,4.100000,467829.054310
-2.800000,4.200000,550830.420635
-2.800000,4.300000,647867.176750
-2.800000,4.400000,760980.768868
-2.800000,4.500000,892463.663579
-2.800000,4.600000,1044894.048391
-2.800000,4.700000,1221126.719362
-2.800000,4.800000,1424365.535903
-2.800000,4.900000,1658153.575439
-2.800000,5.000000,1926438.017711
-2.700000,-5.000000,3581950.046993
-2.700000,-4.900000,3101762.955256
-2.700000,-4.800000,2680144.460705
-2.700000,-4.700000,2310811.640527
-2.700000,-4.600000,1988061.770942
-2.700000,-4.500000,1706719.465293
-2.700000,-4.400000,1462098.952875
-2.700000,-4.300000,1249973.381525
-2.700000,-4.200000,1066531.594961
-2.700000,-4.100000,908338.916453
-2.700000,-4.000000,772323.707135
-2.700000,-3.900000,655721.379004
-2.700000,-3.800000,556081.660928
-2.700000,-3.700000,471198.441210
-2.700000,-3.600000,399126.774807
-2.700000,-3.500000,338138.298076
-2.700000,-3.400000,286705.516637
-2.700000,-3.300000,243485.642518
-2.700000,-3.200000,207294.078009
-2.700000,-3.100000,177095.368141
-2.700000,-3.000000,151987.854874
-2.700000,-2.900000,131184.822016
-2.700000,-2.800000,114012.716944
-2.700000,-2.700000,99881.868327
-2.700000,-2.600000,88284.485151
-2.700000,-2.500000,78797.371228
-2.700000,-2.400000,71050.058004
-2.700000,-2.300000,64733.456578
-2.700000,-2.200000,59590.724153
-2.700000,-2.100000,55392.505190
-2.700000,-2.000000,51967.843625
-2.700000,-1.900000,49161.123097
-2.700000,-1.800000,46848.462673
-2.700000,-1.700000,44931.386429
-2.700000,-1.600000,43321.345070
-2.700000,-1.500000,41956.111884
-2.700000,-1.400000,40789.848226
-2.700000,-1.300000,39772.719970
-2.700000,-1.200000,38875.363966
-2.700000,-1.100000,38070.072379
-2.700000,-1.000000,37340.476098
-2.700000,-0.900000,36670.972461
-2.700000,-0.800000,36050.621299
-2.700000,-0.700000,35471.399783
-2.700000,-0.600000,34926.140673
-2.700000,-0.500000,34411.343156
-2.700000,-0.400000,33926.992695
-2.700000,-0.300000,33460.738733
-2.700000,-0.200000,33020.064069
-2.700000,-0.100000,32602.877150
-2.700000,-0.000000,32201.907251
-2.700000,0.100000,31823.360839
-2.700000,0.200000,31467.941734
-2.700000,0.300000,31125.369192
-2.700000,0.400000,30806.561634
-2.700000,0.500000,30507.532352
-2.700000,0.600000,30230.313953
-2.700000,0.700000,29977.029957
-2.700000,0.800000,29751.513095
-2.700000,0.900000,29546.565226
-2.700000,1.000000,29380.046156
-2.700000,1.100000,29253.451091
-2.700000,1.200000,29171.991302
-2.700000,1.300000,29146.057064
-2.700000,1.400000,29185.528513
-2.700000,1.500000,29306.279124
-2.700000,1.600000,29534.520970
-2.700000,1.700000,29885.514742
-2.700000,1.800000,30388.539456
-2.700000,1.900000,31090.868678
-2.700000,2.000000,32031.954865
-2.700000,2.100000,33267.700764
-2.700000,2.200000,34875.092198
-2.700000,2.300000,36937.787119
-2.700000,2.400000,39552.180575
-2.700000,2.500000,42851.255535
-2.700000,2.600000,46982.177001
-2.700000,2.700000,52125.285667
-2.700000,2.800000,58491.549182
-2.700000,2.900000,66334.166487
-2.700000,3.000000,75954.997240
-2.700000,3.100000,87698.521910
-2.700000,3.200000,101973.314026
-2.700000,3.300000,119254.299430
-2.700000,3.400000,140093.618828
-2.700000,3.500000,165131.049410
-2.700000,3.600000,195098.126624
-2.700000,3.700000,230842.262748
-2.700000,3.800000,273316.727176
-2.700000,3.900000,323636.744665
-2.700000,4.000000,383043.921758
-2.700000,4.100000,452959.384128
-2.700000,4.200000,534984.694801
-2.700000,4.300000,630933.855468
-2.700000,4.400000,742835.404271
-2.700000,4.500000,872979.773661
-2.700000,4.600000,1023922.600514
-2.700000,4.700000,1198510.080375
-2.700000,4.800000,1399934.109371
-2.700000,4.900000,1631726.391190
-2.700000,5.000000,1897815.910708
-2.600000,-5.000000,3545843.857024
-2.600000,-4.900000,3068076.270336
-2.600000,-4.800000,2648675.845834
-2.600000,-4.700000,2281378.121600
-2.600000,-4.600000,1960487.183897
-2.600000,-4.500000,1680847.356530
-2.600000,-4.400000,1437786.877231
-2.600000,-4.300000,1227082.887036
-2.600000,-4.200000,1044935.798340
-2.600000,-4.100000,887927.791475
-2.600000,-4.000000,752988.978776
-2.600000,-3.900000,637371.801055
-2.600000,-3.800000,538621.433868
-2.600000,-3.700000,454554.665334
-2.600000,-3.600000,383222.495450
-2.600000,-3.500000,322909.351647
-2.600000,-3.400000,272088.968322
-2.600000,-3.300000,229429.040839
-2.600000,-3.200000,193744.535900
-2.600000,-3.100000,164011.727625
-2.600000,-3.000000,139325.421688
-2.600000,-2.900000,118912.260011
-2.600000,-2.800000,102090.888074
-2.600000,-2.700000,88284.485151
-2.600000,-2.600000,76989.085852
-2.600000,-2.500000,67774.837967
-2.600000,-2.400000,60280.847293
-2.600000,-2.300000,54200.965049
-2.600000,-2.200000,49271.333123
-2.600000,-2.100000,45278.363541
-2.600000,-2.000000,42042.952679
-2.600000,-1.900000,39411.843272
-2.600000,-1.800000,37264.820824
-2.600000,-1.700000,35502.178772
-2.600000,-1.600000,34044.139345
-2.600000,-1.500000,32820.855126
-2.600000,-1.400000,31786.252869
-2.600000,-1.300000,30895.214436
-2.600000,-1.200000,30123.487679
-2.600000,-1.100000,29435.708339
-2.600000,-1.000000,28818.484400
-2.600000,-0.900000,28256.456150
-2.600000,-0.800000,27744.177235
-2.600000,-0.700000,27263.308522
-2.600000,-0.600000,26814.750483
-2.600000,-0.500000,26396.546739
-2.600000,-0.400000,26000.318971
-2.600000,-0.300000,25627.025903
-2.600000,-0.200000,25267.975761
-2.600000,-0.100000,24934.298433
-2.600000,-0.000000,24615.307170
-2.600000,0.100000,24313.898956
-2.600000,0.200000,24028.628110
-2.600000,0.300000,23761.982034
-2.600000,0.400000,23510.934188
-2.600000,0.500000,23279.321098
-2.600000,0.600000,23065.618907
-2.600000,0.700000,22873.825324
-2.600000,0.800000,22704.128752
-2.600000,0.900000,22557.862050
-2.600000,1.000000,22441.885316
-2.600000,1.100000,22361.358178
-2.600000,1.200000,22323.561659
-2.600000,1.300000,22339.389999
-2.600000,1.400000,22412.141508
-2.600000,1.500000,22567.027818
-2.600000,1.600000,22814.108938
-2.600000,1.700000,23184.158429
-2.600000,1.800000,23698.377651
-2.600000,1.900000,24400.074786
-2.600000,2.000000,25335.452471
-2.600000,2.100000,26554.565064
-2.600000,2.200000,28128.879124
-2.600000,2.300000,30147.109748
-2.600000,2.400000,32704.442113
-2.600000,2.500000,35924.163987
-2.600000,2.600000,39961.427617
-2.600000,2.700000,44985.463581
-2.600000,2.800000,51209.201614
-2.600000,2.900000,58881.396641
-2.600000,3.000000,68299.027922
-2.600000,3.100000,79805.898094
-2.600000,3.200000,93805.696062
-2.600000,3.300000,110768.877645
-2.600000,3.400000,131243.213624
-2.600000,3.500000,155863.304511
-2.600000,3.600000,185354.437651
-2.600000,3.700000,220555.180229
-2.600000,3.800000,262422.838342
-2.600000,3.900000,312049.874796
-2.600000,4.000000,370682.980009
-2.600000,4.100000,439729.671442
-2.600000,4.200000,520786.479136
-2.600000,4.300000,615651.047233
-2.600000,4.400000,726349.225675
-2.600000,4.500000,855157.299783
-2.600000,4.600000,1004618.439392
-2.600000,4.700000,1177573.955258
-2.600000,4.800000,1377192.912440
-2.600000,4.900000,1606997.074224
-2.600000,5.000000,1870902.774791
-2.500000,-5.000000,3512596.288930
-2.500000,-4.900000,3037207.844301
-2.500000,-4.800000,2619981.265202
-2.500000,-4.700000,2254676.642466
-2.500000,-4.600000,1935610.911225
-2.500000,-4.500000,1657630.939912
-2.500000,-4.400000,1416088.390408
-2.500000,-4.300000,1206772.516883
-2.500000,-4.200000,1025884.312519
-2.500000,-4.100000,870026.000197
-2.500000,-4.000000,736129.673319
-2.500000,-3.900000,621464.189595
-2.500000,-3.800000,523576.425190
-2.500000,-3.700000,440290.953714
-2.500000,-3.600000,369668.050561
-2.500000,-3.500000,309998.365038
-2.500000,-3.400000,259764.550408
-2.500000,-3.300000,217636.703348
-2.500000,-3.200000,182431.190114
-2.500000,-3.100000,153135.075695
-2.500000,-3.000000,128849.146106
-2.500000,-2.900000,108795.540290
-2.500000,-2.800000,92303.414537
-2.500000,-2.700000,78797.371228
-2.500000,-2.600000,67774.837967
-2.500000,-2.500000,58813.859696
-2.500000,-2.400000,51548.808059
-2.500000,-2.300000,45681.448398
-2.500000,-2.200000,40947.030171
-2.500000,-2.100000,37136.243413
-2.500000,-2.000000,34067.162748
-2.500000,-1.900000,31595.265793
-2.500000,-1.800000,29596.552429
-2.500000,-1.700000,27970.993837
-2.500000,-1.600000,26641.874896
-2.500000,-1.500000,25538.665801
-2.500000,-1.400000,24623.858604
-2.500000,-1.300000,23840.882844
-2.500000,-1.200000,23171.294754
-2.500000,-1.100000,22585.336053
-2.500000,-1.000000,22066.255373
-2.500000,-0.900000,21594.712305
-2.500000,-0.800000,21169.424903
-2.500000,-0.700000,20774.530722
-2.500000,-0.600000,20410.090609
-2.500000,-0.500000,20068.702546
-2.500000,-0.400000,19748.093326
-2.500000,-0.300000,19446.777745
-2.500000,-0.200000,19161.094712
-2.500000,-0.100000,18897.589224
-2.500000,-0.000000,18643.829068
-2.500000,0.100000,18405.502133
-2.500000,0.200000,18184.342689
-2.500000,0.300000,17974.271118
-2.500000,0.400000,17780.949234
-2.500000,0.500000,17601.935620
-2.500000,0.600000,17438.815111
-2.500000,0.700000,17297.347615
-2.500000,0.800000,17173.731005
-2.500000,0.900000,17073.264277
-2.500000,1.000000,16996.520575
-2.500000,1.100000,16952.815397
-2.500000,1.200000,16948.270219
-2.500000,1.300000,16994.065474
-2.500000,1.400000,17093.988699
-2.500000,1.500000,17264.101469
-2.500000,1.600000,17530.275283
-2.500000,1.700000,17909.127076
-2.500000,1.800000,18424.163628
-2.500000,1.900000,19120.428522
-2.500000,2.000000,20039.471912
-2.500000,2.100000,21230.315381
-2.500000,2.200000,22770.248326
-2.500000,2.300000,24736.969137
-2.500000,2.400000,27226.791371
-2.500000,2.500000,30367.307077
-2.500000,2.600000,34299.697543
-2.500000,2.700000,39203.268723
-2.500000,2.800000,45279.659008
-2.500000,2.900000,52778.590528
-2.500000,3.000000,61991.564685
-2.500000,3.100000,73256.750354
-2.500000,3.200000,86979.021133
-2.500000,3.300000,103626.622559
-2.500000,3.400000,123733.438904
-2.500000,3.500000,147936.323232
-2.500000,3.600000,176949.664086
-2.500000,3.700000,211611.652432
-2.500000,3.800000,252869.334835
-2.500000,3.900000,301808.136055
-2.500000,4.000000,359672.258426
-2.500000,4.100000,427853.177645
-2.500000,4.200000,507943.431380
-2.500000,4.300000,601733.965005
-2.500000,4.400000,711236.513311
-2.500000,4.500000,838714.843228
-2.500000,4.600000,986707.071753
-2.500000,4.700000,1158034.144559
-2.500000,4.800000,1355861.038436
-2.500000,4.900000,1583691.781387
-2.500000,5.000000,1845424.113531
-2.400000,-5.000000,3481781.438220
-2.400000,-4.900000,3008726.261564
-2.400000,-4.800000,2593638.368116
-2.400000,-4.700000,2230287.077887
-2.400000,-4.600000,1913003.397144
-2.400000,-4.500000,1636655.164094
-2.400000,-4.400000,1396598.550434
-2.400000,-4.300000,1188629.442480
-2.400000,-4.200000,1008972.562796
-2.400000,-4.100000,854229.060403
-2.400000,-4.000000,721347.487721
-2.400000,-3.900000,607597.781528
-2.400000,-3.800000,510543.950032
-2.400000,-3.700000,428011.379213
-2.400000,-3.600000,358072.912015
-2.400000,-3.500000,299021.989439
-2.400000,-3.400000,249345.986337
-2.400000,-3.300000,207719.409427
-2.400000,-3.200000,172976.295850
-2.400000,-3.100000,144090.064938
-2.400000,-3.000000,120176.106450
-2.400000,-2.900000,100463.666564
-2.400000,-2.800000,84276.412858
-2.400000,-2.700000,71050.058004
-2.400000,-2.600000,60280.847293
-2.400000,-2.500000,51548.808059
-2.400000,-2.400000,44497.974481
-2.400000,-2.300000,38818.666761
-2.400000,-2.200000,34263.331266
-2.400000,-2.100000,30613.641201
-2.400000,-2.000000,27697.857948
-2.400000,-1.900000,25363.566549
-2.400000,-1.800000,23495.045916
-2.400000,-1.700000,21990.660299
-2.400000,-1.600000,20771.424168
-2.400000,-1.500000,19776.829052
-2.400000,-1.400000,18960.107240
-2.400000,-1.300000,18271.206288
-2.400000,-1.200000,17693.203151
-2.400000,-1.100000,17190.607458
-2.400000,-1.000000,16752.212829
-2.400000,-0.900000,16360.872909
-2.400000,-0.800000,16010.092048
-2.400000,-0.700000,15685.055523
-2.400000,-0.600000,15390.091548
-2.400000,-0.500000,15114.928318
-2.400000,-0.400000,14858.419745
-2.400000,-0.300000,14616.826683
-2.400000,-0.200000,14389.566211
-2.400000,-0.100000,14182.204536
-2.400000,-0.000000,13980.064655
-2.400000,0.100000,13797.569558
-2.400000,0.200000,13623.144664
-2.400000,0.300000,13462.971691
-2.400000,0.400000,13313.906227
-2.400000,0.500000,13178.916396
-2.400000,0.600000,13060.322427
-2.400000,0.700000,12955.401952
-2.400000,0.800000,12869.153728
-2.400000,0.900000,12799.605726
-2.400000,1.000000,12757.074356
-2.400000,1.100000,12745.065519
-2.400000,1.200000,12763.394297
-2.400000,1.300000,12829.730230
-2.400000,1.400000,12946.400945
-2.400000,1.500000,13130.281559
-2.400000,1.600000,13402.976102
-2.400000,1.700000,13781.148362
-2.400000,1.800000,14293.589408
-2.400000,1.900000,14974.254760
-2.400000,2.000000,15869.992412
-2.400000,2.100000,17033.596691
-2.400000,2.200000,18532.512432
-2.400000,2.300000,20443.599629
-2.400000,2.400000,22862.119217
-2.400000,2.500000,25914.622163
-2.400000,2.600000,29743.668726
-2.400000,2.700000,34518.166419
-2.400000,2.800000,40447.160099
-2.400000,2.900000,47768.487276
-2.400000,3.000000,56773.153553
-2.400000,3.100000,67802.402119
-2.400000,3.200000,81247.212173
-2.400000,3.300000,97570.369113
-2.400000,3.400000,117317.293211
-2.400000,3.500000,141098.186525
-2.400000,3.600000,169638.637977
-2.400000,3.700000,203766.246413
-2.400000,3.800000,244413.836078
-2.400000,3.900000,292671.687846
-2.400000,4.000000,349766.927289
-2.400000,4.100000,417092.610809
-2.400000,4.200000,496225.065621
-2.400000,4.300000,588943.368127
-2.400000,4.400000,697258.001442
-2.400000,4.500000,823415.968407
-2.400000,4.600000,969948.467410
-2.400000,4.700000,1139662.618311
-2.400000,4.800000,1335707.735316
-2.400000,4.900000,1561576.580180
-2.400000,5.000000,1821150.013791
-2.300000,-5.000000,3453024.692506
-2.300000,-4.900000,2982269.162563
-2.300000,-4.800000,2569280.036256
-2.300000,-4.700000,2207848.621375
-2.300000,-4.600000,1892319.865461
-2.300000,-4.500000,1617563.160448
-2.300000,-4.400000,1378958.369088
-2.300000,-4.300000,1172311.200148
-2.300000,-4.200000,993851.289464
-2.300000,-4.100000,840193.969423
-2.300000,-4.000000,708297.205217
-2.300000,-3.900000,595439.293534
-2.300000,-3.800000,499191.454701
-2.300000,-3.700000,417386.554155
-2.300000,-3.600000,348107.311874
-2.300000,-3.500000,289649.374457
-2.300000,-3.400000,240507.828237
-2.300000,-3.300000,199361.244554
-2.300000,-3.200000,165051.163304
-2.300000,-3.100000,136556.772482
-2.300000,-3.000000,112998.665376
-2.300000,-2.900000,93600.366539
-2.300000,-2.800000,77704.048023
-2.300000,-2.700000,64733.456578
-2.300000,-2.600000,54200.965049
-2.300000,-2.500000,45681.448398
-2.300000,-2.400000,38818.666761
-2.300000,-2.300000,33319.835063
-2.300000,-2.200000,28922.024930
-2.300000,-2.100000,25416.476208
-2.300000,-2.000000,22635.995545
-2.300000,-1.900000,20426.004089
-2.300000,-1.800000,18668.641517
-2.300000,-1.700000,17269.937921
-2.300000,-1.600000,16150.274393
-2.300000,-1.500000,15250.463119
-2.300000,-1.400000,14515.501735
-2.300000,-1.300000,13909.915755
-2.300000,-1.200000,13407.117409
-2.300000,-1.100000,12979.234385
-2.300000,-1.000000,12607.492366
-2.300000,-0.900000,12282.875014
-2.300000,-0.800000,11990.398775
-2.300000,-0.700000,11728.178797
-2.300000,-0.600000,11486.452351
-2.300000,-0.500000,11268.214052
-2.300000,-0.400000,11063.606522
-2.300000,-0.300000,10872.255919
-2.300000,-0.200000,10696.829264
-2.300000,-0.100000,10529.633153
-2.300000,-0.000000,10375.529517
-2.300000,0.100000,10232.966834
-2.300000,0.200000,10100.397753
-2.300000,0.300000,9976.134543
-2.300000,0.400000,9867.202693
-2.300000,0.500000,9766.555658
-2.300000,0.600000,9679.098614
-2.300000,0.700000,9604.072038
-2.300000,0.800000,9549.430661
-2.300000,0.900000,9505.254243
-2.300000,1.000000,9486.311298
-2.300000,1.100000,9490.742525
-2.300000,1.200000,9529.675076
-2.300000,1.300000,9609.953096
-2.300000,1.400000,9736.721008
-2.300000,1.500000,9929.713637
-2.300000,1.600000,10201.275650
-2.300000,1.700000,10574.812292
-2.300000,1.800000,11078.201848
-2.300000,1.900000,11742.424860
-2.300000,2.000000,12610.215637
-2.300000,2.100000,13739.052710
-2.300000,2.200000,15189.606701
-2.300000,2.300000,17039.106110
-2.300000,2.400000,19388.183374
-2.300000,2.500000,22352.652241
-2.300000,2.600000,26071.886594
-2.300000,2.700000,30720.906823
-2.300000,2.800000,36495.662488
-2.300000,2.900000,43640.660769
-2.300000,3.000000,52438.921119
-2.300000,3.100000,63225.131468
-2.300000,3.200000,76396.105801
-2.300000,3.300000,92401.738015
-2.300000,3.400000,111782.664536
-2.300000,3.500000,135151.599107
-2.300000,3.600000,163220.886493
-2.300000,3.700000,196811.797925
-2.300000,3.800000,236858.434517
-2.300000,3.900000,284441.121670
-2.300000,4.000000,340775.220311
-2.300000,4.100000,407247.376968
-2.300000,4.200000,485428.082438
-2.300000,4.300000,577086.930541
-2.300000,4.400000,684221.842007
-2.300000,4.500000,809070.777380
-2.300000,4.600000,954152.730384
-2.300000,4.700000,1122261.790672
-2.300000,4.800000,1316538.276795
-2.300000,4.900000,1540459.239942
-2.300000,5.000000,1797891.230715
-2.200000,-5.000000,3426020.798078
-2.200000,-4.900000,2957525.079642
-2.200000,-4.800000,2546607.680376
-2.200000,-4.700000,2187060.296889
-2.200000,-4.600000,1873245.198443
-2.200000,-4.500000,1600056.744401
-2.200000,-4.400000,1362874.208822
-2.200000,-4.300000,1157515.583127
-2.200000,-4.200000,980226.542144
-2.200000,-4.100000,827630.920363
-2.200000,-4.000000,696691.963984
-2.200000,-3.900000,584698.851060
-2.200000,-3.800000,489233.645970
-2.200000,-3.700000,408133.266295
-2.200000,-3.600000,339485.554709
-2.200000,-3.500000,281599.836190
-2.200000,-3.400000,232971.010132
-2.200000,-3.300000,192286.155475
-2.200000,-3.200000,158390.646746
-2.200000,-3.100000,130268.195039
-2.200000,-3.000000,107040.361639
-2.200000,-2.900000,87943.044617
-2.200000,-2.800000,72317.371434
-2.200000,-2.700000,59590.724153
-2.200000,-2.600000,49271.333123
-2.200000,-2.500000,40947.030171
-2.200000,-2.400000,34263.331266
-2.200000,-2.300000,28922.024930
-2.200000,-2.200000,24672.716740
-2.200000,-2.100000,21297.009994
-2.200000,-2.000000,18635.594621
-2.200000,-1.900000,16536.167853
-2.200000,-1.800000,14879.130542
-2.200000,-1.700000,13574.137913
-2.200000,-1.600000,12539.948760
-2.200000,-1.500000,11716.110006
-2.200000,-1.400000,11059.001804
-2.200000,-1.300000,10522.702773
-2.200000,-1.200000,10083.345754
-2.200000,-1.100000,9714.748614
-2.200000,-1.000000,9403.636550
-2.200000,-0.900000,9128.808780
-2.200000,-0.800000,8891.608530
-2.200000,-0.700000,8677.925769
-2.200000,-0.600000,8486.318899
-2.200000,-0.500000,8310.840451
-2.200000,-0.400000,8148.485536
-2.200000,-0.300000,7998.705832
-2.200000,-0.200000,7858.326206
-2.200000,-0.100000,7731.343576
-2.200000,-0.000000,7613.963271
-2.200000,0.100000,7503.697136
-2.200000,0.200000,7404.384173
-2.200000,0.300000,7313.983170
-2.200000,0.400000,7230.580607
-2.200000,0.500000,7158.717000
-2.200000,0.600000,7095.359976
-2.200000,0.700000,7045.984147
-2.200000,0.800000,7010.556718
-2.200000,0.900000,6986.157028
-2.200000,1.000000,6982.880679
-2.200000,1.100000,7004.280778
-2.200000,1.200000,7055.167562
-2.200000,1.300000,7142.249056
-2.200000,1.400000,7275.428182
-2.200000,1.500000,7467.714344
-2.200000,1.600000,7738.997415
-2.200000,1.700000,8105.607678
-2.200000,1.800000,8589.285817
-2.200000,1.900000,9234.828855
-2.200000,2.000000,10071.791625
-2.200000,2.100000,11162.029965
-2.200000,2.200000,12561.990065
-2.200000,2.300000,14352.554535
-2.200000,2.400000,16625.344826
-2.200000,2.500000,19498.020312
-2.200000,2.600000,23110.557130
-2.200000,2.700000,27629.261044
-2.200000,2.800000,33251.218628
-2.200000,2.900000,40220.520507
-2.200000,3.000000,48812.812743
-2.200000,3.100000,59360.201093
-2.200000,3.200000,72254.524742
-2.200000,3.300000,87944.301950
-2.200000,3.400000,106964.290457
-2.200000,3.500000,129920.487268
-2.200000,3.600000,157522.774014
-2.200000,3.700000,190587.032534
-2.200000,3.800000,230035.892351
-2.200000,3.900000,276948.434760
-2.200000,4.000000,332526.194853
-2.200000,4.100000,398154.258076
-2.200000,4.200000,475391.049788
-2.200000,4.300000,565998.746854
-2.200000,4.400000,671962.504826
-2.200000,4.500000,795516.611462
-2.200000,4.600000,939156.321361
-2.200000,4.700000,1105676.572538
-2.200000,4.800000,1298198.542788
-2.200000,4.900000,1520184.629962
-2.200000,5.000000,1775491.324715
-2.100000,-5.000000,3400495.691338
-2.100000,-4.900000,2934230.604910
-2.100000,-4.800000,2525348.296094
-2.100000,-4.700000,2167657.176434
-2.100000,-4.600000,1855533.315977
-2.100000,-4.500000,1583876.372932
-2.100000,-4.400000,1348087.040504
-2.100000,-4.300000,1143992.180435
-2.100000,-4.200000,967850.172650
-2.100000,-4.100000,816287.500038
-2.100000,-4.000000,686282.675594
-2.100000,-3.900000,575135.023184
-2.100000,-3.800000,480426.622894
-2.100000,-3.700000,400010.807429
-2.100000,-3.600000,331974.553390
-2.100000,-3.500000,274639.583479
-2.100000,-3.400000,226503.200617
-2.100000,-3.300000,186264.710729
-2.100000,-3.200000,152761.510178
-2.100000,-3.100000,124991.819873
-2.100000,-3.000000,102085.489189
-2.100000,-2.900000,83269.199495
-2.100000,-2.800000,67892.098858
-2.100000,-2.700000,55392.505190
-2.100000,-2.600000,45278.363541
-2.100000,-2.500000,37136.243413
-2.100000,-2.400000,30613.641201
-2.100000,-2.300000,25416.476208
-2.100000,-2.200000,21297.009994
-2.100000,-2.100000,18042.345200
-2.100000,-2.000000,15490.725317
-2.100000,-1.900000,13485.261759
-2.100000,-1.800000,11917.651927
-2.100000,-1.700000,10694.567664
-2.100000,-1.600000,9735.628766
-2.100000,-1.500000,8980.179894
-2.100000,-1.400000,8385.181096
-2.100000,-1.300000,7909.847746
-2.100000,-1.200000,7524.755682
-2.100000,-1.100000,7207.363731
-2.100000,-1.000000,6944.566065
-2.100000,-0.900000,6717.454601
-2.100000,-0.800000,6522.834980
-2.100000,-0.700000,6347.533936
-2.100000,-0.600000,6193.570046
-2.100000,-0.500000,6056.121769
-2.100000,-0.400000,5930.038865
-2.100000,-0.300000,5814.570010
-2.100000,-0.200000,5704.262666
-2.100000,-0.100000,5607.319723
-2.100000,-0.000000,5516.456818
-2.100000,0.100000,5433.559834
-2.100000,0.200000,5360.807605
-2.100000,0.300000,5294.082207
-2.100000,0.400000,5233.622596
-2.100000,0.500000,5179.132206
-2.100000,0.600000,5139.517296
-2.100000,0.700000,5107.260323
-2.100000,0.800000,5086.309438
-2.100000,0.900000,5078.195915
-2.100000,1.000000,5086.983784
-2.100000,1.100000,5118.602801
-2.100000,1.200000,5177.692160
-2.100000,1.300000,5270.669364
-2.100000,1.400000,5402.673316
-2.100000,1.500000,5592.163476
-2.100000,1.600000,5855.041560
-2.100000,1.700000,6209.987523
-2.100000,1.800000,6674.798822
-2.100000,1.900000,7295.473297
-2.100000,2.000000,8103.549872
-2.100000,2.100000,9152.194639
-2.100000,2.200000,10499.674495
-2.100000,2.300000,12229.334954
-2.100000,2.400000,14423.394203
-2.100000,2.500000,17204.886423
-2.100000,2.600000,20708.324037
-2.100000,2.700000,25096.530891
-2.100000,2.800000,30568.782358
-2.100000,2.900000,37361.307600
-2.100000,3.000000,45749.271366
-2.100000,3.100000,56057.462902
-2.100000,3.200000,68679.854669
-2.100000,3.300000,84058.200919
-2.100000,3.400000,102719.416747
-2.100000,3.500000,125270.594292
-2.100000,3.600000,152409.383965
-2.100000,3.700000,184950.282704
-2.100000,3.800000,223810.502091
-2.100000,3.900000,270054.287254
-2.100000,4.000000,324887.610386
-2.100000,4.100000,389677.646509
-2.100000,4.200000,465980.643311
-2.100000,4.300000,555544.978962
-2.100000,4.400000,660352.359493
-2.100000,4.500000,782614.642345
-2.100000,4.600000,924829.026481
-2.100000,4.700000,1089772.127392
-2.100000,4.800000,1280550.856550
-2.100000,4.900000,1500622.234110
-2.100000,5.000000,1753815.025627
-2.000000,-5.000000,3376235.912242
-2.000000,-4.900000,2912168.513393
-2.000000,-4.800000,2505290.369945
-2.000000,-4.700000,2149426.002751
-2.000000,-4.600000,1838963.302178
-2.000000,-4.500000,1568817.180160
-2.000000,-4.400000,1334395.277836
-2.000000,-4.300000,1131540.485793
-2.000000,-4.200000,956519.018514
-2.000000,-4.100000,805967.270533
-2.000000,-4.000000,676874.503208
-2.000000,-3.900000,566545.911930
-2.000000,-3.800000,472575.886856
-2.000000,-3.700000,392822.488971
-2.000000,-3.600000,325382.277049
-2.000000,-3.500000,268576.479609
-2.000000,-3.400000,220917.773762
-2.000000,-3.300000,181103.611273
-2.000000,-3.200000,147980.231790
-2.000000,-3.100000,120548.616492
-2.000000,-3.000000,97941.600207
-2.000000,-2.900000,79393.516769
-2.000000,-2.800000,64258.195689
-2.000000,-2.700000,51967.843625
-2.000000,-2.600000,42042.952679
-2.000000,-2.500000,34067.162748
-2.000000,-2.400000,27697.857948
-2.000000,-2.300000,22635.995545
-2.000000,-2.200000,18635.594621
-2.000000,-2.100000,15490.725317
-2.000000,-2.000000,13031.966089
-2.000000,-1.900000,11114.443716
-2.000000,-1.800000,9624.428236
-2.000000,-1.700000,8472.261083
-2.000000,-1.600000,7577.262087
-2.000000,-1.500000,6882.280206
-2.000000,-1.400000,6343.907829
-2.000000,-1.300000,5916.821225
-2.000000,-1.200000,5576.497053
-2.000000,-1.100000,5305.903610
-2.000000,-1.000000,5079.882925
-2.000000,-0.900000,4892.354332
-2.000000,-0.800000,4733.360508
-2.000000,-0.700000,4590.445505
-2.000000,-0.600000,4468.282022
-2.000000,-0.500000,4360.425220
-2.000000,-0.400000,4264.080146
-2.000000,-0.300000,4172.548354
-2.000000,-0.200000,4090.433060
-2.000000,-0.100000,4016.834117
-2.000000,-0.000000,3946.564378
-2.000000,0.100000,3889.137601
-2.000000,0.200000,3833.751839
-2.000000,0.300000,3784.554609
-2.000000,0.400000,3740.983103
-2.000000,0.500000,3706.411139
-2.000000,0.600000,3678.320330
-2.000000,0.700000,3659.082544
-2.000000,0.800000,3650.001402
-2.000000,0.900000,3652.610754
-2.000000,1.000000,3669.467098
-2.000000,1.100000,3705.912716
-2.000000,1.200000,3767.742736
-2.000000,1.300000,3862.827758
-2.000000,1.400000,3992.254024
-2.000000,1.500000,4177.312421
-2.000000,1.600000,4428.365344
-2.000000,1.700000,4770.492958
-2.000000,1.800000,5217.631270
-2.000000,1.900000,5810.854957
-2.000000,2.000000,6582.808822
-2.000000,2.100000,7587.614271
-2.000000,2.200000,8884.123433
-2.000000,2.300000,10549.967324
-2.000000,2.400000,12668.426934
-2.000000,2.500000,15359.819431
-2.000000,2.600000,18754.249409
-2.000000,2.700000,23014.468077
-2.000000,2.800000,28339.023180
-2.000000,2.900000,34954.301112
-2.000000,3.000000,43140.125028
-2.000000,3.100000,53213.706749
-2.000000,3.200000,65566.036541
-2.000000,3.300000,80634.139048
-2.000000,3.400000,98942.134879
-2.000000,3.500000,121090.499789
-2.000000,3.600000,147771.828016
-2.000000,3.700000,179793.905452
-2.000000,3.800000,218069.864334
-2.000000,3.900000,263658.741154
-2.000000,4.000000,317751.702611
-2.000000,4.100000,381716.601503
-2.000000,4.200000,457090.977873
-2.000000,4.300000,545624.878503
-2.000000,4.400000,649280.582212
-2.000000,4.500000,770270.324527
-2.000000,4.600000,911070.162985
-2.000000,4.700000,1074451.050869
-2.000000,4.800000,1263503.905871
-2.000000,4.900000,1481669.157490
-2.000000,5.000000,1732769.469243
-1.900000,-5.000000,3353044.549425
-1.900000,-4.900000,2891145.032429
-1.900000,-4.800000,2486243.952222
-1.900000,-4.700000,2132180.746989
-1.900000,-4.600000,1823351.726964
-1.900000,-4.500000,1554690.630540
-1.900000,-4.400000,1321613.589429
-1.900000,-4.300000,1119973.477383
-1.900000,-4.200000,946047.131658
-1.900000,-4.100000,796489.747259
-1.900000,-4.000000,668287.799036
-1.900000,-3.900000,558758.356147
-1.900000,-3.800000,465508.536939
-1.900000,-3.700000,386400.131543
-1.900000,-3.600000,319536.265024
-1.900000,-3.500000,263244.991742
-1.900000,-3.400000,216048.511063
-1.900000,-3.300000,176641.377124
-1.900000,-3.200000,143883.289764
-1.900000,-3.100000,116773.652368
-1.900000,-3.000000,94454.790158
-1.900000,-2.900000,76160.966671
-1.900000,-2.800000,61249.779745
-1.900000,-2.700000,49161.123097
-1.900000,-2.600000,39411.843272
-1.900000,-2.500000,31595.265793
-1.900000,-2.400000,25363.566549
-1.900000,-2.300000,20426.004089
-1.900000,-2.200000,16536.167853
-1.900000,-2.100000,13485.261759
-1.900000,-2.000000,11114.443716
-1.900000,-1.900000,9276.399570
-1.900000,-1.800000,7854.970616
-1.900000,-1.700000,6763.948204
-1.900000,-1.600000,5928.153360
-1.900000,-1.500000,5281.368632
-1.900000,-1.400000,4788.355462
-1.900000,-1.300000,4403.468051
-1.900000,-1.200000,4108.675383
-1.900000,-1.100000,3872.339441
-1.900000,-1.000000,3681.678079
-1.900000,-0.900000,3522.327888
-1.900000,-0.800000,3392.062361
-1.900000,-0.700000,3278.917548
-1.900000,-0.600000,3183.375747
-1.900000,-0.500000,3096.448034
-1.900000,-0.400000,3020.823171
-1.900000,-0.300000,2953.684292
-1.900000,-0.200000,2890.093797
-1.900000,-0.100000,2836.613338
-1.900000,-0.000000,2785.156412
-1.900000,0.100000,2740.736078
-1.900000,0.200000,2701.400784
-1.900000,0.300000,2665.394307
-1.900000,0.400000,2637.328591
-1.900000,0.500000,2613.497743
-1.900000,0.600000,2596.851031
-1.900000,0.700000,2585.109910
-1.900000,0.800000,2585.626670
-1.900000,0.900000,2593.283908
-1.900000,1.000000,2616.189419
-1.900000,1.100000,2657.385219
-1.900000,1.200000,2719.932674
-1.900000,1.300000,2811.271466
-1.900000,1.400000,2936.738435
-1.900000,1.500000,3114.143926
-1.900000,1.600000,3357.737999
-1.900000,1.700000,3680.133956
-1.900000,1.800000,4108.042864
-1.900000,1.900000,4672.020035
-1.900000,2.000000,5411.248100
-1.900000,2.100000,6372.507358
-1.900000,2.200000,7615.540023
-1.900000,2.300000,9216.908566
-1.900000,2.400000,11259.771367
-1.900000,2.500000,13859.313232
-1.900000,2.600000,17145.912596
-1.900000,2.700000,21282.776694
-1.900000,2.800000,26455.977794
-1.900000,2.900000,32900.124177
-1.900000,3.000000,40884.964086
-1.900000,3.100000,50728.902203
-1.900000,3.200000,62813.360362
-1.900000,3.300000,77577.097085
-1.900000,3.400000,95535.658624
-1.900000,3.500000,117288.433948
-1.900000,3.600000,143520.647454
-1.900000,3.700000,175030.950633
-1.900000,3.800000,212727.787319
-1.900000,3.900000,257665.624060
-1.900000,4.000000,311026.848097
-1.900000,4.100000,374171.005218
-1.900000,4.200000,448632.944471
-1.900000,4.300000,536144.844693
-1.900000,4.400000,638664.951724
-1.900000,4.500000,758389.154077
-1.900000,4.600000,897789.117737
-1.900000,4.700000,1059617.458055
-1.900000,4.800000,1246957.135394
-1.900000,4.900000,1463234.143708
-1.900000,5.000000,1712258.496949
-1.800000,-5.000000,3330764.188715
-1.800000,-4.900000,2871009.580377
-1.800000,-4.800000,2468058.951893
-1.800000,-4.700000,2115769.460438
-1.800000,-4.600000,1808550.714013
-1.800000,-4.500000,1541348.756863
-1.800000,-4.400000,1309592.823359
-1.800000,-4.300000,1109147.754657
-1.800000,-4.200000,936299.666326
-1.800000,-4.100000,787710.193086
-1.800000,-4.000000,660384.135787
-1.800000,-3.900000,551638.222880
-1.800000,-3.800000,459087.628567
-1.800000,-3.700000,380607.241295
-1.800000,-3.600000,314303.375587
-1.800000,-3.500000,258512.241558
-1.800000,-3.400000,211756.481030
-1.800000,-3.300000,172744.698686
-1.800000,-3.200000,140337.636987
-1.800000,-3.100000,113541.527647
-1.800000,-3.000000,91493.394325
-1.800000,-2.900000,73447.227455
-1.800000,-2.800000,58748.263681
-1.800000,-2.700000,46848.462673
-1.800000,-2.600000,37264.820824
-1.800000,-2.500000,29596.552429
-1.800000,-2.400000,23495.045916
-1.800000,-2.300000,18668.641517
-1.800000,-2.200000,14879.130542
-1.800000,-2.100000,11917.651927
-1.800000,-2.000000,9624.428236
-1.800000,-1.900000,7854.970616
-1.800000,-1.800000,6500.247445
-1.800000,-1.700000,5462.974284
-1.800000,-1.600000,4674.408503
-1.800000,-1.500000,4073.610522
-1.800000,-1.400000,3620.101727
-1.800000,-1.300000,3274.460978
-1.800000,-1.200000,3007.324166
-1.800000,-1.100000,2800.896060
-1.800000,-1.000000,2640.993460
-1.800000,-0.900000,2505.626575
-1.800000,-0.800000,2401.254218
-1.800000,-0.700000,2309.854593
-1.800000,-0.600000,2233.422930
-1.800000,-0.500000,2167.829814
-1.800000,-0.400000,2110.262643
-1.800000,-0.300000,2057.852054
-1.800000,-0.200000,2011.205724
-1.800000,-0.100000,1971.574634
-1.800000,-0.000000,1934.150349
-1.800000,0.100000,1901.617759
-1.800000,0.200000,1874.482056
-1.800000,0.300000,1848.750989
-1.800000,0.400000,1830.287691
-1.800000,0.500000,1814.373857
-1.800000,0.600000,1805.502325
-1.800000,0.700000,1803.744504
-1.800000,0.800000,1807.440252
-1.800000,0.900000,1822.175978
-1.800000,1.000000,1844.688354
-1.800000,1.100000,1886.191242
-1.800000,1.200000,1947.768463
-1.800000,1.300000,2035.612360
-1.800000,1.400000,2155.448229
-1.800000,1.500000,2324.871596
-1.800000,1.600000,2553.116545
-1.800000,1.700000,2857.420736
-1.800000,1.800000,3264.312306
-1.800000,1.900000,3800.172853
-1.800000,2.000000,4506.293541
-1.800000,2.100000,5422.016594
-1.800000,2.200000,6615.754315
-1.800000,2.300000,8154.082914
-1.800000,2.400000,10120.343001
-1.800000,2.500000,12629.430261
-1.800000,2.600000,15811.737256
-1.800000,2.700000,19821.661731
-1.800000,2.800000,24851.474836
-1.800000,2.900000,31123.374253
-1.800000,3.000000,38910.193327
-1.800000,3.100000,48529.566270
-1.800000,3.200000,60350.934818
-1.800000,3.300000,74814.474734
-1.800000,3.400000,92430.733836
-1.800000,3.500000,113789.072318
-1.800000,3.600000,139576.904389
-1.800000,3.700000,170581.252769
-1.800000,3.800000,207709.955980
-1.800000,3.900000,252004.435290
-1.800000,4.000000,304645.718721
-1.800000,4.100000,366980.624652
-1.800000,4.200000,440535.071122
-1.800000,4.300000,527035.137801
-1.800000,4.400000,628429.135401
-1.800000,4.500000,746903.700503
-1.800000,4.600000,884915.583535
-1.800000,4.700000,1045208.406620
-1.800000,4.800000,1230850.838040
-1.800000,4.900000,1445256.231473
-1.800000,5.000000,1692221.096929
-1.700000,-5.000000,3309267.272801
-1.700000,-4.900000,2851627.081385
-1.700000,-4.800000,2450603.844285
-1.700000,-4.700000,2100060.932451
-1.700000,-4.600000,1794430.571422
-1.700000,-4.500000,1528668.956500
-1.700000,-4.400000,1298213.309676
-1.700000,-4.300000,1098941.334182
-1.700000,-4.200000,927153.256469
-1.700000,-4.100000,779513.738248
-1.700000,-4.000000,653041.372685
-1.700000,-3.900000,545061.726536
-1.700000,-3.800000,453201.217976
-1.700000,-3.700000,375329.841629
-1.700000,-3.600000,309572.125455
-1.700000,-3.500000,254266.574023
-1.700000,-3.400000,207942.773940
-1.700000,-3.300000,169312.388371
-1.700000,-3.200000,137243.264741
-1.700000,-3.100000,110745.743650
-1.700000,-3.000000,88961.950407
-1.700000,-2.900000,71143.870473
-1.700000,-2.800000,56650.851922
-1.700000,-2.700000,44931.386429
-1.700000,-2.600000,35502.178772
-1.700000,-2.500000,27970.993837
-1.700000,-2.400000,21990.660299
-1.700000,-2.300000,17269.937921
-1.700000,-2.200000,13574.137913
-1.700000,-2.100000,10694.567664
-1.700000,-2.000000,8472.261083
-1.700000,-1.900000,6763.948204
-1.700000,-1.800000,5462.974284
-1.700000,-1.700000,4477.345418
-1.700000,-1.600000,3729.009175
-1.700000,-1.500000,3169.484859
-1.700000,-1.400000,2749.370351
-1.700000,-1.300000,2434.928102
-1.700000,-1.200000,2198.070183
-1.700000,-1.100000,2017.940269
-1.700000,-1.000000,1875.276546
-1.700000,-0.900000,1764.227808
-1.700000,-0.800000,1678.585642
-1.700000,-0.700000,1604.656285
-1.700000,-0.600000,1542.653183
-1.700000,-0.500000,1492.874634
-1.700000,-0.400000,1451.671523
-1.700000,-0.300000,1410.668342
-1.700000,-0.200000,1376.428941
-1.700000,-0.100000,1348.789526
-1.700000,-0.000000,1318.859572
-1.700000,0.100000,1297.752954
-1.700000,0.200000,1280.599438
-1.700000,0.300000,1261.072677
-1.700000,0.400000,1248.459876
-1.700000,0.500000,1241.262490
-1.700000,0.600000,1238.777307
-1.700000,0.700000,1240.917545
-1.700000,0.800000,1247.318153
-1.700000,0.900000,1261.294135
-1.700000,1.000000,1285.425802
-1.700000,1.100000,1327.394149
-1.700000,1.200000,1385.803754
-1.700000,1.300000,1470.376820
-1.700000,1.400000,1584.278068
-1.700000,1.500000,1740.773140
-1.700000,1.600000,1955.701163
-1.700000,1.700000,2244.931022
-1.700000,1.800000,2626.048312
-1.700000,1.900000,3134.989395
-1.700000,2.000000,3804.516357
-1.700000,2.100000,4680.561127
-1.700000,2.200000,5820.175428
-1.700000,2.300000,7296.184154
-1.700000,2.400000,9187.564326
-1.700000,2.500000,11612.367417
-1.700000,2.600000,14690.214381
-1.700000,2.700000,18576.440464
-1.700000,2.800000,23461.067037
-1.700000,2.900000,29568.738597
-1.700000,3.000000,37163.473477
-1.700000,3.100000,46556.441822
-1.700000,3.200000,58122.084907
-1.700000,3.300000,72289.098449
-1.700000,3.400000,89566.068019
-1.700000,3.500000,110537.212637
-1.700000,3.600000,135887.244877
-1.700000,3.700000,166395.450757
-1.700000,3.800000,202961.447136
-1.700000,3.900000,246622.459521
-1.700000,4.000000,298549.754534
-1.700000,4.100000,360085.948898
-1.700000,4.200000,432745.025037
-1.700000,4.300000,518244.798191
-1.700000,4.400000,618523.820077
-1.700000,4.500000,735757.812817
-1.700000,4.600000,872395.541692
-1.700000,4.700000,1031165.912895
-1.700000,4.800000,1215126.213537
-1.700000,4.900000,1427676.723725
-1.700000,5.000000,1672594.351559
-1.600000,-5.000000,3288442.321518
-1.600000,-4.900000,2832892.665532
-1.600000,-4.800000,2433769.971370
-1.600000,-4.700000,2084956.015128
-1.600000,-4.600000,1780893.656485
-1.600000,-4.500000,1516548.663111
-1.600000,-4.400000,1287372.451244
-1.600000,-4.300000,1089255.468577
-1.600000,-4.200000,918508.192938
-1.600000,-4.100000,771803.563970
-1.600000,-4.000000,646167.103390
-1.600000,-3.900000,538940.258261
-1.600000,-3.800000,447747.925918
-1.600000,-3.700000,370475.862421
-1.600000,-3.600000,305248.798812
-1.600000,-3.500000,250416.876643
-1.600000,-3.400000,204512.278383
-1.600000,-3.300000,166251.947509
-1.600000,-3.200000,134505.807395
-1.600000,-3.100000,108297.172451
-1.600000,-3.000000,86765.766396
-1.600000,-2.900000,69172.075731
-1.600000,-2.800000,54873.500998
-1.600000,-2.700000,43321.345070
-1.600000,-2.600000,34044.139345
-1.600000,-2.500000,26641.874896
-1.600000,-2.400000,20771.424168
-1.600000,-2.300000,16150.274393
-1.600000,-2.200000,12539.948760
-1.600000,-2.100000,9735.628766
-1.600000,-2.000000,7577.262087
-1.600000,-1.900000,5928.153360
-1.600000,-1.800000,4674.408503
-1.600000,-1.700000,3729.009175
-1.600000,-1.600000,3026.280040
-1.600000,-1.500000,2496.837024
-1.600000,-1.400000,2108.861469
-1.600000,-1.300000,1815.871785
-1.600000,-1.200000,1601.789057
-1.600000,-1.100000,1444.230517
-1.600000,-1.000000,1321.763120
-1.600000,-0.900000,1228.236067
-1.600000,-0.800000,1158.537942
-1.600000,-0.700000,1096.908877
-1.600000,-0.600000,1050.931754
-1.600000,-0.500000,1011.559546
-1.600000,-0.400000,981.108559
-1.600000,-0.300000,950.894277
-1.600000,-0.200000,924.324142
-1.600000,-0.100000,906.167810
-1.600000,-0.000000,885.051177
-1.600000,0.100000,871.648568
-1.600000,0.200000,857.543475
-1.600000,0.300000,848.451886
-1.600000,0.400000,839.756093
-1.600000,0.500000,836.145071
-1.600000,0.600000,833.065997
-1.600000,0.700000,838.934111
-1.600000,0.800000,848.479585
-1.600000,0.900000,863.170987
-1.600000,1.000000,888.947113
-1.600000,1.100000,926.664024
-1.600000,1.200000,981.574070
-1.600000,1.300000,1061.120126
-1.600000,1.400000,1166.579435
-1.600000,1.500000,1310.456477
-1.600000,1.600000,1514.369044
-1.600000,1.700000,1782.068935
-1.600000,1.800000,2142.487493
-1.600000,1.900000,2623.665758
-1.600000,2.000000,3259.100312
-1.600000,2.100000,4094.392871
-1.600000,2.200000,5183.851612
-1.600000,2.300000,6598.186680
-1.600000,2.400000,8421.453073
-1.600000,2.500000,10753.894861
-1.600000,2.600000,13729.629552
-1.600000,2.700000,17499.821720
-1.600000,2.800000,22242.752536
-1.600000,2.900000,28187.084393
-1.600000,3.000000,35590.807995
-1.600000,3.100000,44765.973738
-1.600000,3.200000,56077.910865
-1.600000,3.300000,69954.406044
-1.600000,3.400000,86898.260500
-1.600000,3.500000,107489.346311
-1.600000,3.600000,132406.192041
-1.600000,3.700000,162423.497672
-1.600000,3.800000,198435.844826
-1.600000,3.900000,241470.972139
-1.600000,4.000000,292693.475657
-1.600000,4.100000,353437.360451
-1.600000,4.200000,425210.414510
-1.600000,4.300000,509723.976409
-1.600000,4.400000,608897.669848
-1.600000,4.500000,724907.493645
-1.600000,4.600000,860185.479161
-1.600000,4.700000,1017444.856518
-1.600000,4.800000,1199736.720702
-1.600000,4.900000,1410446.274310
-1.600000,5.000000,1653339.046258
-1.500000,-5.000000,3268200.427457
-1.500000,-4.900000,2814718.195862
-1.500000,-4.800000,2417472.323597
-1.500000,-4.700000,2070365.075927
-1.500000,-4.600000,1767847.533024
-1.500000,-4.500000,1504899.279601
-1.500000,-4.400000,1276985.996716
-1.500000,-4.300000,1080008.858595
-1.500000,-4.200000,910281.815469
-1.500000,-4.100000,764496.072143
-1.500000,-4.000000,639684.226252
-1.500000,-3.900000,533190.638451
-1.500000,-3.800000,442657.078090
-1.500000,-3.700000,365968.131315
-1.500000,-3.600000,301260.187442
-1.500000,-3.500000,246887.217036
-1.500000,-3.400000,201388.180322
-1.500000,-3.300000,163487.997382
-1.500000,-3.200000,132062.127714
-1.500000,-3.100000,106129.685552
-1.500000,-3.000000,84842.576084
-1.500000,-2.900000,67460.143853
-1.500000,-2.800000,53346.094896
-1.500000,-2.700000,41956.111884
-1.500000,-2.600000,32820.855126
-1.500000,-2.500000,25538.665801
-1.500000,-2.400000,19776.829052
-1.500000,-2.300000,15250.463119
-1.500000,-2.200000,11716.110006
-1.500000,-2.100000,8980.179894
-1.500000,-2.000000,6882.280206
-1.500000,-1.900000,5281.368632
-1.500000,-1.800000,4073.610522
-1.500000,-1.700000,3169.484859
-1.500000,-1.600000,2496.837024
-1.500000,-1.500000,1997.769256
-1.500000,-1.400000,1634.780619
-1.500000,-1.300000,1367.119591
-1.500000,-1.200000,1174.116652
-1.500000,-1.100000,1031.981364
-1.500000,-1.000000,923.106010
-1.500000,-0.900000,845.128378
-1.500000,-0.800000,786.821967
-1.500000,-0.700000,740.502438
-1.500000,-0.600000,702.742393
-1.500000,-0.500000,672.618425
-1.500000,-0.400000,647.234608
-1.500000,-0.300000,628.819321
-1.500000,-0.200000,608.038053
-1.500000,-0.100000,594.541209
-1.500000,-0.000000,580.267140
-1.500000,0.100000,572.244543
-1.500000,0.200000,561.756101
-1.500000,0.300000,557.035122
-1.500000,0.400000,550.979951
-1.500000,0.500000,549.270779
-1.500000,0.600000,550.453444
-1.500000,0.700000,555.991204
-1.500000,0.800000,567.641505
-1.500000,0.900000,579.930789
-1.500000,1.000000,606.034215
-1.500000,1.100000,640.017384
-1.500000,1.200000,693.616375
-1.500000,1.300000,764.320504
-1.500000,1.400000,863.560834
-1.500000,1.500000,996.238228
-1.500000,1.600000,1185.905685
-1.500000,1.700000,1436.886611
-1.500000,1.800000,1775.538504
-1.500000,1.900000,2229.453556
-1.500000,2.000000,2831.218956
-1.500000,2.100000,3625.039779
-1.500000,2.200000,4663.987268
-1.500000,2.300000,6019.882355
-1.500000,2.400000,7771.773978
-1.500000,2.500000,10022.689141
-1.500000,2.600000,12898.464324
-1.500000,2.700000,16549.968345
-1.500000,2.800000,21157.760125
-1.500000,2.900000,26943.514738
-1.500000,3.000000,34160.641853
-1.500000,3.100000,43119.748964
-1.500000,3.200000,54184.329788
-1.500000,3.300000,67773.668029
-1.500000,3.400000,84390.079231
-1.500000,3.500000,104607.528424
-1.500000,3.600000,129097.681113
-1.500000,3.700000,158635.563295
-1.500000,3.800000,194097.019696
-1.500000,3.900000,236515.171720
-1.500000,4.000000,287043.285202
-1.500000,4.100000,347006.562851
-1.500000,4.200000,417904.098868
-1.500000,4.300000,501437.543347
-1.500000,4.400000,599523.539893
-1.500000,4.500000,714316.632956
-1.500000,4.600000,848244.221939
-1.500000,4.700000,1004012.429866
-1.500000,4.800000,1184652.847308
-1.500000,4.900000,1393537.070511
-1.500000,5.000000,1634417.735749
-1.400000,-5.000000,3248464.768903
-1.400000,-4.900000,2797029.189464
-1.400000,-4.800000,2401643.195919
-1.400000,-4.700000,2056220.146723
-1.400000,-4.600000,1755229.330464
-1.400000,-4.500000,1493660.591201
-1.400000,-4.400000,1266992.354036
-1.400000,-4.300000,1071135.073903
-1.400000,-4.200000,902414.014376
-1.400000,-4.100000,757533.321452
-1.400000,-4.000000,633529.789405
-1.400000,-3.900000,527758.630589
-1.400000,-3.800000,437862.334094
-1.400000,-3.700000,361749.118151
-1.400000,-3.600000,297547.948856
-1.400000,-3.500000,243626.312425
-1.400000,-3.400000,198522.152369
-1.400000,-3.300000,160970.925435
-1.400000,-3.200000,129851.011639
-1.400000,-3.100000,104187.806989
-1.400000,-3.000000,83135.944917
-1.400000,-2.900000,65957.312893
-1.400000,-2.800000,52023.945653
-1.400000,-2.700000,40789.848226
-1.400000,-2.600000,31786.252869
-1.400000,-2.500000,24623.858604
-1.400000,-2.400000,18960.107240
-1.400000,-2.300000,14515.501735
-1.400000,-2.200000,11059.001804
-1.400000,-2.100000,8385.181096
-1.400000,-2.000000,6343.907829
-1.400000,-1.900000,4788.355462
-1.400000,-1.800000,3620.101727
-1.400000,-1.700000,2749.370351
-1.400000,-1.600000,2108.861469
-1.400000,-1.500000,1634.780619
-1.400000,-1.400000,1294.879368
-1.400000,-1.300000,1042.827291
-1.400000,-1.200000,865.752405
-1.400000,-1.100000,737.527189
-1.400000,-1.000000,647.384241
-1.400000,-0.900000,577.558893
-1.400000,-0.800000,529.485818
-1.400000,-0.700000,491.926473
-1.400000,-0.600000,461.809170
-1.400000,-0.500000,440.350306
-1.400000,-0.400000,421.501788
-1.400000,-0.300000,406.898956
-1.400000,-0.200000,392.209348
-1.400000,-0.100000,384.181863
-1.400000,-0.000000,373.561984
-1.400000,0.100000,366.539506
-1.400000,0.200000,362.423276
-1.400000,0.300000,359.405118
-1.400000,0.400000,356.457943
-1.400000,0.500000,356.435197
-1.400000,0.600000,359.963718
-1.400000,0.700000,364.550011
-1.400000,0.800000,376.241590
-1.400000,0.900000,388.956578
-1.400000,1.000000,412.387189
-1.400000,1.100000,445.236196
-1.400000,1.200000,489.434230
-1.400000,1.300000,554.687936
-1.400000,1.400000,644.487963
-1.400000,1.500000,769.910149
-1.400000,1.600000,943.824345
-1.400000,1.700000,1177.785381
-1.400000,1.800000,1496.669376
-1.400000,1.900000,1924.560042
-1.400000,2.000000,2492.815345
-1.400000,2.100000,3249.029504
-1.400000,2.200000,4239.839916
-1.400000,2.300000,5540.680329
-1.400000,2.400000,7219.923818
-1.400000,2.500000,9392.095527
-1.400000,2.600000,12170.647363
-1.400000,2.700000,15709.030955
-1.400000,2.800000,20182.234023
-1.400000,2.900000,25808.288024
-1.400000,3.000000,32844.479473
-1.400000,3.100000,41592.891099
-1.400000,3.200000,52413.444485
-1.400000,3.300000,65724.121504
-1.400000,3.400000,82016.383118
-1.400000,3.500000,101870.725364
-1.400000,3.600000,125939.586794
-1.400000,3.700000,154997.683317
-1.400000,3.800000,189923.896646
-1.400000,3.900000,231730.010768
-1.400000,4.000000,281569.852292
-1.400000,4.100000,340761.990196
-1.400000,4.200000,410796.666246
-1.400000,4.300000,493360.514583
-1.400000,4.400000,590367.235106
-1.400000,4.500000,703960.228744
-1.400000,4.600000,836552.881267
-1.400000,4.700000,990840.117795
-1.400000,4.800000,1169841.578402
-1.400000,4.900000,1376918.903510
-1.400000,5.000000,1615801.745838
-1.300000,-5.000000,3229178.758949
-1.300000,-4.900000,2779764.078550
-1.300000,-4.800000,2386218.104249
-1.300000,-4.700000,2042462.894998
-1.300000,-4.600000,1742979.126745
-1.300000,-4.500000,1482770.132197
-1.300000,-4.400000,1257327.605238
-1.300000,-4.300000,1062575.540614
-1.300000,-4.200000,894848.306013
-1.300000,-4.100000,750854.041937
-1.300000,-4.000000,627644.584595
-1.300000,-3.900000,522581.395753
-1.300000,-3.800000,433321.442688
-1.300000,-3.700000,357764.607655
-1.300000,-3.600000,294060.915799
-1.300000,-3.500000,240577.579503
-1.300000,-3.400000,195859.418383
-1.300000,-3.300000,158647.706131
-1.300000,-3.200000,127827.745721
-1.300000,-3.100000,102422.286167
-1.300000,-3.000000,81597.657126
-1.300000,-2.900000,64618.417967
-1.300000,-2.800000,50856.012097
-1.300000,-2.700000,39772.719970
-1.300000,-2.600000,30895.214436
-1.300000,-2.500000,23840.882844
-1.300000,-2.400000,18271.206288
-1.300000,-2.300000,13909.915755
-1.300000,-2.200000,10522.702773
-1.300000,-2.100000,7909.847746
-1.300000,-2.000000,5916.821225
-1.300000,-1.900000,4403.468051
-1.300000,-1.800000,3274.460978
-1.300000,-1.700000,2434.928102
-1.300000,-1.600000,1815.871785
-1.300000,-1.500000,1367.119591
-1.300000,-1.400000,1042.827291
-1.300000,-1.300000,809.966607
-1.300000,-1.200000,648.227764
-1.300000,-1.100000,531.861320
-1.300000,-1.000000,448.964135
-1.300000,-0.900000,392.979466
-1.300000,-0.800000,353.201264
-1.300000,-0.700000,319.872770
-1.300000,-0.600000,296.751230
-1.300000,-0.500000,280.570732
-1.300000,-0.400000,267.098562
-1.300000,-0.300000,254.017696
-1.300000,-0.200000,245.933883
-1.300000,-0.100000,240.711601
-1.300000,-0.000000,232.692386
-1.300000,0.100000,229.678138
-1.300000,0.200000,227.505365
-1.300000,0.300000,224.905839
-1.300000,0.400000,222.752695
-1.300000,0.500000,225.276333
-1.300000,0.600000,226.675770
-1.300000,0.700000,233.988350
-1.300000,0.800000,243.672502
-1.300000,0.900000,254.723110
-1.300000,1.000000,275.674932
-1.300000,1.100000,305.649975
-1.300000,1.200000,347.272028
-1.300000,1.300000,406.818047
-1.300000,1.400000,486.331316
-1.300000,1.500000,604.142116
-1.300000,1.600000,761.719822
-1.300000,1.700000,982.709227
-1.300000,1.800000,1276.693702
-1.300000,1.900000,1682.012886
-1.300000,2.000000,2219.877158
-1.300000,2.100000,2936.126998
-1.300000,2.200000,3881.898287
-1.300000,2.300000,5126.983622
-1.300000,2.400000,6741.017748
-1.300000,2.500000,8832.945381
-1.300000,2.600000,11516.361129
-1.300000,2.700000,14941.943840
-1.300000,2.800000,19287.369879
-1.300000,2.900000,24760.495599
-1.300000,3.000000,31618.960984
-1.300000,3.100000,40160.773687
-1.300000,3.200000,50741.206706
-1.300000,3.300000,63775.300451
-1.300000,3.400000,79754.879863
-1.300000,3.500000,99243.016092
-1.300000,3.600000,122903.353125
-1.300000,3.700000,151492.224664
-1.300000,3.800000,185885.454709
-1.300000,3.900000,227092.331388
-1.300000,4.000000,276253.653186
-1.300000,4.100000,334683.845260
-1.300000,4.200000,403859.843985
-1.300000,4.300000,485469.697442
-1.300000,4.400000,581407.365615
-1.300000,4.500000,693811.020232
-1.300000,4.600000,825082.381625
-1.300000,4.700000,977901.496259
-1.300000,4.800000,1155279.162513
-1.300000,4.900000,1360559.960304
-1.300000,5.000000,1597468.754726
-1.200000,-5.000000,3210293.417553
-1.200000,-4.900000,2762885.967940
-1.200000,-4.800000,2371154.300959
-1.200000,-4.700000,2029043.915780
-1.200000,-4.600000,1731050.842801
-1.200000,-4.500000,1472189.431065
-1.200000,-4.400000,1247959.646773
-1.200000,-4.300000,1054292.960529
-1.200000,-4.200000,887543.896573
-1.200000,-4.100000,744425.746470
-1.200000,-4.000000,621997.787040
-1.200000,-3.900000,517632.832888
-1.200000,-3.800000,428988.210260
-1.200000,-3.700000,353981.819100
-1.200000,-3.600000,290764.768152
-1.200000,-3.500000,237708.817127
-1.200000,-3.400000,193371.925373
-1.200000,-3.300000,156491.336236
-1.200000,-3.200000,125958.857234
-1.200000,-3.100000,100809.042175
-1.200000,-3.000000,80205.673057
-1.200000,-2.900000,63416.282930
-1.200000,-2.800000,49815.172897
-1.200000,-2.700000,38875.363966
-1.200000,-2.600000,30123.487679
-1.200000,-2.500000,23171.294754
-1.200000,-2.400000,17693.203151
-1.200000,-2.300000,13407.117409
-1.200000,-2.200000,10083.345754
-1.200000,-2.100000,7524.755682
-1.200000,-2.000000,5576.497053
-1.200000,-1.900000,4108.675383
-1.200000,-1.800000,3007.324166
-1.200000,-1.700000,2198.070183
-1.200000,-1.600000,1601.789057
-1.200000,-1.500000,1174.116652
-1.200000,-1.400000,865.752405
-1.200000,-1.300000,648.227764
-1.200000,-1.200000,497.879633
-1.200000,-1.100000,392.091282
-1.200000,-1.000000,319.653273
-1.200000,-0.900000,264.870044
-1.200000,-0.800000,234.419321
-1.200000,-0.700000,205.731652
-1.200000,-0.600000,186.611679
-1.200000,-0.500000,176.368616
-1.200000,-0.400000,166.863295
-1.200000,-0.300000,157.643000
-1.200000,-0.200000,152.828167
-1.200000,-0.100000,150.305699
-1.200000,-0.000000,142.417438
-1.200000,0.100000,142.924403
-1.200000,0.200000,141.563866
-1.200000,0.300000,140.677507
-1.200000,0.400000,138.274839
-1.200000,0.500000,140.253421
-1.200000,0.600000,141.744136
-1.200000,0.700000,150.958807
-1.200000,0.800000,156.989825
-1.200000,0.900000,169.053100
-1.200000,1.000000,183.603584
-1.200000,1.100000,213.232430
-1.200000,1.200000,247.551005
-1.200000,1.300000,301.085440
-1.200000,1.400000,374.853288
-1.200000,1.500000,482.116605
-1.200000,1.600000,628.355453
-1.200000,1.700000,833.104049
-1.200000,1.800000,1108.664372
-1.200000,1.900000,1488.712197
-1.200000,2.000000,1997.746256
-1.200000,2.100000,2676.403457
-1.200000,2.200000,3578.146494
-1.200000,2.300000,4770.994967
-1.200000,2.400000,6320.925221
-1.200000,2.500000,8334.787360
-1.200000,2.600000,10926.671371
-1.200000,2.700000,14245.632984
-1.200000,2.800000,18461.887397
-1.200000,2.900000,23789.150554
-1.200000,3.000000,30474.515110
-1.200000,3.100000,38812.189517
-1.200000,3.200000,49156.902943
-1.200000,3.300000,61921.034657
-1.200000,3.400000,77589.040347
-1.200000,3.500000,96723.578882
-1.200000,3.600000,119975.003667
-1.200000,3.700000,148101.578076
-1.200000,3.800000,181972.708298
-1.200000,3.900000,222582.469131
-1.200000,4.000000,271076.165333
-1.200000,4.100000,328753.668223
-1.200000,4.200000,397085.759465
-1.200000,4.300000,477748.007898
-1.200000,4.400000,572630.863733
-1.200000,4.500000,683855.019530
-1.200000,4.600000,813816.605894
-1.200000,4.700000,965181.488789
-1.200000,4.800000,1140951.968955
-1.200000,4.900000,1344455.655300
-1.200000,5.000000,1579402.964165
-1.100000,-5.000000,3191770.453369
-1.100000,-4.900000,2746341.655911
-1.100000,-4.800000,2356410.524209
-1.100000,-4.700000,2015930.483771
-1.100000,-4.600000,1719407.096387
-1.100000,-4.500000,1461876.398907
-1.100000,-4.400000,1238840.875502
-1.100000,-4.300000,1046251.295715
-1.100000,-4.200000,880466.701503
-1.100000,-4.100000,738209.267928
-1.100000,-4.000000,616549.205976
-1.100000,-3.900000,512870.143784
-1.100000,-3.800000,424833.188060
-1.100000,-3.700000,350367.199021
-1.100000,-3.600000,287626.069343
-1.100000,-3.500000,234989.862767
-1.100000,-3.400000,191018.539922
-1.100000,-3.300000,154463.827759
-1.100000,-3.200000,124214.399747
-1.100000,-3.100000,99310.682588
-1.100000,-3.000000,78917.980844
-1.100000,-2.900000,62315.819530
-1.100000,-2.800000,48877.350859
-1.100000,-2.700000,38070.072379
-1.100000,-2.600000,29435.708339
-1.100000,-2.500000,22585.336053
-1.100000,-2.400000,17190.607458
-1.100000,-2.300000,12979.234385
-1.100000,-2.200000,9714.748614
-1.100000,-2.100000,7207.363731
-1.100000,-2.000000,5305.903610
-1.100000,-1.900000,3872.339441
-1.100000,-1.800000,2800.896060
-1.100000,-1.700000,2017.940269
-1.100000,-1.600000,1444.230517
-1.100000,-1.500000,1031.981364
-1.100000,-1.400000,737.527189
-1.100000,-1.300000,531.861320
-1.100000,-1.200000,392.091282
-1.100000,-1.100000,296.230297
-1.100000,-1.000000,228.855335
-1.100000,-0.900000,184.267963
-1.100000,-0.800000,153.550625
-1.100000,-0.700000,131.954731
-1.100000,-0.600000,117.551072
-1.100000,-0.500000,109.416674
-1.100000,-0.400000,101.409291
-1.100000,-0.300000,94.788939
-1.100000,-0.200000,90.803213
-1.100000,-0.100000,88.108469
-1.100000,-0.000000,85.792234
-1.100000,0.100000,85.473236
-1.100000,0.200000,84.008461
-1.100000,0.300000,83.837923
-1.100000,0.400000,83.470505
-1.100000,0.500000,84.367716
-1.100000,0.600000,87.699536
-1.100000,0.700000,92.952445
-1.100000,0.800000,101.312069
-1.100000,0.900000,108.658271
-1.100000,1.000000,125.136230
-1.100000,1.100000,146.221617
-1.100000,1.200000,180.931271
-1.100000,1.300000,228.253525
-1.100000,1.400000,294.812601
-1.100000,1.500000,391.511989
-1.100000,1.600000,527.609666
-1.100000,1.700000,719.016322
-1.100000,1.800000,974.239665
-1.100000,1.900000,1330.831549
-1.100000,2.000000,1810.481463
-1.100000,2.100000,2456.882229
-1.100000,2.200000,3316.018475
-1.100000,2.300000,4454.056691
-1.100000,2.400000,5942.439148
-1.100000,2.500000,7881.032900
-1.100000,2.600000,10388.436558
-1.100000,2.700000,13599.062446
-1.100000,2.800000,17692.991806
-1.100000,2.900000,22871.104183
-1.100000,3.000000,29386.855299
-1.100000,3.100000,37527.954884
-1.100000,3.200000,47645.174641
-1.100000,3.300000,60142.654481
-1.100000,3.400000,75505.115312
-1.100000,3.500000,94290.774315
-1.100000,3.600000,117143.973500
-1.100000,3.700000,144815.857153
-1.100000,3.800000,178166.899684
-1.100000,3.900000,218191.170939
-1.100000,4.000000,266026.835468
-1.100000,4.100000,322958.556088
-1.100000,4.200000,390453.305870
-1.100000,4.300000,470183.535637
-1.100000,4.400000,564017.162231
-1.100000,4.500000,674075.307229
-1.100000,4.600000,802740.135991
-1.100000,4.700000,952666.522506
-1.100000,4.800000,1126838.412552
-1.100000,4.900000,1328579.858273
-1.100000,5.000000,1561579.767736
-1.000000,-5.000000,3173571.837812
-1.000000,-4.900000,2730107.656401
-1.000000,-4.800000,2341955.667314
-1.000000,-4.700000,2003089.211503
-1.000000,-4.600000,1708023.045849
-1.000000,-4.500000,1451801.266426
-1.000000,-4.400000,1229948.559763
-1.000000,-4.300000,1038420.347612
-1.000000,-4.200000,873582.888704
-1.000000,-4.100000,732178.779118
-1.000000,-4.000000,611278.151914
-1.000000,-3.900000,508269.232579
-1.000000,-3.800000,420833.273196
-1.000000,-3.700000,346894.339307
-1.000000,-3.600000,284621.447919
-1.000000,-3.500000,232396.358198
-1.000000,-3.400000,188787.502777
-1.000000,-3.300000,152545.304695
-1.000000,-3.200000,122573.836927
-1.000000,-3.100000,97907.964551
-1.000000,-3.000000,77723.746844
-1.000000,-2.900000,61300.106020
-1.000000,-2.800000,48014.527267
-1.000000,-2.700000,37340.476098
-1.000000,-2.600000,28818.484400
-1.000000,-2.500000,22066.255373
-1.000000,-2.400000,16752.212829
-1.000000,-2.300000,12607.492366
-1.000000,-2.200000,9403.636550
-1.000000,-2.100000,6944.566065
-1.000000,-2.000000,5079.882925
-1.000000,-1.900000,3681.678079
-1.000000,-1.800000,2640.993460
-1.000000,-1.700000,1875.276546
-1.000000,-1.600000,1321.763120
-1.000000,-1.500000,923.106010
-1.000000,-1.400000,647.384241
-1.000000,-1.300000,448.964135
-1.000000,-1.200000,319.653273
-1.000000,-1.100000,228.855335
-1.000000,-1.000000,168.418485
-1.000000,-0.900000,126.363578
-1.000000,-0.800000,102.750378
-1.000000,-0.700000,83.832879
-1.000000,-0.600000,72.317457
-1.000000,-0.500000,66.516546
-1.000000,-0.400000,60.020389
-1.000000,-0.300000,57.199480
-1.000000,-0.200000,54.866684
-1.000000,-0.100000,52.538299
-1.000000,-0.000000,49.873682
-1.000000,0.100000,51.246135
-1.000000,0.200000,50.183932
-1.000000,0.300000,49.106007
-1.000000,0.400000,50.730900
-1.000000,0.500000,50.383302
-1.000000,0.600000,53.410639
-1.000000,0.700000,57.366562
-1.000000,0.800000,63.831224
-1.000000,0.900000,70.352857
-1.000000,1.000000,85.287561
-1.000000,1.100000,104.219962
-1.000000,1.200000,132.946163
-1.000000,1.300000,175.727980
-1.000000,1.400000,237.017569
-1.000000,1.500000,324.308298
-1.000000,1.600000,450.159133
-1.000000,1.700000,624.487720
-1.000000,1.800000,864.242911
-1.000000,1.900000,1200.544719
-1.000000,2.000000,1651.316185
-1.000000,2.100000,2261.325892
-1.000000,2.200000,3082.356467
-1.000000,2.300000,4170.760306
-1.000000,2.400000,5599.282915
-1.000000,2.500000,7466.734520
-1.000000,2.600000,9885.951107
-1.000000,2.700000,12997.190709
-1.000000,2.800000,16968.098245
-1.000000,2.900000,22004.522882
-1.000000,3.000000,28353.855303
-1.000000,3.100000,36299.968503
-1.000000,3.200000,46193.478792
-1.000000,3.300000,58429.908819
-1.000000,3.400000,73494.959512
-1.000000,3.500000,91932.511511
-1.000000,3.600000,114392.880263
-1.000000,3.700000,141616.573287
-1.000000,3.800000,174458.694330
-1.000000,3.900000,213907.919552
-1.000000,4.000000,261085.174547
-1.000000,4.100000,317283.726131
-1.000000,4.200000,383956.773275
-1.000000,4.300000,462755.921203
-1.000000,4.400000,555556.310055
-1.000000,4.500000,664460.106599
-1.000000,4.600000,791837.970851
-1.000000,4.700000,940340.143581
-1.000000,4.800000,1112930.776273
-1.000000,4.900000,1312920.989655
-1.000000,5.000000,1543990.366504
-0.900000,-5.000000,3155672.210813
-0.900000,-4.900000,2714155.902751
-0.900000,-4.800000,2327767.991359
-0.900000,-4.700000,1990493.599613
-0.900000,-4.600000,1696868.797968
-0.900000,-4.500000,1441945.975705
-0.900000,-4.400000,1221262.671516
-0.900000,-4.300000,1030779.192431
-0.900000,-4.200000,866879.376733
-0.900000,-4.100000,726310.568566
-0.900000,-4.000000,606157.592028
-0.900000,-3.900000,503815.667031
-0.900000,-3.800000,416964.903392
-0.900000,-3.700000,343549.361709
-0.900000,-3.600000,281732.072457
-0.900000,-3.500000,229911.198949
-0.900000,-3.400000,186654.887219
-0.900000,-3.300000,150724.100402
-0.900000,-3.200000,121016.994443
-0.900000,-3.100000,96585.454840
-0.900000,-3.000000,76605.596925
-0.900000,-2.900000,60352.675463
-0.900000,-2.800000,47214.965769
-0.900000,-2.700000,36670.972461
-0.900000,-2.600000,28256.456150
-0.900000,-2.500000,21594.712305
-0.900000,-2.400000,16360.872909
-0.900000,-2.300000,12282.875014
-0.900000,-2.200000,9128.808780
-0.900000,-2.100000,6717.454601
-0.900000,-2.000000,4892.354332
-0.900000,-1.900000,3522.327888
-0.900000,-1.800000,2505.626575
-0.900000,-1.700000,1764.227808
-0.900000,-1.600000,1228.236067
-0.900000,-1.500000,845.128378
-0.900000,-1.400000,577.558893
-0.900000,-1.300000,392.979466
-0.900000,-1.200000,264.870044
-0.900000,-1.100000,184.267963
-0.900000,-1.000000,126.363578
-0.900000,-0.900000,88.595151
-0.900000,-0.800000,68.538402
-0.900000,-0.700000,51.493677
-0.900000,-0.600000,43.494259
-0.900000,-0.500000,38.646735
-0.900000,-0.400000,33.592701
-0.900000,-0.300000,31.018911
-0.900000,-0.200000,29.252031
-0.900000,-0.100000,30.201302
-0.900000,-0.000000,25.543413
-0.900000,0.100000,28.853771
-0.900000,0.200000,29.036069
-0.900000,0.300000,28.280509
-0.900000,0.400000,26.522128
-0.900000,0.500000,26.970739
-0.900000,0.600000,30.984326
-0.900000,0.700000,34.512351
-0.900000,0.800000,40.954577
-0.900000,0.900000,47.105668
-0.900000,1.000000,57.109891
-0.900000,1.100000,72.910036
-0.900000,1.200000,97.755943
-0.900000,1.300000,139.466962
-0.900000,1.400000,191.088664
-0.900000,1.500000,270.319413
-0.900000,1.600000,388.887399
-0.900000,1.700000,548.779149
-0.900000,1.800000,771.494645
-0.900000,1.900000,1086.407582
-0.900000,2.000000,1512.079305
-0.900000,2.100000,2090.530912
-0.900000,2.200000,2873.676874
-0.900000,2.300000,3911.244198
-0.900000,2.400000,5282.878234
-0.900000,2.500000,7079.092006
-0.900000,2.600000,9417.353074
-0.900000,2.700000,12427.883733
-0.900000,2.800000,16282.936885
-0.900000,2.900000,21179.110644
-0.900000,3.000000,27366.226020
-0.900000,3.100000,35121.189782
-0.900000,3.200000,44793.640079
-0.900000,3.300000,56776.246589
-0.900000,3.400000,71545.137581
-0.900000,3.500000,89645.780990
-0.900000,3.600000,111719.634101
-0.900000,3.700000,138498.325036
-0.900000,3.800000,170837.078025
-0.900000,3.900000,209716.054444
-0.900000,4.000000,256252.044234
-0.900000,4.100000,311721.961302
-0.900000,4.200000,377577.926759
-0.900000,4.300000,455463.652354
-0.900000,4.400000,547237.411063
-0.900000,4.500000,654997.719355
-0.900000,4.600000,781102.073559
-0.900000,4.700000,928188.581595
-0.900000,4.800000,1099210.696053
-0.900000,4.900000,1297465.957861
-0.900000,5.000000,1526619.396469
-0.800000,-5.000000,3138061.642781
-0.800000,-4.900000,2698467.914878
-0.800000,-4.800000,2313828.580553
-0.800000,-4.700000,1978133.289383
-0.800000,-4.600000,1685932.596898
-0.800000,-4.500000,1432291.157986
-0.800000,-4.400000,1212760.475941
-0.800000,-4.300000,1023314.294799
-0.800000,-4.200000,860341.716618
-0.800000,-4.100000,720597.565005
-0.800000,-4.000000,601178.130556
-0.800000,-3.900000,499491.247137
-0.800000,-3.800000,413219.958102
-0.800000,-3.700000,340313.598884
-0.800000,-3.600000,278949.268327
-0.800000,-3.500000,227522.791240
-0.800000,-3.400000,184613.886245
-0.800000,-3.300000,148982.440999
-0.800000,-3.200000,119538.949096
-0.800000,-3.100000,95335.141160
-0.800000,-3.000000,75549.058860
-0.800000,-2.900000,59466.833828
-0.800000,-2.800000,46475.544579
-0.800000,-2.700000,36050.621299
-0.800000,-2.600000,27744.177235
-0.800000,-2.500000,21169.424903
-0.800000,-2.400000,16010.092048
-0.800000,-2.300000,11990.398775
-0.800000,-2.200000,8891.608530
-0.800000,-2.100000,6522.834980
-0.800000,-2.000000,4733.360508
-0.800000,-1.900000,3392.062361
-0.800000,-1.800000,2401.254218
-0.800000,-1.700000,1678.585642
-0.800000,-1.600000,1158.537942
-0.800000,-1.500000,786.821967
-0.800000,-1.400000,529.485818
-0.800000,-1.300000,353.201264
-0.800000,-1.200000,234.419321
-0.800000,-1.100000,153.550625
-0.800000,-1.000000,102.750378
-0.800000,-0.900000,68.538402
-0.800000,-0.800000,52.326717
-0.800000,-0.700000,34.048417
-0.800000,-0.600000,26.855388
-0.800000,-0.500000,23.769074
-0.800000,-0.400000,21.137865
-0.800000,-0.300000,20.427303
-0.800000,-0.200000,19.138572
-0.800000,-0.100000,19.334514
-0.800000,-0.000000,16.672345
-0.800000,0.100000,17.845169
-0.800000,0.200000,19.789698
-0.800000,0.300000,18.558476
-0.800000,0.400000,18.332035
-0.800000,0.500000,18.561972
-0.800000,0.600000,21.595603
-0.800000,0.700000,25.128089
-0.800000,0.800000,25.818344
-0.800000,0.900000,33.101046
-0.800000,1.000000,43.187392
-0.800000,1.100000,56.271577
-0.800000,1.200000,78.797417
-0.800000,1.300000,115.041228
-0.800000,1.400000,161.738024
-0.800000,1.500000,233.225647
-0.800000,1.600000,339.170217
-0.800000,1.700000,489.630922
-0.800000,1.800000,695.775580
-0.800000,1.900000,991.347795
-0.800000,2.000000,1391.405516
-0.800000,2.100000,1942.862257
-0.800000,2.200000,2685.558830
-0.800000,2.300000,3680.633693
-0.800000,2.400000,4992.634790
-0.800000,2.500000,6725.177667
-0.800000,2.600000,8977.250939
-0.800000,2.700000,11890.719258
-0.800000,2.800000,15632.380309
-0.800000,2.900000,20395.453128
-0.800000,3.000000,26419.911449
-0.800000,3.100000,33991.301185
-0.800000,3.200000,43446.088498
-0.800000,3.300000,55177.080646
-0.800000,3.400000,69657.005524
-0.800000,3.500000,87425.979269
-0.800000,3.600000,109114.384526
-0.800000,3.700000,135459.755250
-0.800000,3.800000,167302.456997
-0.800000,3.900000,205617.928065
-0.800000,4.000000,251517.572015
-0.800000,4.100000,306267.196401
-0.800000,4.200000,371316.426339
-0.800000,4.300000,448293.650063
-0.800000,4.400000,539056.008666
-0.800000,4.500000,645682.957608
-0.800000,4.600000,770525.688168
-0.800000,4.700000,916209.466211
-0.800000,4.800000,1085678.610422
-0.800000,4.900000,1282213.452692
-0.800000,5.000000,1509466.827823
-0.700000,-5.000000,3120710.636672
-0.700000,-4.900000,2683027.926200
-0.700000,-4.800000,2300114.330111
-0.700000,-4.700000,1965983.858822
-0.700000,-4.600000,1675192.664022
-0.700000,-4.500000,1422821.699207
-0.700000,-4.400000,1204428.934399
-0.700000,-4.300000,1016007.500608
-0.700000,-4.200000,853948.637661
-0.700000,-4.100000,715017.544791
-0.700000,-4.000000,596325.765839
-0.700000,-3.900000,495279.503263
-0.700000,-3.800000,409579.091092
-0.700000,-3.700000,337173.864327
-0.700000,-3.600000,276251.693423
-0.700000,-3.500000,225212.948380
-0.700000,-3.400000,182643.605428
-0.700000,-3.300000,147306.688889
-0.700000,-3.200000,118120.977899
-0.700000,-3.100000,94140.904767
-0.700000,-3.000000,74543.914324
-0.700000,-2.900000,58627.068468
-0.700000,-2.800000,45774.058407
-0.700000,-2.700000,35471.399783
-0.700000,-2.600000,27263.308522
-0.700000,-2.500000,20774.530722
-0.700000,-2.400000,15685.055523
-0.700000,-2.300000,11728.178797
-0.700000,-2.200000,8677.925769
-0.700000,-2.100000,6347.533936
-0.700000,-2.000000,4590.445505
-0.700000,-1.900000,3278.917548
-0.700000,-1.800000,2309.854593
-0.700000,-1.700000,1604.656285
-0.700000,-1.600000,1096.908877
-0.700000,-1.500000,740.502438
-0.700000,-1.400000,491.926473
-0.700000,-1.300000,319.872770
-0.700000,-1.200000,205.731652
-0.700000,-1.100000,131.954731
-0.700000,-1.000000,83.832879
-0.700000,-0.900000,51.493677
-0.700000,-0.800000,34.048417
-0.700000,-0.700000,20.880602
-0.700000,-0.600000,17.506822
-0.700000,-0.500000,13.374781
-0.700000,-0.400000,10.170314
-0.700000,-0.300000,11.238173
-0.700000,-0.200000,7.139476
-0.700000,-0.100000,8.779252
-0.700000,-0.000000,7.716236
-0.700000,0.100000,7.697771
-0.700000,0.200000,9.310769
-0.700000,0.300000,7.065039
-0.700000,0.400000,9.002293
-0.700000,0.500000,11.096575
-0.700000,0.600000,10.200436
-0.700000,0.700000,13.889558
-0.700000,0.800000,17.047235
-0.700000,0.900000,20.225544
-0.700000,1.000000,28.120128
-0.700000,1.100000,41.367381
-0.700000,1.200000,60.706287
-0.700000,1.300000,90.257207
-0.700000,1.400000,135.817607
-0.700000,1.500000,201.510986
-0.700000,1.600000,295.837275
-0.700000,1.700000,434.768348
-0.700000,1.800000,628.171943
-0.700000,1.900000,902.842122
-0.700000,2.000000,1282.459165
-0.700000,2.100000,1802.391225
-0.700000,2.200000,2507.841238
-0.700000,2.300000,3459.748183
-0.700000,2.400000,4720.663639
-0.700000,2.500000,6382.552429
-0.700000,2.600000,8558.441054
-0.700000,2.700000,11379.922796
-0.700000,2.800000,15007.293141
-0.700000,2.900000,19637.408275
-0.700000,3.000000,25506.961716
-0.700000,3.100000,32895.292808
-0.700000,3.200000,42138.686228
-0.700000,3.300000,53622.512874
-0.700000,3.400000,67816.025073
-0.700000,3.500000,85256.581854
-0.700000,3.600000,106570.765970
-0.700000,3.700000,132485.862046
-0.700000,3.800000,163838.561957
-0.700000,3.900000,201598.704975
-0.700000,4.000000,246869.147303
-0.700000,4.100000,300909.970536
-0.700000,4.200000,365158.754238
-0.700000,4.300000,441241.512854
-0.700000,4.400000,530996.363428
-0.700000,4.500000,636503.884156
-0.700000,4.600000,760098.087053
-0.700000,4.700000,904392.722536
-0.700000,4.800000,1072316.384260
-0.700000,4.900000,1267143.512232
-0.700000,5.000000,1492512.108149
-0.600000,-5.000000,3103614.875802
-0.600000,-4.900000,2667823.324094
-0.600000,-4.800000,2286623.027480
-0.600000,-4.700000,1954036.737390
-0.600000,-4.600000,1664640.605759
-0.600000,-4.500000,1413528.887791
-0.600000,-4.400000,1196263.188891
-0.600000,-4.300000,1008848.121508
-0.600000,-4.200000,847692.467677
-0.600000,-4.100000,709566.055201
-0.600000,-4.000000,591588.416441
-0.600000,-3.900000,491176.025560
-0.600000,-3.800000,406037.087260
-0.600000,-3.700000,334129.438039
-0.600000,-3.600000,273638.709514
-0.600000,-3.500000,222982.819558
-0.600000,-3.400000,180746.061675
-0.600000,-3.300000,145698.735682
-0.600000,-3.200000,116760.489552
-0.600000,-3.100000,92996.100810
-0.600000,-3.000000,73588.438196
-0.600000,-2.900000,57832.056790
-0.600000,-2.800000,45114.426697
-0.600000,-2.700000,34926.140673
-0.600000,-2.600000,26814.750483
-0.600000,-2.500000,20410.090609
-0.600000,-2.400000,15390.091548
-0.600000,-2.300000,11486.452351
-0.600000,-2.200000,8486.318899
-0.600000,-2.100000,6193.570046
-0.600000,-2.000000,4468.282022
-0.600000,-1.900000,3183.375747
-0.600000,-1.800000,2233.422930
-0.600000,-1.700000,1542.653183
-0.600000,-1.600000,1050.931754
-0.600000,-1.500000,702.742393
-0.600000,-1.400000,461.809170
-0.600000,-1.300000,296.751230
-0.600000,-1.200000,186.611679
-0.600000,-1.100000,117.551072
-0.600000,-1.000000,72.317457
-0.600000,-0.900000,43.494259
-0.600000,-0.800000,26.855388
-0.600000,-0.700000,17.506822
-0.600000,-0.600000,9.409636
-0.600000,-0.500000,8.373696
-0.600000,-0.400000,9.566090
-0.600000,-0.300000,6.900971
-0.600000,-0.200000,6.309175
-0.600000,-0.100000,5.705694
-0.600000,-0.000000,5.431797
-0.600000,0.100000,5.830905
-0.600000,0.200000,7.121361
-0.600000,0.300000,7.288231
-0.600000,0.400000,6.134365
-0.600000,0.500000,6.867290
-0.600000,0.600000,7.373234
-0.600000,0.700000,8.248493
-0.600000,0.800000,14.232677
-0.600000,0.900000,14.471993
-0.600000,1.000000,20.354667
-0.600000,1.100000,31.321250
-0.600000,1.200000,49.706435
-0.600000,1.300000,79.142619
-0.600000,1.400000,116.297051
-0.600000,1.500000,174.128737
-0.600000,1.600000,261.498586
-0.600000,1.700000,388.722925
-0.600000,1.800000,571.068902
-0.600000,1.900000,827.004643
-0.600000,2.000000,1182.840158
-0.600000,2.100000,1677.288020
-0.600000,2.200000,2347.503552
-0.600000,2.300000,3255.742330
-0.600000,2.400000,4462.098429
-0.600000,2.500000,6063.139614
-0.600000,2.600000,8163.212902
-0.600000,2.700000,10891.741192
-0.600000,2.800000,14408.151861
-0.600000,2.900000,18910.081372
-0.600000,3.000000,24629.150193
-0.600000,3.100000,31835.445136
-0.600000,3.200000,40869.105612
-0.600000,3.300000,52111.713428
-0.600000,3.400000,66028.195918
-0.600000,3.500000,83143.790271
-0.600000,3.600000,104089.220727
-0.600000,3.700000,129576.713037
-0.600000,3.800000,160448.659928
-0.600000,3.900000,197659.942198
-0.600000,4.000000,242307.551004
-0.600000,4.100000,295647.623312
-0.600000,4.200000,359104.781793
-0.600000,4.300000,434299.842112
-0.600000,4.400000,523060.943935
-0.600000,4.500000,627455.389209
-0.600000,4.600000,749811.053432
-0.600000,4.700000,892725.881705
-0.600000,4.800000,1059125.190919
-0.600000,4.900000,1252259.955609
-0.600000,5.000000,1475751.379044
-0.500000,-5.000000,3086760.599425
-0.500000,-4.900000,2652846.469789
-0.500000,-4.800000,2273341.401534
-0.500000,-4.700000,1942287.431463
-0.500000,-4.600000,1654272.346538
-0.500000,-4.500000,1404401.728668
-0.500000,-4.400000,1188249.867701
-0.500000,-4.300000,1001830.855023
-0.500000,-4.200000,841568.493132
-0.500000,-4.100000,704236.101559
-0.500000,-4.000000,586961.755319
-0.500000,-3.900000,487177.036616
-0.500000,-3.800000,402589.345794
-0.500000,-3.700000,331166.675734
-0.500000,-3.600000,271105.105845
-0.500000,-3.500000,220821.660293
-0.500000,-3.400000,178909.576271
-0.500000,-3.300000,144146.852111
-0.500000,-3.200000,115456.750247
-0.500000,-3.100000,91902.759131
-0.500000,-3.000000,72676.336401
-0.500000,-2.900000,57072.173737
-0.500000,-2.800000,44491.022200
-0.500000,-2.700000,34411.343156
-0.500000,-2.600000,26396.546739
-0.500000,-2.500000,20068.702546
-0.500000,-2.400000,15114.928318
-0.500000,-2.300000,11268.214052
-0.500000,-2.200000,8310.840451
-0.500000,-2.100000,6056.121769
-0.500000,-2.000000,4360.425220
-0.500000,-1.900000,3096.448034
-0.500000,-1.800000,2167.829814
-0.500000,-1.700000,1492.874634
-0.500000,-1.600000,1011.559546
-0.500000,-1.500000,672.618425
-0.500000,-1.400000,440.350306
-0.500000,-1.300000,280.570732
-0.500000,-1.200000,176.368616
-0.500000,-1.100000,109.416674
-0.500000,-1.000000,66.516546
-0.500000,-0.900000,38.646735
-0.500000,-0.800000,23.769074
-0.500000,-0.700000,13.374781
-0.500000,-0.600000,8.373696
-0.500000,-0.500000,8.907922
-0.500000,-0.400000,5.942712
-0.500000,-0.300000,5.434359
-0.500000,-0.200000,5.180353
-0.500000,-0.100000,7.065725
-0.500000,-0.000000,4.829083
-0.500000,0.100000,5.788706
-0.500000,0.200000,7.297666
-0.500000,0.300000,6.897493
-0.500000,0.400000,3.949669
-0.500000,0.500000,4.680276
-0.500000,0.600000,5.793486
-0.500000,0.700000,9.606561
-0.500000,0.800000,10.474181
-0.500000,0.900000,11.926752
-0.500000,1.000000,17.742892
-0.500000,1.100000,27.994078
-0.500000,1.200000,41.253916
-0.500000,1.300000,66.639186
-0.500000,1.400000,101.972266
-0.500000,1.500000,155.041637
-0.500000,1.600000,235.186329
-0.500000,1.700000,351.342303
-0.500000,1.800000,520.536900
-0.500000,1.900000,759.488741
-0.500000,2.000000,1095.092420
-0.500000,2.100000,1558.907788
-0.500000,2.200000,2196.455940
-0.500000,2.300000,3063.381552
-0.500000,2.400000,4219.026936
-0.500000,2.500000,5760.428668
-0.500000,2.600000,7784.654761
-0.500000,2.700000,10423.135175
-0.500000,2.800000,13835.238769
-0.500000,2.900000,18207.911113
-0.500000,3.000000,23776.996300
-0.500000,3.100000,30812.783191
-0.500000,3.200000,39640.136659
-0.500000,3.300000,50646.935032
-0.500000,3.400000,64283.161910
-0.500000,3.500000,81083.045819
-0.500000,3.600000,101659.608801
-0.500000,3.700000,126731.561439
-0.500000,3.800000,157124.990971
-0.500000,3.900000,193796.002829
-0.500000,4.000000,237829.199336
-0.500000,4.100000,290475.243976
-0.500000,4.200000,353149.654049
-0.500000,4.300000,427464.860812
-0.500000,4.400000,515241.827078
-0.500000,4.500000,618535.734444
-0.500000,4.600000,739662.786060
-0.500000,4.700000,881212.578304
-0.500000,4.800000,1046094.111625
-0.500000,4.900000,1237548.709562
-0.500000,5.000000,1459185.228218
-0.400000,-5.000000,3070139.453116
-0.400000,-4.900000,2638080.712201
-0.400000,-4.800000,2260256.294476
-0.400000,-4.700000,1930721.551985
-0.400000,-4.600000,1644071.468924
-0.400000,-4.500000,1395429.108986
-0.400000,-4.400000,1180379.995474
-0.400000,-4.300000,994949.304834
-0.400000,-4.200000,835562.470864
-0.400000,-4.100000,699015.327464
-0.400000,-4.000000,582440.620474
-0.400000,-3.900000,483268.711212
-0.400000,-3.800000,399225.625460
-0.400000,-3.700000,328282.316172
-0.400000,-3.600000,268640.161001
-0.400000,-3.500000,218723.558414
-0.400000,-3.400000,177131.376855
-0.400000,-3.300000,142647.643875
-0.400000,-3.200000,114196.206421
-0.400000,-3.100000,90851.471475
-0.400000,-3.000000,71799.712935
-0.400000,-2.900000,56348.943059
-0.400000,-2.800000,43892.697835
-0.400000,-2.700000,33926.992695
-0.400000,-2.600000,26000.318971
-0.400000,-2.500000,19748.093326
-0.400000,-2.400000,14858.419745
-0.400000,-2.300000,11063.606522
-0.400000,-2.200000,8148.485536
-0.400000,-2.100000,5930.038865
-0.400000,-2.000000,4264.080146
-0.400000,-1.900000,3020.823171
-0.400000,-1.800000,2110.262643
-0.400000,-1.700000,1451.671523
-0.400000,-1.600000,981.108559
-0.400000,-1.500000,647.234608
-0.400000,-1.400000,421.501788
-0.400000,-1.300000,267.098562
-0.400000,-1.200000,166.863295
-0.400000,-1.100000,101.409291
-0.400000,-1.000000,60.020389
-0.400000,-0.900000,33.592701
-0.400000,-0.800000,21.137865
-0.400000,-0.700000,10.170314
-0.400000,-0.600000,9.566090
-0.400000,-0.500000,5.942712
-0.400000,-0.400000,6.418789
-0.400000,-0.300000,4.928945
-0.400000,-0.200000,5.249001
-0.400000,-0.100000,5.543658
-0.400000,-0.000000,4.608370
-0.400000,0.100000,5.079898
-0.400000,0.200000,5.820602
-0.400000,0.300000,4.483715
-0.400000,0.400000,2.806079
-0.400000,0.500000,3.468821
-0.400000,0.600000,5.215970
-0.400000,0.700000,6.402969
-0.400000,0.800000,8.179857
-0.400000,0.900000,9.430938
-0.400000,1.000000,15.146537
-0.400000,1.100000,23.844747
-0.400000,1.200000,35.638254
-0.400000,1.300000,57.628834
-0.400000,1.400000,87.797269
-0.400000,1.500000,134.901459
-0.400000,1.600000,211.319626
-0.400000,1.700000,317.507637
-0.400000,1.800000,470.555955
-0.400000,1.900000,696.936248
-0.400000,2.000000,1011.223961
-0.400000,2.100000,1451.381343
-0.400000,2.200000,2057.296437
-0.400000,2.300000,2882.894900
-0.400000,2.400000,3989.596688
-0.400000,2.500000,5470.179575
-0.400000,2.600000,7420.728495
-0.400000,2.700000,9972.764625
-0.400000,2.800000,13279.159086
-0.400000,2.900000,17529.603132
-0.400000,3.000000,22951.986009
-0.400000,3.100000,29813.911960
-0.400000,3.200000,38442.989492
-0.400000,3.300000,49213.219867
-0.400000,3.400000,62580.170392
-0.400000,3.500000,79063.176023
-0.400000,3.600000,99281.787026
-0.400000,3.700000,123941.301601
-0.400000,3.800000,153863.455131
-0.400000,3.900000,189997.651846
-0.400000,4.000000,233422.373763
-0.400000,4.100000,285384.886905
-0.400000,4.200000,347282.957660
-0.400000,4.300000,420727.520598
-0.400000,4.400000,507530.586869
-0.400000,4.500000,609733.094366
-0.400000,4.600000,729642.009016
-0.400000,4.700000,869839.415400
-0.400000,4.800000,1033214.204856
-0.400000,4.900000,1223000.873746
-0.400000,5.000000,1442793.881643
-0.300000,-5.000000,3053745.884950
-0.300000,-4.900000,2623528.418963
-0.300000,-4.800000,2247369.271922
-0.300000,-4.700000,1919336.149891
-0.300000,-4.600000,1634041.332703
-0.300000,-4.500000,1386611.070200
-0.300000,-4.400000,1172651.944415
-0.300000,-4.300000,988195.297116
-0.300000,-4.200000,829679.841674
-0.300000,-4.100000,693907.436318
-0.300000,-4.000000,578017.262300
-0.300000,-3.900000,479453.577403
-0.300000,-3.800000,395944.536547
-0.300000,-3.700000,325471.705765
-0.300000,-3.600000,266242.105554
-0.300000,-3.500000,216686.607425
-0.300000,-3.400000,175408.330001
-0.300000,-3.300000,141195.862869
-0.300000,-3.200000,112980.959722
-0.300000,-3.100000,89836.220577
-0.300000,-3.000000,70958.705072
-0.300000,-2.900000,55655.373865
-0.300000,-2.800000,43324.303393
-0.300000,-2.700000,33460.738733
-0.300000,-2.600000,25627.025903
-0.300000,-2.500000,19446.777745
-0.300000,-2.400000,14616.826683
-0.300000,-2.300000,10872.255919
-0.300000,-2.200000,7998.705832
-0.300000,-2.100000,5814.570010
-0.300000,-2.000000,4172.548354
-0.300000,-1.900000,2953.684292
-0.300000,-1.800000,2057.852054
-0.300000,-1.700000,1410.668342
-0.300000,-1.600000,950.894277
-0.300000,-1.500000,628.819321
-0.300000,-1.400000,406.898956
-0.300000,-1.300000,254.017696
-0.300000,-1.200000,157.643000
-0.300000,-1.100000,94.788939
-0.300000,-1.000000,57.199480
-0.300000,-0.900000,31.018911
-0.300000,-0.800000,20.427303
-0.300000,-0.700000,11.238173
-0.300000,-0.600000,6.900971
-0.300000,-0.500000,5.434359
-0.300000,-0.400000,4.928945
-0.300000,-0.300000,5.764683
-0.300000,-0.200000,3.786653
-0.300000,-0.100000,4.849979
-0.300000,-0.000000,5.567896
-0.300000,0.100000,5.192038
-0.300000,0.200000,5.518663
-0.300000,0.300000,4.348286
-0.300000,0.400000,4.202822
-0.300000,0.500000,2.244690
-0.300000,0.600000,4.058602
-0.300000,0.700000,4.704924
-0.300000,0.800000,7.285968
-0.300000,0.900000,9.695255
-0.300000,1.000000,12.516274
-0.300000,1.100000,21.036016
-0.300000,1.200000,29.308020
-0.300000,1.300000,50.060814
-0.300000,1.400000,77.734265
-0.300000,1.500000,120.213757
-0.300000,1.600000,188.209659
-0.300000,1.700000,286.398740
-0.300000,1.800000,429.692062
-0.300000,1.900000,640.263157
-0.300000,2.000000,934.819919
-0.300000,2.100000,1349.035186
-0.300000,2.200000,1922.180868
-0.300000,2.300000,2709.568225
-0.300000,2.400000,3769.420611
-0.300000,2.500000,5190.936578
-0.300000,2.600000,7073.286526
-0.300000,2.700000,9539.496492
-0.300000,2.800000,12741.946477
-0.300000,2.900000,16870.848818
-0.300000,3.000000,22149.606606
-0.300000,3.100000,28844.480143
-0.300000,3.200000,37272.317777
-0.300000,3.300000,47814.107172
-0.300000,3.400000,60914.111337
-0.300000,3.500000,77090.415157
-0.300000,3.600000,96953.422921
-0.300000,3.700000,121204.696617
-0.300000,3.800000,150661.893637
-0.300000,3.900000,186265.602534
-0.300000,4.000000,229092.338570
-0.300000,4.100000,280371.340163
-0.300000,4.200000,341505.394422
-0.300000,4.300000,414090.182067
-0.300000,4.400000,499925.194409
-0.300000,4.500000,601046.268649
-0.300000,4.600000,719750.514963
-0.300000,4.700000,858603.291601
-0.300000,4.800000,1020487.868854
-0.300000,4.900000,1208617.776565
-0.300000,5.000000,1426577.975272
-0.200000,-5.000000,3037573.295437
-0.200000,-4.900000,2609178.168238
-0.200000,-4.800000,2234668.302641
-0.200000,-4.700000,1908123.412050
-0.200000,-4.600000,1624167.072069
-0.200000,-4.500000,1377941.258771
-0.200000,-4.400000,1165058.773465
-0.200000,-4.300000,981564.304312
-0.200000,-4.200000,823909.914490
-0.200000,-4.100000,688897.336524
-0.200000,-4.000000,573683.826542
-0.200000,-3.900000,475720.941834
-0.200000,-3.800000,392739.565212
-0.200000,-3.700000,322730.236869
-0.200000,-3.600000,263908.722032
-0.200000,-3.500000,214707.166235
-0.200000,-3.400000,173737.854150
-0.200000,-3.300000,139792.412463
-0.200000,-3.200000,111807.275561
-0.200000,-3.100000,88858.624385
-0.200000,-3.000000,70152.227977
-0.200000,-2.900000,54989.776575
-0.200000,-2.800000,42781.662206
-0.200000,-2.700000,33020.064069
-0.200000,-2.600000,25267.975761
-0.200000,-2.500000,19161.094712
-0.200000,-2.400000,14389.566211
-0.200000,-2.300000,10696.829264
-0.200000,-2.200000,7858.326206
-0.200000,-2.100000,5704.262666
-0.200000,-2.000000,4090.433060
-0.200000,-1.900000,2890.093797
-0.200000,-1.800000,2011.205724
-0.200000,-1.700000,1376.428941
-0.200000,-1.600000,924.324142
-0.200000,-1.500000,608.038053
-0.200000,-1.400000,392.209348
-0.200000,-1.300000,245.933883
-0.200000,-1.200000,152.828167
-0.200000,-1.100000,90.803213
-0.200000,-1.000000,54.866684
-0.200000,-0.900000,29.252031
-0.200000,-0.800000,19.138572
-0.200000,-0.700000,7.139476
-0.200000,-0.600000,6.309175
-0.200000,-0.500000,5.180353
-0.200000,-0.400000,5.249001
-0.200000,-0.300000,3.786653
-0.200000,-0.200000,1.618435
-0.200000,-0.100000,4.346376
-0.200000,-0.000000,2.616984
-0.200000,0.100000,3.203182
-0.200000,0.200000,4.080162
-0.200000,0.300000,4.465301
-0.200000,0.400000,2.054060
-0.200000,0.500000,3.571205
-0.200000,0.600000,1.815709
-0.200000,0.700000,5.008806
-0.200000,0.800000,7.181918
-0.200000,0.900000,5.664197
-0.200000,1.000000,8.110276
-0.200000,1.100000,16.040044
-0.200000,1.200000,25.470571
-0.200000,1.300000,43.046371
-0.200000,1.400000,66.494820
-0.200000,1.500000,105.201219
-0.200000,1.600000,165.199083
-0.200000,1.700000,254.705530
-0.200000,1.800000,390.014780
-0.200000,1.900000,582.662212
-0.200000,2.000000,858.996806
-0.200000,2.100000,1250.713988
-0.200000,2.200000,1796.459590
-0.200000,2.300000,2544.132624
-0.200000,2.400000,3557.909824
-0.200000,2.500000,4924.438921
-0.200000,2.600000,6736.049339
-0.200000,2.700000,9117.714598
-0.200000,2.800000,12224.179578
-0.200000,2.900000,16234.993531
-0.200000,3.000000,21371.358936
-0.200000,3.100000,27897.806494
-0.200000,3.200000,36132.992122
-0.200000,3.300000,46447.269771
-0.200000,3.400000,59280.249340
-0.200000,3.500000,75153.912307
-0.200000,3.600000,94666.594202
-0.200000,3.700000,118518.595449
-0.200000,3.800000,147516.283915
-0.200000,3.900000,182597.419646
-0.200000,4.000000,224829.134868
-0.200000,4.100000,275438.786154
-0.200000,4.200000,335813.133235
-0.200000,4.300000,407543.052483
-0.200000,4.400000,492420.114081
-0.200000,4.500000,592471.055801
-0.200000,4.600000,709979.904987
-0.200000,4.700000,847498.473740
-0.200000,4.800000,1007901.342565
-0.200000,4.900000,1194389.592179
-0.200000,5.000000,1410536.802694
-0.100000,-5.000000,3021618.983734
-0.100000,-4.900000,2595031.282052
-0.100000,-4.800000,2222159.383745
-0.100000,-4.700000,1897084.557156
-0.100000,-4.600000,1614456.091290
-0.100000,-4.500000,1369417.260973
-0.100000,-4.400000,1157603.677557
-0.100000,-4.300000,975061.312806
-0.100000,-4.200000,818251.372360
-0.100000,-4.100000,683994.654884
-0.100000,-4.000000,569450.756534
-0.100000,-3.900000,472077.704572
-0.100000,-3.800000,389616.715969
-0.100000,-3.700000,320062.237676
-0.100000,-3.600000,261639.870730
-0.100000,-3.500000,212786.603543
-0.100000,-3.400000,172117.947349
-0.100000,-3.300000,138435.197523
-0.100000,-3.200000,110674.115873
-0.100000,-3.100000,87918.805458
-0.100000,-3.000000,69378.312541
-0.100000,-2.900000,54353.156029
-0.100000,-2.800000,42264.711930
-0.100000,-2.700000,32602.877150
-0.100000,-2.600000,24934.298433
-0.100000,-2.500000,18897.589224
-0.100000,-2.400000,14182.204536
-0.100000,-2.300000,10529.633153
-0.100000,-2.200000,7731.343576
-0.100000,-2.100000,5607.319723
-0.100000,-2.000000,4016.834117
-0.100000,-1.900000,2836.613338
-0.100000,-1.800000,1971.574634
-0.100000,-1.700000,1348.789526
-0.100000,-1.600000,906.167810
-0.100000,-1.500000,594.541209
-0.100000,-1.400000,384.181863
-0.100000,-1.300000,240.711601
-0.100000,-1.200000,150.305699
-0.100000,-1.100000,88.108469
-0.100000,-1.000000,52.538299
-0.100000,-0.900000,30.201302
-0.100000,-0.800000,19.334514
-0.100000,-0.700000,8.779252
-0.100000,-0.600000,5.705694
-0.100000,-0.500000,7.065725
-0.100000,-0.400000,5.543658
-0.100000,-0.300000,4.849979
-0.100000,-0.200000,4.346376
-0.100000,-0.100000,7.008875
-0.100000,-0.000000,4.286040
-0.100000,0.100000,5.672596
-0.100000,0.200000,6.510057
-0.100000,0.300000,6.154876
-0.100000,0.400000,3.942147
-0.100000,0.500000,1.990275
-0.100000,0.600000,5.155418
-0.100000,0.700000,6.685366
-0.100000,0.800000,6.845208
-0.100000,0.900000,6.678448
-0.100000,1.000000,9.665367
-0.100000,1.100000,14.963459
-0.100000,1.200000,23.152863
-0.100000,1.300000,37.874154
-0.100000,1.400000,58.492866
-0.100000,1.500000,93.395457
-0.100000,1.600000,149.856076
-0.100000,1.700000,232.396405
-0.100000,1.800000,352.321511
-0.100000,1.900000,531.721014
-0.100000,2.000000,791.374179
-0.100000,2.100000,1158.391939
-0.100000,2.200000,1676.215350
-0.100000,2.300000,2389.010918
-0.100000,2.400000,3355.450320
-0.100000,2.500000,4664.559567
-0.100000,2.600000,6410.400450
-0.100000,2.700000,8714.054290
-0.100000,2.800000,11718.474056
-0.100000,2.900000,15612.923421
-0.100000,3.000000,20615.251148
-0.100000,3.100000,26976.631044
-0.100000,3.200000,35021.448478
-0.100000,3.300000,45112.343173
-0.100000,3.400000,57687.801074
-0.100000,3.500000,73261.313006
-0.100000,3.600000,92428.240750
-0.100000,3.700000,115881.292300
-0.100000,3.800000,144424.626585
-0.100000,3.900000,178988.607084
-0.100000,4.000000,220635.616945
-0.100000,4.100000,270580.176478
-0.100000,4.200000,330205.856312
-0.100000,4.300000,401088.184635
-0.100000,4.400000,485017.261038
-0.100000,4.500000,584006.027986
-0.100000,4.600000,700330.701007
-0.100000,4.700000,836526.384351
-0.100000,4.800000,995462.838048
-0.100000,4.900000,1180319.612788
-0.100000,5.000000,1394663.945820
-0.000000,-5.000000,3005874.001656
-0.000000,-4.900000,2581084.394524
-0.000000,-4.800000,2209825.140518
-0.000000,-4.700000,1886214.504242
-0.000000,-4.600000,1604892.986335
-0.000000,-4.500000,1361036.451197
-0.000000,-4.400000,1150274.092646
-0.000000,-4.300000,968675.344505
-0.000000,-4.200000,812701.917646
-0.000000,-4.100000,679192.110663
-0.000000,-4.000000,565304.341009
-0.000000,-3.900000,468511.169623
-0.000000,-3.800000,386562.565452
-0.000000,-3.700000,317459.116902
-0.000000,-3.600000,259430.905873
-0.000000,-3.500000,210917.248159
-0.000000,-3.400000,170544.525211
-0.000000,-3.300000,137119.849771
-0.000000,-3.200000,109577.357821
-0.000000,-3.100000,87012.223760
-0.000000,-3.000000,68630.860782
-0.000000,-2.900000,53742.653525
-0.000000,-2.800000,41768.980850
-0.000000,-2.700000,32201.907251
-0.000000,-2.600000,24615.307170
-0.000000,-2.500000,18643.829068
-0.000000,-2.400000,13980.064655
-0.000000,-2.300000,10375.529517
-0.000000,-2.200000,7613.963271
-0.000000,-2.100000,5516.456818
-0.000000,-2.000000,3946.564378
-0.000000,-1.900000,2785.156412
-0.000000,-1.800000,1934.150349
-0.000000,-1.700000,1318.859572
-0.000000,-1.600000,885.051177
-0.000000,-1.500000,580.267140
-0.000000,-1.400000,373.561984
-0.000000,-1.300000,232.692386
-0.000000,-1.200000,142.417438
-0.000000,-1.100000,85.792234
-0.000000,-1.000000,49.873682
-0.000000,-0.900000,25.543413
-0.000000,-0.800000,16.672345
-0.000000,-0.700000,7.716236
-0.000000,-0.600000,5.431797
-0.000000,-0.500000,4.829083
-0.000000,-0.400000,4.608370
-0.000000,-0.300000,5.567896
-0.000000,-0.200000,2.616984
-0.000000,-0.100000,4.286040
-0.000000,-0.000000,1.839791
-0.000000,0.100000,3.244881
-0.000000,0.200000,3.486844
-0.000000,0.300000,3.876433
-0.000000,0.400000,3.807690
-0.000000,0.500000,1.049978
-0.000000,0.600000,1.303187
-0.000000,0.700000,2.968576
-0.000000,0.800000,7.344820
-0.000000,0.900000,5.523899
-0.000000,1.000000,5.755874
-0.000000,1.100000,13.393804
-0.000000,1.200000,16.710421
-0.000000,1.300000,32.112478
-0.000000,1.400000,49.445704
-0.000000,1.500000,79.945175
-0.000000,1.600000,129.584033
-0.000000,1.700000,203.316191
-0.000000,1.800000,315.431937
-0.000000,1.900000,485.048933
-0.000000,2.000000,723.445377
-0.000000,2.100000,1070.590474
-0.000000,2.200000,1555.923689
-0.000000,2.300000,2236.522810
-0.000000,2.400000,3160.665938
-0.000000,2.500000,4415.750512
-0.000000,2.600000,6095.267143
-0.000000,2.700000,8317.438845
-0.000000,2.800000,11228.416255
-0.000000,2.900000,15008.308600
-0.000000,3.000000,19873.692397
-0.000000,3.100000,26076.899566
-0.000000,3.200000,33933.093286
-0.000000,3.300000,43805.604533
-0.000000,3.400000,56124.594717
-0.000000,3.500000,71402.159755
-0.000000,3.600000,90228.664092
-0.000000,3.700000,113288.565320
-0.000000,3.800000,141384.920942
-0.000000,3.900000,175440.022288
-0.000000,4.000000,216503.732317
-0.000000,4.100000,265789.066068
-0.000000,4.200000,324670.870752
-0.000000,4.300000,394721.535471
-0.000000,4.400000,477710.456139
-0.000000,4.500000,575648.691592
-0.000000,4.600000,690791.517219
-0.000000,4.700000,825681.270682
-0.000000,4.800000,983155.676445
-0.000000,4.900000,1166400.231553
-0.000000,5.000000,1378949.039716
0.100000,-5.000000,2990349.999790
0.100000,-4.900000,2567331.413997
0.100000,-4.800000,2197679.650111
0.100000,-4.700000,1875510.711106
0.100000,-4.600000,1595490.854885
0.100000,-4.500000,1352795.756292
0.100000,-4.400000,1143079.328573
0.100000,-4.300000,962405.701992
0.100000,-4.200000,807263.063693
0.100000,-4.100000,674484.232864
0.100000,-4.000000,561249.188757
0.100000,-3.900000,465031.944660
0.100000,-3.800000,383586.745301
0.100000,-3.700000,314923.123716
0.100000,-3.600000,257281.736284
0.100000,-3.500000,209103.436074
0.100000,-3.400000,169023.279425
0.100000,-3.300000,135846.606635
0.100000,-3.200000,108520.582712
0.100000,-3.100000,86138.336840
0.100000,-3.000000,67914.827177
0.100000,-2.900000,53162.053498
0.100000,-2.800000,41297.459747
0.100000,-2.700000,31823.360839
0.100000,-2.600000,24313.898956
0.100000,-2.500000,18405.502133
0.100000,-2.400000,13797.569558
0.100000,-2.300000,10232.966834
0.100000,-2.200000,7503.697136
0.100000,-2.100000,5433.559834
0.100000,-2.000000,3889.137601
0.100000,-1.900000,2740.736078
0.100000,-1.800000,1901.617759
0.100000,-1.700000,1297.752954
0.100000,-1.600000,871.648568
0.100000,-1.500000,572.244543
0.100000,-1.400000,366.539506
0.100000,-1.300000,229.678138
0.100000,-1.200000,142.924403
0.100000,-1.100000,85.473236
0.100000,-1.000000,51.246135
0.100000,-0.900000,28.853771
0.100000,-0.800000,17.845169
0.100000,-0.700000,7.697771
0.100000,-0.600000,5.830905
0.100000,-0.500000,5.788706
0.100000,-0.400000,5.079898
0.100000,-0.300000,5.192038
0.100000,-0.200000,3.203182
0.100000,-0.100000,5.672596
0.100000,-0.000000,3.244881
0.100000,0.100000,4.199360
0.100000,0.200000,4.803767
0.100000,0.300000,3.992168
0.100000,0.400000,3.336683
0.100000,0.500000,3.089035
0.100000,0.600000,3.135712
0.100000,0.700000,6.099520
0.100000,0.800000,5.796461
0.100000,0.900000,4.706534
0.100000,1.000000,6.494462
0.100000,1.100000,10.874335
0.100000,1.200000,17.669855
0.100000,1.300000,28.763026
0.100000,1.400000,41.083405
0.100000,1.500000,71.484659
0.100000,1.600000,115.442683
0.100000,1.700000,181.907888
0.100000,1.800000,281.510320
0.100000,1.900000,436.801158
0.100000,2.000000,661.646365
0.100000,2.100000,986.559511
0.100000,2.200000,1447.313741
0.100000,2.300000,2090.541763
0.100000,2.400000,2972.011126
0.100000,2.500000,4176.587570
0.100000,2.600000,5791.269046
0.100000,2.700000,7936.670484
0.100000,2.800000,10752.816698
0.100000,2.900000,14422.523101
0.100000,3.000000,19154.852202
0.100000,3.100000,25198.418963
0.100000,3.200000,32870.505442
0.100000,3.300000,42527.452041
0.100000,3.400000,54594.628041
0.100000,3.500000,69582.041831
0.100000,3.600000,88070.428493
0.100000,3.700000,110747.599166
0.100000,3.800000,138399.615467
0.100000,3.900000,171946.968473
0.100000,4.000000,212439.264643
0.100000,4.100000,261075.140364
0.100000,4.200000,319221.395399
0.100000,4.300000,388440.605863
0.100000,4.400000,470500.332372
0.100000,4.500000,567391.835498
0.100000,4.600000,681373.543561
0.100000,4.700000,814960.923726
0.100000,4.800000,970992.366920
0.100000,4.900000,1152628.721833
0.100000,5.000000,1363403.543697
0.200000,-5.000000,2975034.121703
0.200000,-4.900000,2553777.905779
0.200000,-4.800000,2185710.904793
0.200000,-4.700000,1864976.327772
0.200000,-4.600000,1586239.496120
0.200000,-4.500000,1344697.505516
0.200000,-4.400000,1136009.741857
0.200000,-4.300000,956258.084327
0.200000,-4.200000,801930.525285
0.200000,-4.100000,669877.757835
0.200000,-4.000000,557282.358578
0.200000,-3.900000,461630.032386
0.200000,-3.800000,380681.328192
0.200000,-3.700000,312455.125701
0.200000,-3.600000,255189.494688
0.200000,-3.500000,207343.979320
0.200000,-3.400000,167548.548326
0.200000,-3.300000,134618.305980
0.200000,-3.200000,107502.092731
0.200000,-3.100000,85300.010885
0.200000,-3.000000,67227.844116
0.200000,-2.900000,52605.555241
0.200000,-2.800000,40850.741453
0.200000,-2.700000,31467.941734
0.200000,-2.600000,24028.628110
0.200000,-2.500000,18184.342689
0.200000,-2.400000,13623.144664
0.200000,-2.300000,10100.397753
0.200000,-2.200000,7404.384173
0.200000,-2.100000,5360.807605
0.200000,-2.000000,3833.751839
0.200000,-1.900000,2701.400784
0.200000,-1.800000,1874.482056
0.200000,-1.700000,1280.599438
0.200000,-1.600000,857.543475
0.200000,-1.500000,561.756101
0.200000,-1.400000,362.423276
0.200000,-1.300000,227.505365
0.200000,-1.200000,141.563866
0.200000,-1.100000,84.008461
0.200000,-1.000000,50.183932
0.200000,-0.900000,29.036069
0.200000,-0.800000,19.789698
0.200000,-0.700000,9.310769
0.200000,-0.600000,7.121361
0.200000,-0.500000,7.297666
0.200000,-0.400000,5.820602
0.200000,-0.300000,5.518663
0.200000,-0.200000,4.080162
0.200000,-0.100000,6.510057
0.200000,-0.000000,3.486844
0.200000,0.100000,4.803767
0.200000,0.200000,8.003419
0.200000,0.300000,4.525055
0.200000,0.400000,2.690288
0.200000,0.500000,4.257906
0.200000,0.600000,4.410911
0.200000,0.700000,5.348801
0.200000,0.800000,6.230742
0.200000,0.900000,4.471039
0.200000,1.000000,6.663251
0.200000,1.100000,9.374914
0.200000,1.200000,16.591391
0.200000,1.300000,25.922002
0.200000,1.400000,38.304640
0.200000,1.500000,58.557462
0.200000,1.600000,99.637632
0.200000,1.700000,159.943608
0.200000,1.800000,253.351235
0.200000,1.900000,394.674226
0.200000,2.000000,602.756606
0.200000,2.100000,908.188073
0.200000,2.200000,1341.182309
0.200000,2.300000,1953.709305
0.200000,2.400000,2794.076191
0.200000,2.500000,3945.747811
0.200000,2.600000,5499.429303
0.200000,2.700000,7568.673560
0.200000,2.800000,10295.776293
0.200000,2.900000,13853.443428
0.200000,3.000000,18453.388152
0.200000,3.100000,24343.483070
0.200000,3.200000,31833.330022
0.200000,3.300000,41278.543169
0.200000,3.400000,53098.967176
0.200000,3.500000,67797.629777
0.200000,3.600000,85955.494266
0.200000,3.700000,108251.076148
0.200000,3.800000,135466.143837
0.200000,3.900000,168514.415132
0.200000,4.000000,208439.171706
0.200000,4.100000,256430.209499
0.200000,4.200000,313850.034144
0.200000,4.300000,382246.768065
0.200000,4.400000,463386.400308
0.200000,4.500000,559243.999789
0.200000,4.600000,672066.778714
0.200000,4.700000,804368.083460
0.200000,4.800000,958962.986833
0.200000,4.900000,1139006.488174
0.200000,5.000000,1348016.945002
0.300000,-5.000000,2959927.942816
0.300000,-4.900000,2540416.004805
0.300000,-4.800000,2173925.731969
0.300000,-4.700000,1854602.375227
0.300000,-4.600000,1577141.316736
0.300000,-4.500000,1336739.576541
0.300000,-4.400000,1129068.811502
0.300000,-4.300000,950225.316239
0.300000,-4.200000,796704.699357
0.300000,-4.100000,665370.255748
0.300000,-4.000000,553404.476475
0.300000,-3.900000,458307.825300
0.300000,-3.800000,377848.383293
0.300000,-3.700000,310049.456186
0.300000,-3.600000,253157.190279
0.300000,-3.500000,205632.990035
0.300000,-3.400000,166117.306446
0.300000,-3.300000,133427.171950
0.300000,-3.200000,106521.634505
0.300000,-3.100000,84493.490263
0.300000,-3.000000,66569.673931
0.300000,-2.900000,52073.075770
0.300000,-2.800000,40420.010119
0.300000,-2.700000,31125.369192
0.300000,-2.600000,23761.982034
0.300000,-2.500000,17974.271118
0.300000,-2.400000,13462.971691
0.300000,-2.300000,9976.134543
0.300000,-2.200000,7313.983170
0.300000,-2.100000,5294.082207
0.300000,-2.000000,3784.554609
0.300000,-1.900000,2665.394307
0.300000,-1.800000,1848.750989
0.300000,-1.700000,1261.072677
0.300000,-1.600000,848.451886
0.300000,-1.500000,557.035122
0.300000,-1.400000,359.405118
0.300000,-1.300000,224.905839
0.300000,-1.200000,140.677507
0.300000,-1.100000,83.837923
0.300000,-1.000000,49.106007
0.300000,-0.900000,28.280509
0.300000,-0.800000,18.558476
0.300000,-0.700000,7.065039
0.300000,-0.600000,7.288231
0.300000,-0.500000,6.897493
0.300000,-0.400000,4.483715
0.300000,-0.300000,4.348286
0.300000,-0.200000,4.465301
0.300000,-0.100000,6.154876
0.300000,-0.000000,3.876433
0.300000,0.100000,3.992168
0.300000,0.200000,4.525055
0.300000,0.300000,3.277961
0.300000,0.400000,4.330611
0.300000,0.500000,2.029529
0.300000,0.600000,1.999158
0.300000,0.700000,4.242194
0.300000,0.800000,3.985764
0.300000,0.900000,4.759463
0.300000,1.000000,4.901647
0.300000,1.100000,7.786488
0.300000,1.200000,11.742973
0.300000,1.300000,20.168518
0.300000,1.400000,29.517670
0.300000,1.500000,50.867198
0.300000,1.600000,85.723879
0.300000,1.700000,139.091889
0.300000,1.800000,223.577250
0.300000,1.900000,354.061345
0.300000,2.000000,544.567820
0.300000,2.100000,829.630889
0.300000,2.200000,1237.658978
0.300000,2.300000,1817.769046
0.300000,2.400000,2617.456448
0.300000,2.500000,3721.755875
0.300000,2.600000,5214.210102
0.300000,2.700000,7208.086511
0.300000,2.800000,9844.803098
0.300000,2.900000,13297.070896
0.300000,3.000000,17768.506134
0.300000,3.100000,23509.283602
0.300000,3.200000,30820.198044
0.300000,3.300000,40053.636519
0.300000,3.400000,51632.886469
0.300000,3.500000,66046.900889
0.300000,3.600000,83876.083641
0.300000,3.700000,105797.169556
0.300000,3.800000,132580.350731
0.300000,3.900000,165136.652437
0.300000,4.000000,204499.383859
0.300000,4.100000,251849.997449
0.300000,4.200000,308548.988227
0.300000,4.300000,376137.762455
0.300000,4.400000,456362.251726
0.300000,4.500000,551198.557770
0.300000,4.600000,662876.099703
0.300000,4.700000,793894.912564
0.300000,4.800000,947068.671418
0.300000,4.900000,1125534.265387
0.300000,5.000000,1332790.946688
0.400000,-5.000000,2945031.770241
0.400000,-4.900000,2527251.101020
0.400000,-4.800000,2162318.016819
0.400000,-4.700000,1844398.168404
0.400000,-4.600000,1568195.636309
0.400000,-4.500000,1328920.418786
0.400000,-4.400000,1122255.277489
0.400000,-4.300000,944310.523629
0.400000,-4.200000,791588.962994
0.400000,-4.100000,660954.789633
0.400000,-4.000000,549616.868395
0.400000,-3.900000,455068.947768
0.400000,-3.800000,375090.164079
0.400000,-3.700000,307711.977988
0.400000,-3.600000,251183.229976
0.400000,-3.500000,203978.471597
0.400000,-3.400000,164738.233069
0.400000,-3.300000,132284.118684
0.400000,-3.200000,105575.971230
0.400000,-3.100000,83722.027793
0.400000,-3.000000,65942.462013
0.400000,-2.900000,51566.371912
0.400000,-2.800000,40018.302387
0.400000,-2.700000,30806.561634
0.400000,-2.600000,23510.934188
0.400000,-2.500000,17780.949234
0.400000,-2.400000,13313.906227
0.400000,-2.300000,9867.202693
0.400000,-2.200000,7230.580607
0.400000,-2.100000,5233.622596
0.400000,-2.000000,3740.983103
0.400000,-1.900000,2637.328591
0.400000,-1.800000,1830.287691
0.400000,-1.700000,1248.459876
0.400000,-1.600000,839.756093
0.400000,-1.500000,550.979951
0.400000,-1.400000,356.457943
0.400000,-1.300000,222.752695
0.400000,-1.200000,138.274839
0.400000,-1.100000,83.470505
0.400000,-1.000000,50.730900
0.400000,-0.900000,26.522128
0.400000,-0.800000,18.332035
0.400000,-0.700000,9.002293
0.400000,-0.600000,6.134365
0.400000,-0.500000,3.949669
0.400000,-0.400000,2.806079
0.400000,-0.300000,4.202822
0.400000,-0.200000,2.054060
0.400000,-0.100000,3.942147
0.400000,-0.000000,3.807690
0.400000,0.100000,3.336683
0.400000,0.200000,2.690288
0.400000,0.300000,4.330611
0.400000,0.400000,0.090595
0.400000,0.500000,2.096576
0.400000,0.600000,0.600163
0.400000,0.700000,3.154389
0.400000,0.800000,4.318274
0.400000,0.900000,3.472063
0.400000,1.000000,3.964055
0.400000,1.100000,5.933873
0.400000,1.200000,7.967246
0.400000,1.300000,16.231546
0.400000,1.400000,23.977117
0.400000,1.500000,41.899626
0.400000,1.600000,70.062312
0.400000,1.700000,118.816784
0.400000,1.800000,194.399208
0.400000,1.900000,313.080913
0.400000,2.000000,492.016060
0.400000,2.100000,754.963036
0.400000,2.200000,1140.015538
0.400000,2.300000,1687.055706
0.400000,2.400000,2451.166035
0.400000,2.500000,3504.091119
0.400000,2.600000,4936.978818
0.400000,2.700000,6859.724734
0.400000,2.800000,9410.558805
0.400000,2.900000,12757.825823
0.400000,3.000000,17104.749135
0.400000,3.100000,22696.622608
0.400000,3.200000,29831.005194
0.400000,3.300000,38858.277341
0.400000,3.400000,50196.034471
0.400000,3.500000,64333.924525
0.400000,3.600000,81841.737453
0.400000,3.700000,103388.762898
0.400000,3.800000,129746.258882
0.400000,3.900000,161815.229641
0.400000,4.000000,200622.287072
0.400000,4.100000,247345.150913
0.400000,4.200000,303330.567373
0.400000,4.300000,370113.983021
0.400000,4.400000,449433.035220
0.400000,4.500000,543252.995841
0.400000,4.600000,653796.954964
0.400000,4.700000,783548.836021
0.400000,4.800000,935310.806726
0.400000,4.900000,1112207.888717
0.400000,5.000000,1317724.459411
0.500000,-5.000000,2930353.563853
0.500000,-4.900000,2514283.474454
0.500000,-4.800000,2150894.102684
0.500000,-4.700000,1834362.679099
0.500000,-4.600000,1559407.059345
0.500000,-4.500000,1321244.615819
0.500000,-4.400000,1115576.879605
0.500000,-4.300000,938517.879918
0.500000,-4.200000,786579.040149
0.500000,-4.100000,656644.058902
0.500000,-4.000000,545920.673457
0.500000,-3.900000,451910.453342
0.500000,-3.800000,372406.904225
0.500000,-3.700000,305442.638293
0.500000,-3.600000,249273.216623
0.500000,-3.500000,202379.803778
0.500000,-3.400000,163404.932822
0.500000,-3.300000,131181.728900
0.500000,-3.200000,104673.280425
0.500000,-3.100000,82985.855091
0.500000,-3.000000,65346.415113
0.500000,-2.900000,51086.494190
0.500000,-2.800000,39635.991740
0.500000,-2.700000,30507.532352
0.500000,-2.600000,23279.321098
0.500000,-2.500000,17601.935620
0.500000,-2.400000,13178.916396
0.500000,-2.300000,9766.555658
0.500000,-2.200000,7158.717000
0.500000,-2.100000,5179.132206
0.500000,-2.000000,3706.411139
0.500000,-1.900000,2613.497743
0.500000,-1.800000,1814.373857
0.500000,-1.700000,1241.262490
0.500000,-1.600000,836.145071
0.500000,-1.500000,549.270779
0.500000,-1.400000,356.435197
0.500000,-1.300000,225.276333
0.500000,-1.200000,140.253421
0.500000,-1.100000,84.367716
0.500000,-1.000000,50.383302
0.500000,-0.900000,26.970739
0.500000,-0.800000,18.561972
0.500000,-0.700000,11.096575
0.500000,-0.600000,6.867290
0.500000,-0.500000,4.680276
0.500000,-0.400000,3.468821
0.500000,-0.300000,2.244690
0.500000,-0.200000,3.571205
0.500000,-0.100000,1.990275
0.500000,-0.000000,1.049978
0.500000,0.100000,3.089035
0.500000,0.200000,4.257906
0.500000,0.300000,2.029529
0.500000,0.400000,2.096576
0.500000,0.500000,0.135899
0.500000,0.600000,1.672362
0.500000,0.700000,2.439458
0.500000,0.800000,3.933207
0.500000,0.900000,3.719241
0.500000,1.000000,0.998269
0.500000,1.100000,4.622754
0.500000,1.200000,6.073195
0.500000,1.300000,13.884807
0.500000,1.400000,16.249435
0.500000,1.500000,31.411694
0.500000,1.600000,58.617221
0.500000,1.700000,101.618500
0.500000,1.800000,169.682377
0.500000,1.900000,277.620084
0.500000,2.000000,441.151383
0.500000,2.100000,690.372470
0.500000,2.200000,1048.841978
0.500000,2.300000,1566.797557
0.500000,2.400000,2293.043061
0.500000,2.500000,3300.879906
0.500000,2.600000,4672.223696
0.500000,2.700000,6527.175993
0.500000,2.800000,8990.943384
0.500000,2.900000,12234.687186
0.500000,3.000000,16460.543065
0.500000,3.100000,21906.147344
0.500000,3.200000,28870.507800
0.500000,3.300000,37692.669653
0.500000,3.400000,48795.005865
0.500000,3.500000,62657.702425
0.500000,3.600000,79846.879562
0.500000,3.700000,101027.615377
0.500000,3.800000,126964.795058
0.500000,3.900000,158551.653842
0.500000,4.000000,196809.508966
0.500000,4.100000,242910.899833
0.500000,4.200000,298193.967259
0.500000,4.300000,364180.481814
0.500000,4.400000,442601.586279
0.500000,4.500000,535418.218734
0.500000,4.600000,644835.588144
0.500000,4.700000,773329.995874
0.500000,4.800000,923693.383834
0.500000,4.900000,1099032.373009
0.500000,5.000000,1302825.395854
0.600000,-5.000000,2915893.053189
0.600000,-4.900000,2501519.646523
0.600000,-4.800000,2139658.572384
0.600000,-4.700000,1824502.120883
0.600000,-4.600000,1550775.942178
0.600000,-4.500000,1313714.946490
0.600000,-4.400000,1109031.091166
0.600000,-4.300000,932845.366018
0.600000,-4.200000,781684.672287
0.600000,-4.100000,652436.254003
0.600000,-4.000000,542317.017282
0.600000,-3.900000,448836.603667
0.600000,-3.800000,369800.572867
0.600000,-3.700000,303241.531576
0.600000,-3.600000,247426.264340
0.600000,-3.500000,200835.894864
0.600000,-3.400000,162124.169089
0.600000,-3.300000,130125.210587
0.600000,-3.200000,103807.248476
0.600000,-3.100000,82283.767958
0.600000,-3.000000,64782.322065
0.600000,-2.900000,50636.283085
0.600000,-2.800000,39281.303611
0.600000,-2.700000,30230.313953
0.600000,-2.600000,23065.618907
0.600000,-2.500000,17438.815111
0.600000,-2.400000,13060.322427
0.600000,-2.300000,9679.098614
0.600000,-2.200000,7095.359976
0.600000,-2.100000,5139.517296
0.600000,-2.000000,3678.320330
0.600000,-1.900000,2596.851031
0.600000,-1.800000,1805.502325
0.600000,-1.700000,1238.777307
0.600000,-1.600000,833.065997
0.600000,-1.500000,550.453444
0.600000,-1.400000,359.963718
0.600000,-1.300000,226.675770
0.600000,-1.200000,141.744136
0.600000,-1.100000,87.699536
0.600000,-1.000000,53.410639
0.600000,-0.900000,30.984326
0.600000,-0.800000,21.595603
0.600000,-0.700000,10.200436
0.600000,-0.600000,7.373234
0.600000,-0.500000,5.793486
0.600000,-0.400000,5.215970
0.600000,-0.300000,4.058602
0.600000,-0.200000,1.815709
0.600000,-0.100000,5.155418
0.600000,-0.000000,1.303187
0.600000,0.100000,3.135712
0.600000,0.200000,4.410911
0.600000,0.300000,1.999158
0.600000,0.400000,0.600163
0.600000,0.500000,1.672362
0.600000,0.600000,0.295966
0.600000,0.700000,2.394408
0.600000,0.800000,2.264226
0.600000,0.900000,3.401305
0.600000,1.000000,4.479615
0.600000,1.100000,3.001536
0.600000,1.200000,4.641731
0.600000,1.300000,7.807254
0.600000,1.400000,14.736293
0.600000,1.500000,26.606682
0.600000,1.600000,48.937501
0.600000,1.700000,87.587668
0.600000,1.800000,143.553522
0.600000,1.900000,245.049203
0.600000,2.000000,394.492792
0.600000,2.100000,624.054400
0.600000,2.200000,962.164300
0.600000,2.300000,1451.141932
0.600000,2.400000,2139.225964
0.600000,2.500000,3102.261413
0.600000,2.600000,4420.746365
0.600000,2.700000,6204.274352
0.600000,2.800000,8585.887156
0.600000,2.900000,11730.100385
0.600000,3.000000,15833.216457
0.600000,3.100000,21137.870244
0.600000,3.200000,27932.366209
0.600000,3.300000,36558.675388
0.600000,3.400000,47427.565234
0.600000,3.500000,61017.760011
0.600000,3.600000,77895.986144
0.600000,3.700000,98715.602700
0.600000,3.800000,124237.497394
0.600000,3.900000,155351.749458
0.600000,4.000000,193064.111621
0.600000,4.100000,238552.344474
0.600000,4.200000,293134.400080
0.600000,4.300000,358334.696384
0.600000,4.400000,435869.026964
0.600000,4.500000,527688.930771
0.600000,4.600000,635990.096919
0.600000,4.700000,763240.207116
0.600000,4.800000,912214.668374
0.600000,4.900000,1086010.818202
0.600000,5.000000,1288091.759837
0.700000,-5.000000,2901656.240922
0.700000,-4.900000,2488961.618220
0.700000,-4.800000,2128614.360216
0.700000,-4.700000,1814813.909197
0.700000,-4.600000,1542307.900132
0.700000,-4.500000,1306337.710846
0.700000,-4.400000,1102624.574856
0.700000,-4.300000,927300.560388
0.700000,-4.200000,776905.591468
0.700000,-4.100000,648333.837988
0.700000,-4.000000,538808.138099
0.700000,-3.900000,445854.866692
0.700000,-3.800000,367272.952382
0.700000,-3.700000,301112.243814
0.700000,-3.600000,245644.305003
0.700000,-3.500000,199354.032925
0.700000,-3.400000,160897.812010
0.700000,-3.300000,129120.326923
0.700000,-3.200000,102987.464925
0.700000,-3.100000,81618.611750
0.700000,-3.000000,64249.252092
0.700000,-2.900000,50217.616478
0.700000,-2.800000,38954.023639
0.700000,-2.700000,29977.029957
0.700000,-2.600000,22873.825324
0.700000,-2.500000,17297.347615
0.700000,-2.400000,12955.401952
0.700000,-2.300000,9604.072038
0.700000,-2.200000,7045.984147
0.700000,-2.100000,5107.260323
0.700000,-2.000000,3659.082544
0.700000,-1.900000,2585.109910
0.700000,-1.800000,1803.744504
0.700000,-1.700000,1240.917545
0.700000,-1.600000,838.934111
0.700000,-1.500000,555.991204
0.700000,-1.400000,364.550011
0.700000,-1.300000,233.988350
0.700000,-1.200000,150.958807
0.700000,-1.100000,92.952445
0.700000,-1.000000,57.366562
0.700000,-0.900000,34.512351
0.700000,-0.800000,25.128089
0.700000,-0.700000,13.889558
0.700000,-0.600000,8.248493
0.700000,-0.500000,9.606561
0.700000,-0.400000,6.402969
0.700000,-0.300000,4.704924
0.700000,-0.200000,5.008806
0.700000,-0.100000,6.685366
0.700000,-0.000000,2.968576
0.700000,0.100000,6.099520
0.700000,0.200000,5.348801
0.700000,0.300000,4.242194
0.700000,0.400000,3.154389
0.700000,0.500000,2.439458
0.700000,0.600000,2.394408
0.700000,0.700000,4.863433
0.700000,0.800000,5.139303
0.700000,0.900000,3.631702
0.700000,1.000000,3.749982
0.700000,1.100000,2.836721
0.700000,1.200000,3.931380
0.700000,1.300000,10.398135
0.700000,1.400000,11.422990
0.700000,1.500000,21.246879
0.700000,1.600000,40.274474
0.700000,1.700000,74.249161
0.700000,1.800000,126.136664
0.700000,1.900000,215.449170
0.700000,2.000000,355.335848
0.700000,2.100000,566.410049
0.700000,2.200000,882.576126
0.700000,2.300000,1344.336083
0.700000,2.400000,1996.388047
0.700000,2.500000,2917.197506
0.700000,2.600000,4179.038963
0.700000,2.700000,5898.396165
0.700000,2.800000,8196.262811
0.700000,2.900000,11244.515908
0.700000,3.000000,15229.136038
0.700000,3.100000,20393.797890
0.700000,3.200000,27021.975738
0.700000,3.300000,35456.039159
0.700000,3.400000,46094.469418
0.700000,3.500000,59420.425193
0.700000,3.600000,75988.338076
0.700000,3.700000,96450.845315
0.700000,3.800000,121564.682677
0.700000,3.900000,152207.172600
0.700000,4.000000,189387.649350
0.700000,4.100000,234265.749433
0.700000,4.200000,288158.700247
0.700000,4.300000,352579.259615
0.700000,4.400000,429239.045671
0.700000,4.500000,520068.516476
0.700000,4.600000,627267.093854
0.700000,4.700000,753279.690559
0.700000,4.800000,900879.576449
0.700000,4.900000,1073145.081719
0.700000,5.000000,1273528.340899
0.800000,-5.000000,2887646.458716
0.800000,-4.900000,2476614.587126
0.800000,-4.800000,2117762.773202
0.800000,-4.700000,1805307.699464
0.800000,-4.600000,1534005.092267
0.800000,-4.500000,1299113.472850
0.800000,-4.400000,1096356.102327
0.800000,-4.300000,921885.219724
0.800000,-4.200000,772245.243947
0.800000,-4.100000,644341.308635
0.800000,-4.000000,535400.786770
0.800000,-3.900000,442961.178819
0.800000,-3.800000,364829.941186
0.800000,-3.700000,299058.505888
0.800000,-3.600000,243929.020491
0.800000,-3.500000,197930.184582
0.800000,-3.400000,159727.727646
0.800000,-3.300000,128160.640683
0.800000,-3.200000,102210.833097
0.800000,-3.100000,80996.906534
0.800000,-3.000000,63756.200510
0.800000,-2.900000,49830.120961
0.800000,-2.800000,38653.377489
0.800000,-2.700000,29751.513095
0.800000,-2.600000,22704.128752
0.800000,-2.500000,17173.731005
0.800000,-2.400000,12869.153728
0.800000,-2.300000,9549.430661
0.800000,-2.200000,7010.556718
0.800000,-2.100000,5086.309438
0.800000,-2.000000,3650.001402
0.800000,-1.900000,2585.626670
0.800000,-1.800000,1807.440252
0.800000,-1.700000,1247.318153
0.800000,-1.600000,848.479585
0.800000,-1.500000,567.641505
0.800000,-1.400000,376.241590
0.800000,-1.300000,243.672502
0.800000,-1.200000,156.989825
0.800000,-1.100000,101.312069
0.800000,-1.000000,63.831224
0.800000,-0.900000,40.954577
0.800000,-0.800000,25.818344
0.800000,-0.700000,17.047235
0.800000,-0.600000,14.232677
0.800000,-0.500000,10.474181
0.800000,-0.400000,8.179857
0.800000,-0.300000,7.285968
0.800000,-0.200000,7.181918
0.800000,-0.100000,6.845208
0.800000,-0.000000,7.344820
0.800000,0.100000,5.796461
0.800000,0.200000,6.230742
0.800000,0.300000,3.985764
0.800000,0.400000,4.318274
0.800000,0.500000,3.933207
0.800000,0.600000,2.264226
0.800000,0.700000,5.139303
0.800000,0.800000,7.434315
0.800000,0.900000,2.318888
0.800000,1.000000,3.651026
0.800000,1.100000,5.844258
0.800000,1.200000,4.635675
0.800000,1.300000,7.679294
0.800000,1.400000,10.103763
0.800000,1.500000,17.932582
0.800000,1.600000,34.406252
0.800000,1.700000,61.667353
0.800000,1.800000,108.478228
0.800000,1.900000,189.188793
0.800000,2.000000,316.110258
0.800000,2.100000,512.256832
0.800000,2.200000,807.277870
0.800000,2.300000,1241.785261
0.800000,2.400000,1862.823109
0.800000,2.500000,2737.449618
0.800000,2.600000,3950.579644
0.800000,2.700000,5604.342792
0.800000,2.800000,7825.602528
0.800000,2.900000,10775.204991
0.800000,3.000000,14647.265577
0.800000,3.100000,19672.856534
0.800000,3.200000,26140.125804
0.800000,3.300000,34381.703284
0.800000,3.400000,44799.112499
0.800000,3.500000,57862.810824
0.800000,3.600000,74128.350499
0.800000,3.700000,94238.437084
0.800000,3.800000,118947.201180
0.800000,3.900000,149127.530269
0.800000,4.000000,185782.462785
0.800000,4.100000,230056.070029
0.800000,4.200000,283267.646001
0.800000,4.300000,346917.461768
0.800000,4.400000,422705.477518
0.800000,4.500000,512561.009753
0.800000,4.600000,618665.772663
0.800000,4.700000,743454.655893
0.800000,4.800000,889688.899277
0.800000,4.900000,1060433.846687
0.800000,5.000000,1259133.741608
0.900000,-5.000000,2873869.981662
0.900000,-4.900000,2464483.706795
0.900000,-4.800000,2107113.126072
0.900000,-4.700000,1795990.564656
0.900000,-4.600000,1525875.495400
0.900000,-4.500000,1292044.809811
0.900000,-4.400000,1090235.272493
0.900000,-4.300000,916605.805633
0.900000,-4.200000,767710.400384
0.900000,-4.100000,640459.598259
0.900000,-4.000000,532096.957390
0.900000,-3.900000,440161.711624
0.900000,-3.800000,362473.761410
0.900000,-3.700000,297084.785744
0.900000,-3.600000,242287.532471
0.900000,-3.500000,196575.062682
0.900000,-3.400000,158614.779388
0.900000,-3.300000,127256.626077
0.900000,-3.200000,101481.790478
0.900000,-3.100000,80416.673489
0.900000,-3.000000,63299.278245
0.900000,-2.900000,49474.247789
0.900000,-2.800000,38384.324570
0.900000,-2.700000,29546.565226
0.900000,-2.600000,22557.862050
0.900000,-2.500000,17073.264277
0.900000,-2.400000,12799.605726
0.900000,-2.300000,9505.254243
0.900000,-2.200000,6986.157028
0.900000,-2.100000,5078.195915
0.900000,-2.000000,3652.610754
0.900000,-1.900000,2593.283908
0.900000,-1.800000,1822.175978
0.900000,-1.700000,1261.294135
0.900000,-1.600000,863.170987
0.900000,-1.500000,579.930789
0.900000,-1.400000,388.956578
0.900000,-1.300000,254.723110
0.900000,-1.200000,169.053100
0.900000,-1.100000,108.658271
0.900000,-1.000000,70.352857
0.900000,-0.900000,47.105668
0.900000,-0.800000,33.101046
0.900000,-0.700000,20.225544
0.900000,-0.600000,14.471993
0.900000,-0.500000,11.926752
0.900000,-0.400000,9.430938
0.900000,-0.300000,9.695255
0.900000,-0.200000,5.664197
0.900000,-0.100000,6.678448
0.900000,-0.000000,5.523899
0.900000,0.100000,4.706534
0.900000,0.200000,4.471039
0.900000,0.300000,4.759463
0.900000,0.400000,3.472063
0.900000,0.500000,3.719241
0.900000,0.600000,3.401305
0.900000,0.700000,3.631702
0.900000,0.800000,2.318888
0.900000,0.900000,1.271788
0.900000,1.000000,2.668900
0.900000,1.100000,4.532814
0.900000,1.200000,4.196502
0.900000,1.300000,4.027558
0.900000,1.400000,6.167860
0.900000,1.500000,11.931193
0.900000,1.600000,23.847289
0.900000,1.700000,49.971402
0.900000,1.800000,91.673358
0.900000,1.900000,162.131867
0.900000,2.000000,279.648197
0.900000,2.100000,462.366467
0.900000,2.200000,737.864090
0.900000,2.300000,1146.828192
0.900000,2.400000,1734.867064
0.900000,2.500000,2570.696127
0.900000,2.600000,3729.894361
0.900000,2.700000,5321.699318
0.900000,2.800000,7464.699524
0.900000,2.900000,10324.068077
0.900000,3.000000,14083.570302
0.900000,3.100000,18976.675441
0.900000,3.200000,25283.578571
0.900000,3.300000,33338.425068
0.900000,3.400000,43535.910799
0.900000,3.500000,56341.668490
0.900000,3.600000,72306.189522
0.900000,3.700000,92073.785773
0.900000,3.800000,116384.963718
0.900000,3.900000,146110.210031
0.900000,4.000000,182240.618396
0.900000,4.100000,225921.978347
0.900000,4.200000,278460.539822
0.900000,4.300000,341346.017676
0.900000,4.400000,416276.096423
0.900000,4.500000,505164.551198
0.900000,4.600000,610183.044039
0.900000,4.700000,733761.839029
0.900000,4.800000,878641.793583
0.900000,4.900000,1047884.125468
0.900000,5.000000,1244911.073900
1.000000,-5.000000,2860338.997626
1.000000,-4.900000,2452582.983554
1.000000,-4.800000,2096681.907678
1.000000,-4.700000,1786868.664939
1.000000,-4.600000,1517932.016100
1.000000,-4.500000,1285152.533286
1.000000,-4.400000,1084275.011775
1.000000,-4.300000,911470.161838
1.000000,-4.200000,763308.164395
1.000000,-4.100000,636703.361720
1.000000,-4.000000,528907.381605
1.000000,-3.900000,437471.148072
1.000000,-3.800000,360213.748613
1.000000,-3.700000,295202.136898
1.000000,-3.600000,240724.495415
1.000000,-3.500000,195291.634983
1.000000,-3.400000,157568.474888
1.000000,-3.300000,126414.525469
1.000000,-3.200000,100811.373675
1.000000,-3.100000,79889.914139
1.000000,-3.000000,62890.198682
1.000000,-2.900000,49163.679140
1.000000,-2.800000,38151.026320
1.000000,-2.700000,29380.046156
1.000000,-2.600000,22441.885316
1.000000,-2.500000,16996.520575
1.000000,-2.400000,12757.074356
1.000000,-2.300000,9486.311298
1.000000,-2.200000,6982.880679
1.000000,-2.100000,5086.983784
1.000000,-2.000000,3669.467098
1.000000,-1.900000,2616.189419
1.000000,-1.800000,1844.688354
1.000000,-1.700000,1285.425802
1.000000,-1.600000,888.947113
1.000000,-1.500000,606.034215
1.000000,-1.400000,412.387189
1.000000,-1.300000,275.674932
1.000000,-1.200000,183.603584
1.000000,-1.100000,125.136230
1.000000,-1.000000,85.287561
1.000000,-0.900000,57.109891
1.000000,-0.800000,43.187392
1.000000,-0.700000,28.120128
1.000000,-0.600000,20.354667
1.000000,-0.500000,17.742892
1.000000,-0.400000,15.146537
1.000000,-0.300000,12.516274
1.000000,-0.200000,8.110276
1.000000,-0.100000,9.665367
1.000000,-0.000000,5.755874
1.000000,0.100000,6.494462
1.000000,0.200000,6.663251
1.000000,0.300000,4.901647
1.000000,0.400000,3.964055
1.000000,0.500000,0.998269
1.000000,0.600000,4.479615
1.000000,0.700000,3.749982
1.000000,0.800000,3.651026
1.000000,0.900000,2.668900
1.000000,1.000000,0.000000
1.000000,1.100000,2.409799
1.000000,1.200000,2.022332
1.000000,1.300000,6.315244
1.000000,1.400000,5.755643
1.000000,1.500000,7.250692
1.000000,1.600000,20.354072
1.000000,1.700000,40.177284
1.000000,1.800000,75.788757
1.000000,1.900000,143.098791
1.000000,2.000000,248.159805
1.000000,2.100000,416.280347
1.000000,2.200000,672.475970
1.000000,2.300000,1058.755546
1.000000,2.400000,1615.773672
1.000000,2.500000,2412.120810
1.000000,2.600000,3526.915896
1.000000,2.700000,5053.856127
1.000000,2.800000,7126.238231
1.000000,2.900000,9894.371571
1.000000,3.000000,13544.226238
1.000000,3.100000,18306.693016
1.000000,3.200000,24459.197688
1.000000,3.300000,32329.676728
1.000000,3.400000,42310.812175
1.000000,3.500000,54866.137523
1.000000,3.600000,70538.391664
1.000000,3.700000,89961.983549
1.000000,3.800000,113882.284886
1.000000,3.900000,143156.328470
1.000000,4.000000,178774.981523
1.000000,4.100000,221868.223543
1.000000,4.200000,273741.306259
1.000000,4.300000,335875.116277
1.000000,4.400000,409951.486581
1.000000,4.500000,497884.753857
1.000000,4.600000,601830.425855
1.000000,4.700000,724205.672822
1.000000,4.800000,867746.431762
1.000000,4.900000,1035493.834986
1.000000,5.000000,1230863.872751
1.100000,-5.000000,2847072.558493
1.100000,-4.900000,2440926.961857
1.100000,-4.800000,2086472.687667
1.100000,-4.700000,1777959.548661
1.100000,-4.600000,1510184.393111
1.100000,-4.500000,1278437.332648
1.100000,-4.400000,1078481.756128
1.100000,-4.300000,906495.751652
1.100000,-4.200000,759052.029222
1.100000,-4.100000,633081.656117
1.100000,-4.000000,525843.878741
1.100000,-3.900000,434894.175919
1.100000,-3.800000,358057.315109
1.100000,-3.700000,293412.031983
1.100000,-3.600000,239251.977066
1.100000,-3.500000,194087.418559
1.100000,-3.400000,156600.482846
1.100000,-3.300000,125640.276833
1.100000,-3.200000,100202.942965
1.100000,-3.100000,79416.938754
1.100000,-3.000000,62531.178293
1.100000,-2.900000,48898.721089
1.100000,-2.800000,37963.494467
1.100000,-2.700000,29253.451091
1.100000,-2.600000,22361.358178
1.100000,-2.500000,16952.815397
1.100000,-2.400000,12745.065519
1.100000,-2.300000,9490.742525
1.100000,-2.200000,7004.280778
1.100000,-2.100000,5118.602801
1.100000,-2.000000,3705.912716
1.100000,-1.900000,2657.385219
1.100000,-1.800000,1886.191242
1.100000,-1.700000,1327.394149
1.100000,-1.600000,926.664024
1.100000,-1.500000,640.017384
1.100000,-1.400000,445.236196
1.100000,-1.300000,305.649975
1.100000,-1.200000,213.232430
1.100000,-1.100000,146.221617
1.100000,-1.000000,104.219962
1.100000,-0.900000,72.910036
1.100000,-0.800000,56.271577
1.100000,-0.700000,41.367381
1.100000,-0.600000,31.321250
1.100000,-0.500000,27.994078
1.100000,-0.400000,23.844747
1.100000,-0.300000,21.036016
1.100000,-0.200000,16.040044
1.100000,-0.100000,14.963459
1.100000,-0.000000,13.393804
1.100000,0.100000,10.874335
1.100000,0.200000,9.374914
1.100000,0.300000,7.786488
1.100000,0.400000,5.933873
1.100000,0.500000,4.622754
1.100000,0.600000,3.001536
1.100000,0.700000,2.836721
1.100000,0.800000,5.844258
1.100000,0.900000,4.532814
1.100000,1.000000,2.409799
1.100000,1.100000,2.626905
1.100000,1.200000,1.245167
1.100000,1.300000,5.197553
1.100000,1.400000,4.886547
1.100000,1.500000,7.548140
1.100000,1.600000,17.297811
1.100000,1.700000,34.000216
1.100000,1.800000,66.529585
1.100000,1.900000,127.379002
1.100000,2.000000,219.724868
1.100000,2.100000,378.452003
1.100000,2.200000,617.797354
1.100000,2.300000,980.284201
1.100000,2.400000,1508.538728
1.100000,2.500000,2269.643887
1.100000,2.600000,3333.323181
1.100000,2.700000,4805.113060
1.100000,2.800000,6804.024247
1.100000,2.900000,9481.926827
1.100000,3.000000,13025.479497
1.100000,3.100000,17662.170118
1.100000,3.200000,23663.614928
1.100000,3.300000,31355.191440
1.100000,3.400000,41124.302268
1.100000,3.500000,53432.514516
1.100000,3.600000,68813.905807
1.100000,3.700000,87906.761420
1.100000,3.800000,111441.780411
1.100000,3.900000,140270.707704
1.100000,4.000000,175379.814705
1.100000,4.100000,217897.144650
1.100000,4.200000,269112.660825
1.100000,4.300000,330499.084011
1.100000,4.400000,403737.504907
1.100000,4.500000,490724.322329
1.100000,4.600000,593605.064761
1.100000,4.700000,714792.032475
1.100000,4.800000,857004.065096
1.100000,4.900000,1023273.609816
1.100000,5.000000,1217000.188616
1.200000,-5.000000,2834078.039957
1.200000,-4.900000,2429529.164871
1.200000,-4.800000,2076503.896932
1.200000,-4.700000,1769274.494926
1.200000,-4.600000,1502643.942401
1.200000,-4.500000,1271919.801252
1.200000,-4.400000,1072869.758286
1.200000,-4.300000,901686.620876
1.200000,-4.200000,754950.675047
1.200000,-4.100000,629605.996468
1.200000,-4.000000,522910.831142
1.200000,-3.900000,432436.898660
1.200000,-3.800000,356015.785134
1.200000,-3.700000,291729.943984
1.200000,-3.600000,237878.940785
1.200000,-3.500000,192978.909511
1.200000,-3.400000,155711.488581
1.200000,-3.300000,124942.294157
1.200000,-3.200000,99662.722243
1.200000,-3.100000,79007.781283
1.200000,-3.000000,62232.596739
1.200000,-2.900000,48688.985402
1.200000,-2.800000,37823.033837
1.200000,-2.700000,29171.991302
1.200000,-2.600000,22323.561659
1.200000,-2.500000,16948.270219
1.200000,-2.400000,12763.394297
1.200000,-2.300000,9529.675076
1.200000,-2.200000,7055.167562
1.200000,-2.100000,5177.692160
1.200000,-2.000000,3767.742736
1.200000,-1.900000,2719.932674
1.200000,-1.800000,1947.768463
1.200000,-1.700000,1385.803754
1.200000,-1.600000,981.574070
1.200000,-1.500000,693.616375
1.200000,-1.400000,489.434230
1.200000,-1.300000,347.272028
1.200000,-1.200000,247.551005
1.200000,-1.100000,180.931271
1.200000,-1.000000,132.946163
1.200000,-0.900000,97.755943
1.200000,-0.800000,78.797417
1.200000,-0.700000,60.706287
1.200000,-0.600000,49.706435
1.200000,-0.500000,41.253916
1.200000,-0.400000,35.638254
1.200000,-0.300000,29.308020
1.200000,-0.200000,25.470571
1.200000,-0.100000,23.152863
1.200000,-0.000000,16.710421
1.200000,0.100000,17.669855
1.200000,0.200000,16.591391
1.200000,0.300000,11.742973
1.200000,0.400000,7.967246
1.200000,0.500000,6.073195
1.200000,0.600000,4.641731
1.200000,0.700000,3.931380
1.200000,0.800000,4.635675
1.200000,0.900000,4.196502
1.200000,1.000000,2.022332
1.200000,1.100000,1.245167
1.200000,1.200000,0.491562
1.200000,1.300000,4.149226
1.200000,1.400000,2.037160
1.200000,1.500000,5.909191
1.200000,1.600000,15.863095
1.200000,1.700000,29.499706
1.200000,1.800000,56.224391
1.200000,1.900000,111.410055
1.200000,2.000000,195.272028
1.200000,2.100000,339.123050
1.200000,2.200000,564.053330
1.200000,2.300000,907.817579
1.200000,2.400000,1407.441738
1.200000,2.500000,2129.769684
1.200000,2.600000,3152.892913
1.200000,2.700000,4566.435360
1.200000,2.800000,6496.272064
1.200000,2.900000,9087.626296
1.200000,3.000000,12531.057801
1.200000,3.100000,17043.160734
1.200000,3.200000,22897.930413
1.200000,3.300000,30410.410881
1.200000,3.400000,39972.552358
1.200000,3.500000,52039.698940
1.200000,3.600000,67138.483941
1.200000,3.700000,85902.125915
1.200000,3.800000,109057.246271
1.200000,3.900000,137452.000848
1.200000,4.000000,172061.601307
1.200000,4.100000,214006.483508
1.200000,4.200000,264570.384592
1.200000,4.300000,325223.884170
1.200000,4.400000,397631.243251
1.200000,4.500000,483677.893664
1.200000,4.600000,585507.491332
1.200000,4.700000,705519.268508
1.200000,4.800000,846414.759899
1.200000,4.900000,1011219.498553
1.200000,5.000000,1203314.122624
1.300000,-5.000000,2821385.047202
1.300000,-4.900000,2418407.428603
1.300000,-4.800000,2066799.284964
1.300000,-4.700000,1760832.953902
1.300000,-4.600000,1495333.489712
1.300000,-4.500000,1265611.879980
1.300000,-4.400000,1067458.073671
1.300000,-4.300000,897063.113465
1.300000,-4.200000,751024.826132
1.300000,-4.100000,626290.756074
1.300000,-4.000000,520132.590584
1.300000,-3.900000,430124.260902
1.300000,-3.800000,354107.356243
1.300000,-3.700000,290168.397232
1.300000,-3.600000,236616.454346
1.300000,-3.500000,191972.044304
1.300000,-3.400000,154923.542989
1.300000,-3.300000,124334.120986
1.300000,-3.200000,99206.009218
1.300000,-3.100000,78678.009925
1.300000,-3.000000,62005.104301
1.300000,-2.900000,48545.251961
1.300000,-2.800000,37745.883295
1.300000,-2.700000,29146.057064
1.300000,-2.600000,22339.389999
1.300000,-2.500000,16994.065474
1.300000,-2.400000,12829.730230
1.300000,-2.300000,9609.953096
1.300000,-2.200000,7142.249056
1.300000,-2.100000,5270.669364
1.300000,-2.000000,3862.827758
1.300000,-1.900000,2811.271466
1.300000,-1.800000,2035.612360
1.300000,-1.700000,1470.376820
1.300000,-1.600000,1061.120126
1.300000,-1.500000,764.320504
1.300000,-1.400000,554.687936
1.300000,-1.300000,406.818047
1.300000,-1.200000,301.085440
1.300000,-1.100000,228.253525
1.300000,-1.000000,175.727980
1.300000,-0.900000,139.466962
1.300000,-0.800000,115.041228
1.300000,-0.700000,90.257207
1.300000,-0.600000,79.142619
1.300000,-0.500000,66.639186
1.300000,-0.400000,57.628834
1.300000,-0.300000,50.060814
1.300000,-0.200000,43.046371
1.300000,-0.100000,37.874154
1.300000,-0.000000,32.112478
1.300000,0.100000,28.763026
1.300000,0.200000,25.922002
1.300000,0.300000,20.168518
1.300000,0.400000,16.231546
1.300000,0.500000,13.884807
1.300000,0.600000,7.807254
1.300000,0.700000,10.398135
1.300000,0.800000,7.679294
1.300000,0.900000,4.027558
1.300000,1.000000,6.315244
1.300000,1.100000,5.197553
1.300000,1.200000,4.149226
1.300000,1.300000,7.905813
1.300000,1.400000,4.362379
1.300000,1.500000,8.496611
1.300000,1.600000,13.433670
1.300000,1.700000,26.207131
1.300000,1.800000,49.264548
1.300000,1.900000,97.644294
1.300000,2.000000,178.547359
1.300000,2.100000,309.962968
1.300000,2.200000,519.906440
1.300000,2.300000,841.494870
1.300000,2.400000,1313.731298
1.300000,2.500000,2006.660266
1.300000,2.600000,2981.713427
1.300000,2.700000,4344.808003
1.300000,2.800000,6206.869442
1.300000,2.900000,8717.699108
1.300000,3.000000,12061.068778
1.300000,3.100000,16451.666814
1.300000,3.200000,22160.632936
1.300000,3.300000,29504.761901
1.300000,3.400000,38864.958871
1.300000,3.500000,50690.051716
1.300000,3.600000,65511.561314
1.300000,3.700000,83955.334342
1.300000,3.800000,106734.104902
1.300000,3.900000,134699.590438
1.300000,4.000000,168815.403991
1.300000,4.100000,210198.038490
1.300000,4.200000,260121.550386
1.300000,4.300000,320049.257064
1.300000,4.400000,391630.807037
1.300000,4.500000,476756.231388
1.300000,4.600000,577546.284654
1.300000,4.700000,696389.537767
1.300000,4.800000,835982.215131
1.300000,4.900000,999333.356726
1.300000,5.000000,1189813.800377
1.400000,-5.000000,2809002.860698
1.400000,-4.900000,2407584.198340
1.400000,-4.800000,2057371.253604
1.400000,-4.700000,1752653.379247
1.400000,-4.600000,1488266.424060
1.400000,-4.500000,1259536.845310
1.400000,-4.400000,1062260.874709
1.400000,-4.300000,892641.507761
1.400000,-4.200000,747285.556350
1.400000,-4.100000,623153.044734
1.400000,-4.000000,517518.947936
1.400000,-3.900000,427963.392160
1.400000,-3.800000,352337.751219
1.400000,-3.700000,288739.937168
1.400000,-3.600000,235477.268851
1.400000,-3.500000,191080.416102
1.400000,-3.400000,154238.564094
1.400000,-3.300000,123826.212412
1.400000,-3.200000,98843.435166
1.400000,-3.100000,78436.475268
1.400000,-3.000000,61859.788999
1.400000,-2.900000,48476.297288
1.400000,-2.800000,37740.322251
1.400000,-2.700000,29185.528513
1.400000,-2.600000,22412.141508
1.400000,-2.500000,17093.988699
1.400000,-2.400000,12946.400945
1.400000,-2.300000,9736.721008
1.400000,-2.200000,7275.428182
1.400000,-2.100000,5402.673316
1.400000,-2.000000,3992.254024
1.400000,-1.900000,2936.738435
1.400000,-1.800000,2155.448229
1.400000,-1.700000,1584.278068
1.400000,-1.600000,1166.579435
1.400000,-1.500000,863.560834
1.400000,-1.400000,644.487963
1.400000,-1.300000,486.331316
1.400000,-1.200000,374.853288
1.400000,-1.100000,294.812601
1.400000,-1.000000,237.017569
1.400000,-0.900000,191.088664
1.400000,-0.800000,161.738024
1.400000,-0.700000,135.817607
1.400000,-0.600000,116.297051
1.400000,-0.500000,101.972266
1.400000,-0.400000,87.797269
1.400000,-0.300000,77.734265
1.400000,-0.200000,66.494820
1.400000,-0.100000,58.492866
1.400000,-0.000000,49.445704
1.400000,0.100000,41.083405
1.400000,0.200000,38.304640
1.400000,0.300000,29.517670
1.400000,0.400000,23.977117
1.400000,0.500000,16.249435
1.400000,0.600000,14.736293
1.400000,0.700000,11.422990
1.400000,0.800000,10.103763
1.400000,0.900000,6.167860
1.400000,1.000000,5.755643
1.400000,1.100000,4.886547
1.400000,1.200000,2.037160
1.400000,1.300000,4.362379
1.400000,1.400000,1.015153
1.400000,1.500000,6.234373
1.400000,1.600000,10.279219
1.400000,1.700000,21.483629
1.400000,1.800000,41.959348
1.400000,1.900000,83.564510
1.400000,2.000000,156.668090
1.400000,2.100000,281.079523
1.400000,2.200000,475.551204
1.400000,2.300000,777.071588
1.400000,2.400000,1225.954891
1.400000,2.500000,1885.495834
1.400000,2.600000,2822.782133
1.400000,2.700000,4131.325588
1.400000,2.800000,5929.201501
1.400000,2.900000,8360.320315
1.400000,3.000000,11605.392771
1.400000,3.100000,15881.108556
1.400000,3.200000,21450.721473
1.400000,3.300000,28624.922622
1.400000,3.400000,37785.084617
1.400000,3.500000,49380.719004
1.400000,3.600000,63929.139769
1.400000,3.700000,82053.544071
1.400000,3.800000,104468.544783
1.400000,3.900000,132009.763247
1.400000,4.000000,165639.463564
1.400000,4.100000,206465.540187
1.400000,4.200000,255758.493081
1.400000,4.300000,314966.878407
1.400000,4.400000,385741.341332
1.400000,4.500000,469948.128534
1.400000,4.600000,569709.079199
1.400000,4.700000,687400.513509
1.400000,4.800000,825703.453406
1.400000,4.900000,987616.684011
1.400000,5.000000,1176492.375114
1.500000,-5.000000,2796976.698367
1.500000,-4.900000,2397092.803169
1.500000,-4.800000,2048254.369921
1.500000,-4.700000,1744770.762213
1.500000,-4.600000,1481479.398953
1.500000,-4.500000,1253723.326611
1.500000,-4.400000,1057309.693090
1.500000,-4.300000,888452.619009
1.500000,-4.200000,743766.545294
1.500000,-4.100000,620217.388015
1.500000,-4.000000,515094.152207
1.500000,-3.900000,425983.084395
1.500000,-3.800000,350744.506288
1.500000,-3.700000,287473.605082
1.500000,-3.600000,234491.874408
1.500000,-3.500000,190330.650237
1.500000,-3.400000,153687.889744
1.500000,-3.300000,123441.351619
1.500000,-3.200000,98596.764444
1.500000,-3.100000,78301.624148
1.500000,-3.000000,61814.553308
1.500000,-2.900000,48502.658978
1.500000,-2.800000,37818.442031
1.500000,-2.700000,29306.279124
1.500000,-2.600000,22567.027818
1.500000,-2.500000,17264.101469
1.500000,-2.400000,13130.281559
1.500000,-2.300000,9929.713637
1.500000,-2.200000,7467.714344
1.500000,-2.100000,5592.163476
1.500000,-2.000000,4177.312421
1.500000,-1.900000,3114.143926
1.500000,-1.800000,2324.871596
1.500000,-1.700000,1740.773140
1.500000,-1.600000,1310.456477
1.500000,-1.500000,996.238228
1.500000,-1.400000,769.910149
1.500000,-1.300000,604.142116
1.500000,-1.200000,482.116605
1.500000,-1.100000,391.511989
1.500000,-1.000000,324.308298
1.500000,-0.900000,270.319413
1.500000,-0.800000,233.225647
1.500000,-0.700000,201.510986
1.500000,-0.600000,174.128737
1.500000,-0.500000,155.041637
1.500000,-0.400000,134.901459
1.500000,-0.300000,120.213757
1.500000,-0.200000,105.201219
1.500000,-0.100000,93.395457
1.500000,-0.000000,79.945175
1.500000,0.100000,71.484659
1.500000,0.200000,58.557462
1.500000,0.300000,50.867198
1.500000,0.400000,41.899626
1.500000,0.500000,31.411694
1.500000,0.600000,26.606682
1.500000,0.700000,21.246879
1.500000,0.800000,17.932582
1.500000,0.900000,11.931193
1.500000,1.000000,7.250692
1.500000,1.100000,7.548140
1.500000,1.200000,5.909191
1.500000,1.300000,8.496611
1.500000,1.400000,6.234373
1.500000,1.500000,3.196986
1.500000,1.600000,8.705552
1.500000,1.700000,18.124629
1.500000,1.800000,37.253760
1.500000,1.900000,73.568109
1.500000,2.000000,141.250246
1.500000,2.100000,254.184313
1.500000,2.200000,436.053296
1.500000,2.300000,720.732883
1.500000,2.400000,1147.828699
1.500000,2.500000,1774.477459
1.500000,2.600000,2670.537027
1.500000,2.700000,3930.084799
1.500000,2.800000,5666.087137
1.500000,2.900000,8023.178879
1.500000,3.000000,11172.299407
1.500000,3.100000,15335.749663
1.500000,3.200000,20767.609567
1.500000,3.300000,27778.484856
1.500000,3.400000,36746.462957
1.500000,3.500000,48111.270321
1.500000,3.600000,62394.870783
1.500000,3.700000,80208.945929
1.500000,3.800000,102261.592529
1.500000,3.900000,129387.370433
1.500000,4.000000,162539.794408
1.500000,4.100000,202819.422377
1.500000,4.200000,251489.959632
1.500000,4.300000,309986.365126
1.500000,4.400000,379960.613795
1.500000,4.500000,463262.975394
1.500000,4.600000,562004.684144
1.500000,4.700000,678555.592337
1.500000,4.800000,815580.435345
1.500000,4.900000,976066.011400
1.500000,5.000000,1163359.083394
1.600000,-5.000000,2785336.522833
1.600000,-4.900000,2386967.956920
1.600000,-4.800000,2039485.837106
1.600000,-4.700000,1737211.367879
1.600000,-4.600000,1474999.155865
1.600000,-4.500000,1248204.934750
1.600000,-4.400000,1052634.934582
1.600000,-4.300000,884523.610475
1.600000,-4.200000,740493.218099
1.600000,-4.100000,617514.352600
1.600000,-4.000000,512890.109973
1.600000,-3.900000,424210.638754
1.600000,-3.800000,349342.398066
1.600000,-3.700000,286387.707596
1.600000,-3.600000,233676.352003
1.600000,-3.500000,189745.737658
1.600000,-3.400000,153293.460807
1.600000,-3.300000,123205.291123
1.600000,-3.200000,98485.557244
1.600000,-3.100000,78293.809219
1.600000,-3.000000,61890.674987
1.600000,-2.900000,48646.603736
1.600000,-2.800000,38010.086549
1.600000,-2.700000,29534.520970
1.600000,-2.600000,22814.108938
1.600000,-2.500000,17530.275283
1.600000,-2.400000,13402.976102
1.600000,-2.300000,10201.275650
1.600000,-2.200000,7738.997415
1.600000,-2.100000,5855.041560
1.600000,-2.000000,4428.365344
1.600000,-1.900000,3357.737999
1.600000,-1.800000,2553.116545
1.600000,-1.700000,1955.701163
1.600000,-1.600000,1514.369044
1.600000,-1.500000,1185.905685
1.600000,-1.400000,943.824345
1.600000,-1.300000,761.719822
1.600000,-1.200000,628.355453
1.600000,-1.100000,527.609666
1.600000,-1.000000,450.159133
1.600000,-0.900000,388.887399
1.600000,-0.800000,339.170217
1.600000,-0.700000,295.837275
1.600000,-0.600000,261.498586
1.600000,-0.500000,235.186329
1.600000,-0.400000,211.319626
1.600000,-0.300000,188.209659
1.600000,-0.200000,165.199083
1.600000,-0.100000,149.856076
1.600000,-0.000000,129.584033
1.600000,0.100000,115.442683
1.600000,0.200000,99.637632
1.600000,0.300000,85.723879
1.600000,0.400000,70.062312
1.600000,0.500000,58.617221
1.600000,0.600000,48.937501
1.600000,0.700000,40.274474
1.600000,0.800000,34.406252
1.600000,0.900000,23.847289
1.600000,1.000000,20.354072
1.600000,1.100000,17.297811
1.600000,1.200000,15.863095
1.600000,1.300000,13.433670
1.600000,1.400000,10.279219
1.600000,1.500000,8.705552
1.600000,1.600000,13.185308
1.600000,1.700000,20.885360
1.600000,1.800000,34.497148
1.600000,1.900000,69.643161
1.600000,2.000000,128.099112
1.600000,2.100000,233.776713
1.600000,2.200000,403.570133
1.600000,2.300000,670.807630
1.600000,2.400000,1076.495125
1.600000,2.500000,1673.292933
1.600000,2.600000,2531.065939
1.600000,2.700000,3744.829870
1.600000,2.800000,5418.769870
1.600000,2.900000,7700.922600
1.600000,3.000000,10760.895434
1.600000,3.100000,14810.973185
1.600000,3.200000,20110.263847
1.600000,3.300000,26963.867913
1.600000,3.400000,35742.528652
1.600000,3.500000,46883.631239
1.600000,3.600000,60905.651122
1.600000,3.700000,78415.198032
1.600000,3.800000,100113.469236
1.600000,3.900000,126830.828945
1.600000,4.000000,159510.300001
1.600000,4.100000,199252.238129
1.600000,4.200000,247305.622321
1.600000,4.300000,305105.245624
1.600000,4.400000,374283.674972
1.600000,4.500000,456693.816734
1.600000,4.600000,554431.028740
1.600000,4.700000,669848.480529
1.600000,4.800000,805609.883591
1.600000,4.900000,964687.495581
1.600000,5.000000,1150407.637841
1.700000,-5.000000,2774120.387742
1.700000,-4.900000,2377246.958095
1.700000,-4.800000,2031102.644755
1.700000,-4.700000,1730020.168516
1.700000,-4.600000,1468867.968300
1.700000,-4.500000,1243012.916450
1.700000,-4.400000,1048273.274275
1.700000,-4.300000,880891.320760
1.700000,-4.200000,737500.038553
1.700000,-4.100000,615081.374864
1.700000,-4.000000,510942.538911
1.700000,-3.900000,422678.494588
1.700000,-3.800000,348168.112619
1.700000,-3.700000,285520.985993
1.700000,-3.600000,233068.549353
1.700000,-3.500000,189350.816418
1.700000,-3.400000,153081.673959
1.700000,-3.300000,123137.337877
1.700000,-3.200000,98544.089431
1.700000,-3.100000,78446.215623
1.700000,-3.000000,62117.957694
1.700000,-2.900000,48925.960315
1.700000,-2.800000,38334.480528
1.700000,-2.700000,29885.514742
1.700000,-2.600000,23184.158429
1.700000,-2.500000,17909.127076
1.700000,-2.400000,13781.148362
1.700000,-2.300000,10574.812292
1.700000,-2.200000,8105.607678
1.700000,-2.100000,6209.987523
1.700000,-2.000000,4770.492958
1.700000,-1.900000,3680.133956
1.700000,-1.800000,2857.420736
1.700000,-1.700000,2244.931022
1.700000,-1.600000,1782.068935
1.700000,-1.500000,1436.886611
1.700000,-1.400000,1177.785381
1.700000,-1.300000,982.709227
1.700000,-1.200000,833.104049
1.700000,-1.100000,719.016322
1.700000,-1.000000,624.487720
1.700000,-0.900000,548.779149
1.700000,-0.800000,489.630922
1.700000,-0.700000,434.768348
1.700000,-0.600000,388.722925
1.700000,-0.500000,351.342303
1.700000,-0.400000,317.507637
1.700000,-0.300000,286.398740
1.700000,-0.200000,254.705530
1.700000,-0.100000,232.396405
1.700000,-0.000000,203.316191
1.700000,0.100000,181.907888
1.700000,0.200000,159.943608
1.700000,0.300000,139.091889
1.700000,0.400000,118.816784
1.700000,0.500000,101.618500
1.700000,0.600000,87.587668
1.700000,0.700000,74.249161
1.700000,0.800000,61.667353
1.700000,0.900000,49.971402
1.700000,1.000000,40.177284
1.700000,1.100000,34.000216
1.700000,1.200000,29.499706
1.700000,1.300000,26.207131
1.700000,1.400000,21.483629
1.700000,1.500000,18.124629
1.700000,1.600000,20.885360
1.700000,1.700000,27.177557
1.700000,1.800000,35.943177
1.700000,1.900000,67.707197
1.700000,2.000000,122.373136
1.700000,2.100000,214.962325
1.700000,2.200000,375.455267
1.700000,2.300000,629.468917
1.700000,2.400000,1009.327318
1.700000,2.500000,1579.574160
1.700000,2.600000,2402.424527
1.700000,2.700000,3568.346435
1.700000,2.800000,5186.719872
1.700000,2.900000,7394.104388
1.700000,3.000000,10368.033400
1.700000,3.100000,14310.568022
1.700000,3.200000,19480.589447
1.700000,3.300000,26175.542230
1.700000,3.400000,34770.510974
1.700000,3.500000,45694.924467
1.700000,3.600000,59458.390023
1.700000,3.700000,76668.769603
1.700000,3.800000,98020.017714
1.700000,3.900000,124333.195460
1.700000,4.000000,156550.350449
1.700000,4.100000,195761.303768
1.700000,4.200000,243210.032001
1.700000,4.300000,300320.184250
1.700000,4.400000,368718.051993
1.700000,4.500000,450243.764164
1.700000,4.600000,546983.656774
1.700000,4.700000,661284.320094
1.700000,4.800000,795793.681390
1.700000,4.900000,953474.046416
1.700000,5.000000,1137636.052961
1.800000,-5.000000,2763386.378894
1.800000,-4.900000,2367985.572566
1.800000,-4.800000,2023154.270477
1.800000,-4.700000,1723246.153368
1.800000,-4.600000,1463133.594346
1.800000,-4.500000,1238197.727325
1.800000,-4.400000,1044268.178212
1.800000,-4.300000,877599.359288
1.800000,-4.200000,734832.405851
1.800000,-4.100000,612955.095409
1.800000,-4.000000,509283.530468
1.800000,-3.900000,421425.374452
1.800000,-3.800000,347259.533822
1.800000,-3.700000,284905.695384
1.800000,-3.600000,232699.259286
1.800000,-3.500000,189186.230327
1.800000,-3.400000,153085.181289
1.800000,-3.300000,123280.047565
1.800000,-3.200000,98795.563765
1.800000,-3.100000,78784.848931
1.800000,-3.000000,62521.995338
1.800000,-2.900000,49376.846931
1.800000,-2.800000,38817.360481
1.800000,-2.700000,30388.539456
1.800000,-2.600000,23698.377651
1.800000,-2.500000,18424.163628
1.800000,-2.400000,14293.589408
1.800000,-2.300000,11078.201848
1.800000,-2.200000,8589.285817
1.800000,-2.100000,6674.798822
1.800000,-2.000000,5217.631270
1.800000,-1.900000,4108.042864
1.800000,-1.800000,3264.312306
1.800000,-1.700000,2626.048312
1.800000,-1.600000,2142.487493
1.800000,-1.500000,1775.538504
1.800000,-1.400000,1496.669376
1.800000,-1.300000,1276.693702
1.800000,-1.200000,1108.664372
1.800000,-1.100000,974.239665
1.800000,-1.000000,864.242911
1.800000,-0.900000,771.494645
1.800000,-0.800000,695.775580
1.800000,-0.700000,628.171943
1.800000,-0.600000,571.068902
1.800000,-0.500000,520.536900
1.800000,-0.400000,470.555955
1.800000,-0.300000,429.692062
1.800000,-0.200000,390.014780
1.800000,-0.100000,352.321511
1.800000,-0.000000,315.431937
1.800000,0.100000,281.510320
1.800000,0.200000,253.351235
1.800000,0.300000,223.577250
1.800000,0.400000,194.399208
1.800000,0.500000,169.682377
1.800000,0.600000,143.553522
1.800000,0.700000,126.136664
1.800000,0.800000,108.478228
1.800000,0.900000,91.673358
1.800000,1.000000,75.788757
1.800000,1.100000,66.529585
1.800000,1.200000,56.224391
1.800000,1.300000,49.264548
1.800000,1.400000,41.959348
1.800000,1.500000,37.253760
1.800000,1.600000,34.497148
1.800000,1.700000,35.943177
1.800000,1.800000,44.091528
1.800000,1.900000,71.646864
1.800000,2.000000,119.084934
1.800000,2.100000,206.033546
1.800000,2.200000,353.332026
1.800000,2.300000,588.196883
1.800000,2.400000,950.067811
1.800000,2.500000,1493.429901
1.800000,2.600000,2280.888937
1.800000,2.700000,3401.735259
1.800000,2.800000,4963.193773
1.800000,2.900000,7102.246946
1.800000,3.000000,9990.242818
1.800000,3.100000,13829.877541
1.800000,3.200000,18870.923635
1.800000,3.300000,25415.277769
1.800000,3.400000,33830.323612
1.800000,3.500000,44539.163911
1.800000,3.600000,58053.995280
1.800000,3.700000,74968.870567
1.800000,3.800000,95975.423279
1.800000,3.900000,121895.050288
1.800000,4.000000,153658.212320
1.800000,4.100000,192343.344660
1.800000,4.200000,239192.482210
1.800000,4.300000,295622.061737
1.800000,4.400000,363250.896888
1.800000,4.500000,443903.447139
1.800000,4.600000,539661.280610
1.800000,4.700000,652855.850110
1.800000,4.800000,786127.779380
1.800000,4.900000,942422.159939
1.800000,5.000000,1125044.608735
1.900000,-5.000000,2753198.402331
1.900000,-4.900000,2359242.513488
1.900000,-4.800000,2015703.625531
1.900000,-4.700000,1716943.802967
1.900000,-4.600000,1457851.313526
1.900000,-4.500000,1233814.258176
1.900000,-4.400000,1040682.970267
1.900000,-4.300000,874706.345397
1.900000,-4.200000,732544.846687
1.900000,-4.100000,611193.145414
1.900000,-4.000000,507973.664841
1.900000,-3.900000,420505.475680
1.900000,-3.800000,346669.602739
1.900000,-3.700000,284593.807453
1.900000,-3.600000,232621.396797
1.900000,-3.500000,189301.985796
1.900000,-3.400000,153358.174370
1.900000,-3.300000,123678.779608
1.900000,-3.200000,99291.605462
1.900000,-3.100000,79357.193353
1.900000,-3.000000,63149.982018
1.900000,-2.900000,50043.945300
1.900000,-2.800000,39506.531911
1.900000,-2.700000,31090.868678
1.900000,-2.600000,24400.074786
1.900000,-2.500000,19120.428522
1.900000,-2.400000,14974.254760
1.900000,-2.300000,11742.424860
1.900000,-2.200000,9234.828855
1.900000,-2.100000,7295.473297
1.900000,-2.000000,5810.854957
1.900000,-1.900000,4672.020035
1.900000,-1.800000,3800.172853
1.900000,-1.700000,3134.989395
1.900000,-1.600000,2623.665758
1.900000,-1.500000,2229.453556
1.900000,-1.400000,1924.560042
1.900000,-1.300000,1682.012886
1.900000,-1.200000,1488.712197
1.900000,-1.100000,1330.831549
1.900000,-1.000000,1200.544719
1.900000,-0.900000,1086.407582
1.900000,-0.800000,991.347795
1.900000,-0.700000,902.842122
1.900000,-0.600000,827.004643
1.900000,-0.500000,759.488741
1.900000,-0.400000,696.936248
1.900000,-0.300000,640.263157
1.900000,-0.200000,582.662212
1.900000,-0.100000,531.721014
1.900000,-0.000000,485.048933
1.900000,0.100000,436.801158
1.900000,0.200000,394.674226
1.900000,0.300000,354.061345
1.900000,0.400000,313.080913
1.900000,0.500000,277.620084
1.900000,0.600000,245.049203
1.900000,0.700000,215.449170
1.900000,0.800000,189.188793
1.900000,0.900000,162.131867
1.900000,1.000000,143.098791
1.900000,1.100000,127.379002
1.900000,1.200000,111.410055
1.900000,1.300000,97.644294
1.900000,1.400000,83.564510
1.900000,1.500000,73.568109
1.900000,1.600000,69.643161
1.900000,1.700000,67.707197
1.900000,1.800000,71.646864
1.900000,1.900000,91.961715
1.900000,2.000000,132.815561
1.900000,2.100000,211.306635
1.900000,2.200000,344.311640
1.900000,2.300000,566.534923
1.900000,2.400000,908.462461
1.900000,2.500000,1423.668793
1.900000,2.600000,2177.903708
1.900000,2.700000,3254.419955
1.900000,2.800000,4762.088221
1.900000,2.900000,6832.705436
1.900000,3.000000,9635.520330
1.900000,3.100000,13372.424135
1.900000,3.200000,18291.116519
1.900000,3.300000,24689.266559
1.900000,3.400000,32924.851862
1.900000,3.500000,43426.633481
1.900000,3.600000,56692.579912
1.900000,3.700000,73320.586272
1.900000,3.800000,93991.561198
1.900000,3.900000,119521.288115
1.900000,4.000000,150835.774892
1.900000,4.100000,189004.480329
1.900000,4.200000,235266.165377
1.900000,4.300000,291023.523703
1.900000,4.400000,357886.096086
1.900000,4.500000,437676.614141
1.900000,4.600000,532462.192832
1.900000,4.700000,644564.341504
1.900000,4.800000,776611.564910
1.900000,4.900000,931538.174618
1.900000,5.000000,1112630.580377
2.000000,-5.000000,2743625.529205
2.000000,-4.900000,2351092.802031
2.000000,-4.800000,2008822.189900
2.000000,-4.700000,1711187.953757
2.000000,-4.600000,1453093.766771
2.000000,-4.500000,1229935.458272
2.000000,-4.400000,1037572.408309
2.000000,-4.300000,872275.344930
2.000000,-4.200000,730700.002948
2.000000,-4.100000,609853.940906
2.000000,-4.000000,507072.693958
2.000000,-3.900000,419974.307825
2.000000,-3.800000,346455.102247
2.000000,-3.700000,284641.785637
2.000000,-3.600000,232887.311905
2.000000,-3.500000,189748.766287
2.000000,-3.400000,153948.230786
2.000000,-3.300000,124382.082031
2.000000,-3.200000,100081.772082
2.000000,-3.100000,80211.374906
2.000000,-3.000000,64046.301322
2.000000,-2.900000,50968.426330
2.000000,-2.800000,40444.416520
2.000000,-2.700000,32031.954865
2.000000,-2.600000,25335.452471
2.000000,-2.500000,20039.471912
2.000000,-2.400000,15869.992412
2.000000,-2.300000,12610.215637
2.000000,-2.200000,10071.791625
2.000000,-2.100000,8103.549872
2.000000,-2.000000,6582.808822
2.000000,-1.900000,5411.248100
2.000000,-1.800000,4506.293541
2.000000,-1.700000,3804.516357
2.000000,-1.600000,3259.100312
2.000000,-1.500000,2831.218956
2.000000,-1.400000,2492.815345
2.000000,-1.300000,2219.877158
2.000000,-1.200000,1997.746256
2.000000,-1.100000,1810.481463
2.000000,-1.000000,1651.316185
2.000000,-0.900000,1512.079305
2.000000,-0.800000,1391.405516
2.000000,-0.700000,1282.459165
2.000000,-0.600000,1182.840158
2.000000,-0.500000,1095.092420
2.000000,-0.400000,1011.223961
2.000000,-0.300000,934.819919
2.000000,-0.200000,858.996806
2.000000,-0.100000,791.374179
2.000000,-0.000000,723.445377
2.000000,0.100000,661.646365
2.000000,0.200000,602.756606
2.000000,0.300000,544.567820
2.000000,0.400000,492.016060
2.000000,0.500000,441.151383
2.000000,0.600000,394.492792
2.000000,0.700000,355.335848
2.000000,0.800000,316.110258
2.000000,0.900000,279.648197
2.000000,1.000000,248.159805
2.000000,1.100000,219.724868
2.000000,1.200000,195.272028
2.000000,1.300000,178.547359
2.000000,1.400000,156.668090
2.000000,1.500000,141.250246
2.000000,1.600000,128.099112
2.000000,1.700000,122.373136
2.000000,1.800000,119.084934
2.000000,1.900000,132.815561
2.000000,2.000000,163.072179
2.000000,2.100000,233.423948
2.000000,2.200000,355.736170
2.000000,2.300000,560.527926
2.000000,2.400000,879.692354
2.000000,2.500000,1368.217693
2.000000,2.600000,2089.818085
2.000000,2.700000,3123.923996
2.000000,2.800000,4579.035432
2.000000,2.900000,6587.046235
2.000000,3.000000,9306.763090
2.000000,3.100000,12941.852448
2.000000,3.200000,17741.612217
2.000000,3.300000,23992.231077
2.000000,3.400000,32056.477154
2.000000,3.500000,42350.174162
2.000000,3.600000,55376.160263
2.000000,3.700000,71718.433398
2.000000,3.800000,92060.173039
2.000000,3.900000,117207.072401
2.000000,4.000000,148075.672445
2.000000,4.100000,185740.855086
2.000000,4.200000,231418.385871
2.000000,4.300000,286516.289372
2.000000,4.400000,352624.916963
2.000000,4.500000,431562.056958
2.000000,4.600000,525386.318826
2.000000,4.700000,636407.711115
2.000000,4.800000,767242.329630
2.000000,4.900000,920811.117757
2.000000,5.000000,1100390.739225
2.100000,-5.000000,2734761.716718
2.100000,-4.900000,2343623.950131
2.100000,-4.800000,2002593.810859
2.100000,-4.700000,1706060.973011
2.100000,-4.600000,1448940.077362
2.100000,-4.500000,1226640.446342
2.100000,-4.400000,1035028.065733
2.100000,-4.300000,870382.747368
2.100000,-4.200000,729372.432570
2.100000,-4.100000,609015.605775
2.100000,-4.000000,506650.196003
2.100000,-3.900000,419908.128059
2.100000,-3.800000,346683.964770
2.100000,-3.700000,285119.896821
2.100000,-3.600000,233570.142578
2.100000,-3.500000,190591.105656
2.100000,-3.400000,154921.748341
2.100000,-3.300000,125456.686572
2.100000,-3.200000,101228.093001
2.100000,-3.100000,81407.638916
2.100000,-3.000000,65275.598988
2.100000,-2.900000,52213.779455
2.100000,-2.800000,41694.862342
2.100000,-2.700000,33267.700764
2.100000,-2.600000,26554.565064
2.100000,-2.500000,21230.315381
2.100000,-2.400000,17033.596691
2.100000,-2.300000,13739.052710
2.100000,-2.200000,11162.029965
2.100000,-2.100000,9152.194639
2.100000,-2.000000,7587.614271
2.100000,-1.900000,6372.507358
2.100000,-1.800000,5422.016594
2.100000,-1.700000,4680.561127
2.100000,-1.600000,4094.392871
2.100000,-1.500000,3625.039779
2.100000,-1.400000,3249.029504
2.100000,-1.300000,2936.126998
2.100000,-1.200000,2676.403457
2.100000,-1.100000,2456.882229
2.100000,-1.000000,2261.325892
2.100000,-0.900000,2090.530912
2.100000,-0.800000,1942.862257
2.100000,-0.700000,1802.391225
2.100000,-0.600000,1677.288020
2.100000,-0.500000,1558.907788
2.100000,-0.400000,1451.381343
2.100000,-0.300000,1349.035186
2.100000,-0.200000,1250.713988
2.100000,-0.100000,1158.391939
2.100000,-0.000000,1070.590474
2.100000,0.100000,986.559511
2.100000,0.200000,908.188073
2.100000,0.300000,829.630889
2.100000,0.400000,754.963036
2.100000,0.500000,690.372470
2.100000,0.600000,624.054400
2.100000,0.700000,566.410049
2.100000,0.800000,512.256832
2.100000,0.900000,462.366467
2.100000,1.000000,416.280347
2.100000,1.100000,378.452003
2.100000,1.200000,339.123050
2.100000,1.300000,309.962968
2.100000,1.400000,281.079523
2.100000,1.500000,254.184313
2.100000,1.600000,233.776713
2.100000,1.700000,214.962325
2.100000,1.800000,206.033546
2.100000,1.900000,211.306635
2.100000,2.000000,233.423948
2.100000,2.100000,287.103630
2.100000,2.200000,396.849055
2.100000,2.300000,584.754618
2.100000,2.400000,886.489303
2.100000,2.500000,1348.225608
2.100000,2.600000,2033.434739
2.100000,2.700000,3026.285169
2.100000,2.800000,4428.038299
2.100000,2.900000,6369.202406
2.100000,3.000000,9009.312275
2.100000,3.100000,12547.868521
2.100000,3.200000,17227.343313
2.100000,3.300000,23336.358579
2.100000,3.400000,31229.627062
2.100000,3.500000,41323.587072
2.100000,3.600000,54109.301930
2.100000,3.700000,70170.890635
2.100000,3.800000,90187.953851
2.100000,3.900000,114957.418627
2.100000,4.000000,145392.288310
2.100000,4.100000,182554.690963
2.100000,4.200000,227657.050727
2.100000,4.300000,282100.458681
2.100000,4.400000,347465.876530
2.100000,4.500000,425562.775944
2.100000,4.600000,518435.364160
2.100000,4.700000,628388.492737
2.100000,4.800000,758020.967367
2.100000,4.900000,910246.861810
2.100000,5.000000,1088329.267181
2.200000,-5.000000,2726711.196151
2.200000,-4.900000,2336938.444118
2.200000,-4.800000,1997126.796710
2.200000,-4.700000,1701670.001468
2.200000,-4.600000,1445496.009984
2.200000,-4.500000,1224025.754186
2.200000,-4.400000,1033139.202850
2.200000,-4.300000,869125.130110
2.200000,-4.200000,728661.979656
2.200000,-4.100000,608772.643205
2.200000,-4.000000,506802.384779
2.200000,-3.900000,420394.526298
2.200000,-3.800000,347450.562908
2.200000,-3.700000,286114.586624
2.200000,-3.600000,234747.381838
2.200000,-3.500000,191920.387655
2.200000,-3.400000,156362.906453
2.200000,-3.300000,126979.601112
2.200000,-3.200000,102810.652949
2.200000,-3.100000,83028.566931
2.200000,-3.000000,66915.217795
2.200000,-2.900000,53853.120286
2.200000,-2.800000,43322.382295
2.200000,-2.700000,34875.092198
2.200000,-2.600000,28128.879124
2.200000,-2.500000,22770.248326
2.200000,-2.400000,18532.512432
2.200000,-2.300000,15189.606701
2.200000,-2.200000,12561.990065
2.200000,-2.100000,10499.674495
2.200000,-2.000000,8884.123433
2.200000,-1.900000,7615.540023
2.200000,-1.800000,6615.754315
2.200000,-1.700000,5820.175428
2.200000,-1.600000,5183.851612
2.200000,-1.500000,4663.987268
2.200000,-1.400000,4239.839916
2.200000,-1.300000,3881.898287
2.200000,-1.200000,3578.146494
2.200000,-1.100000,3316.018475
2.200000,-1.000000,3082.356467
2.200000,-0.900000,2873.676874
2.200000,-0.800000,2685.558830
2.200000,-0.700000,2507.841238
2.200000,-0.600000,2347.503552
2.200000,-0.500000,2196.455940
2.200000,-0.400000,2057.296437
2.200000,-0.300000,1922.180868
2.200000,-0.200000,1796.459590
2.200000,-0.100000,1676.215350
2.200000,-0.000000,1555.923689
2.200000,0.100000,1447.313741
2.200000,0.200000,1341.182309
2.200000,0.300000,1237.658978
2.200000,0.400000,1140.015538
2.200000,0.500000,1048.841978
2.200000,0.600000,962.164300
2.200000,0.700000,882.576126
2.200000,0.800000,807.277870
2.200000,0.900000,737.864090
2.200000,1.000000,672.475970
2.200000,1.100000,617.797354
2.200000,1.200000,564.053330
2.200000,1.300000,519.906440
2.200000,1.400000,475.551204
2.200000,1.500000,436.053296
2.200000,1.600000,403.570133
2.200000,1.700000,375.455267
2.200000,1.800000,353.332026
2.200000,1.900000,344.311640
2.200000,2.000000,355.736170
2.200000,2.100000,396.849055
2.200000,2.200000,489.489600
2.200000,2.300000,659.171038
2.200000,2.400000,933.966756
2.200000,2.500000,1372.221868
2.200000,2.600000,2022.413771
2.200000,2.700000,2971.485768
2.200000,2.800000,4321.474720
2.200000,2.900000,6195.540101
2.200000,3.000000,8757.049155
2.200000,3.100000,12198.803048
2.200000,3.200000,16759.353395
2.200000,3.300000,22727.768437
2.200000,3.400000,30453.935400
2.200000,3.500000,40349.011903
2.200000,3.600000,52901.199024
2.200000,3.700000,68688.217245
2.200000,3.800000,88386.278264
2.200000,3.900000,112780.705426
2.200000,4.000000,142787.468560
2.200000,4.100000,179452.212484
2.200000,4.200000,223991.244416
2.200000,4.300000,277785.266204
2.200000,4.400000,342419.150950
2.200000,4.500000,419680.807183
2.200000,4.600000,511614.702131
2.200000,4.700000,620510.023610
2.200000,4.800000,748953.459165
2.200000,4.900000,899847.452581
2.200000,5.000000,1076445.194001
2.300000,-5.000000,2719601.678408
2.300000,-4.900000,2331164.651025
2.300000,-4.800000,1992538.836256
2.300000,-4.700000,1698128.604419
2.300000,-4.600000,1442871.847603
2.300000,-4.500000,1222210.335125
2.300000,-4.400000,1032026.684902
2.300000,-4.300000,868617.075862
2.300000,-4.200000,728676.920875
2.300000,-4.100000,609229.745304
2.300000,-4.000000,507636.028612
2.300000,-3.900000,421543.151462
2.300000,-3.800000,348856.379333
2.300000,-3.700000,287730.322120
2.300000,-3.600000,236528.134927
2.300000,-3.500000,193827.539693
2.300000,-3.400000,158366.043027
2.300000,-3.300000,129052.142980
2.300000,-3.200000,104923.965859
2.300000,-3.100000,85160.001328
2.300000,-3.000000,69046.606343
2.300000,-2.900000,55976.088719
2.300000,-2.800000,45417.822060
2.300000,-2.700000,36937.787119
2.300000,-2.600000,30147.109748
2.300000,-2.500000,24736.969137
2.300000,-2.400000,20443.599629
2.300000,-2.300000,17039.106110
2.300000,-2.200000,14352.554535
2.300000,-2.100000,12229.334954
2.300000,-2.000000,10549.967324
2.300000,-1.900000,9216.908566
2.300000,-1.800000,8154.082914
2.300000,-1.700000,7296.184154
2.300000,-1.600000,6598.186680
2.300000,-1.500000,6019.882355
2.300000,-1.400000,5540.680329
2.300000,-1.300000,5126.983622
2.300000,-1.200000,4770.994967
2.300000,-1.100000,4454.056691
2.300000,-1.000000,4170.760306
2.300000,-0.900000,3911.244198
2.300000,-0.800000,3680.633693
2.300000,-0.700000,3459.748183
2.300000,-0.600000,3255.742330
2.300000,-0.500000,3063.381552
2.300000,-0.400000,2882.894900
2.300000,-0.300000,2709.568225
2.300000,-0.200000,2544.132624
2.300000,-0.100000,2389.010918
2.300000,-0.000000,2236.522810
2.300000,0.100000,2090.541763
2.300000,0.200000,1953.709305
2.300000,0.300000,1817.769046
2.300000,0.400000,1687.055706
2.300000,0.500000,1566.797557
2.300000,0.600000,1451.141932
2.300000,0.700000,1344.336083
2.300000,0.800000,1241.785261
2.300000,0.900000,1146.828192
2.300000,1.000000,1058.755546
2.300000,1.100000,980.284201
2.300000,1.200000,907.817579
2.300000,1.300000,841.494870
2.300000,1.400000,777.071588
2.300000,1.500000,720.732883
2.300000,1.600000,670.807630
2.300000,1.700000,629.468917
2.300000,1.800000,588.196883
2.300000,1.900000,566.534923
2.300000,2.000000,560.527926
2.300000,2.100000,584.754618
2.300000,2.200000,659.171038
2.300000,2.300000,810.041310
2.300000,2.400000,1057.934492
2.300000,2.500000,1463.360971
2.300000,2.600000,2079.100957
2.300000,2.700000,2983.773830
2.300000,2.800000,4277.051020
2.300000,2.900000,6087.891281
2.300000,3.000000,8568.750954
2.300000,3.100000,11913.276605
2.300000,3.200000,16357.992315
2.300000,3.300000,22188.623912
2.300000,3.400000,29747.821019
2.300000,3.500000,39446.174430
2.300000,3.600000,51767.091845
2.300000,3.700000,67282.725373
2.300000,3.800000,86662.253393
2.300000,3.900000,110688.555880
2.300000,4.000000,140271.540765
2.300000,4.100000,176449.792227
2.300000,4.200000,220427.273156
2.300000,4.300000,273584.355166
2.300000,4.400000,337486.963104
2.300000,4.500000,413927.271273
2.300000,4.600000,504929.891251
2.300000,4.700000,612776.660620
2.300000,4.800000,740043.266910
2.300000,4.900000,889621.931324
2.300000,5.000000,1064748.802996
2.400000,-5.000000,2713574.301585
2.400000,-4.900000,2326442.342802
2.400000,-4.800000,1988969.198168
2.400000,-4.700000,1695576.879271
2.400000,-4.600000,1441213.910557
2.400000,-4.500000,1221326.679227
2.400000,-4.400000,1031817.024807
2.400000,-4.300000,868987.628712
2.400000,-4.200000,729540.306124
2.400000,-4.100000,610515.021978
2.400000,-4.000000,509274.681424
2.400000,-3.900000,423470.103961
2.400000,-3.800000,351017.251603
2.400000,-3.700000,290080.074744
2.400000,-3.600000,239025.749596
2.400000,-3.500000,196433.129491
2.400000,-3.400000,161047.892432
2.400000,-3.300000,131777.866579
2.400000,-3.200000,107671.955568
2.400000,-3.100000,87912.242021
2.400000,-3.000000,71786.728463
2.400000,-2.900000,58683.330303
2.400000,-2.800000,48086.592009
2.400000,-2.700000,39552.180575
2.400000,-2.600000,32704.442113
2.400000,-2.500000,27226.791371
2.400000,-2.400000,22862.119217
2.400000,-2.300000,19388.183374
2.400000,-2.200000,16625.344826
2.400000,-2.100000,14423.394203
2.400000,-2.000000,12668.426934
2.400000,-1.900000,11259.771367
2.400000,-1.800000,10120.343001
2.400000,-1.700000,9187.564326
2.400000,-1.600000,8421.453073
2.400000,-1.500000,7771.773978
2.400000,-1.400000,7219.923818
2.400000,-1.300000,6741.017748
2.400000,-1.200000,6320.925221
2.400000,-1.100000,5942.439148
2.400000,-1.000000,5599.282915
2.400000,-0.900000,5282.878234
2.400000,-0.800000,4992.634790
2.400000,-0.700000,4720.663639
2.400000,-0.600000,4462.098429
2.400000,-0.500000,4219.026936
2.400000,-0.400000,3989.596688
2.400000,-0.300000,3769.420611
2.400000,-0.200000,3557.909824
2.400000,-0.100000,3355.450320
2.400000,-0.000000,3160.665938
2.400000,0.100000,2972.011126
2.400000,0.200000,2794.076191
2.400000,0.300000,2617.456448
2.400000,0.400000,2451.166035
2.400000,0.500000,2293.043061
2.400000,0.600000,2139.225964
2.400000,0.700000,1996.388047
2.400000,0.800000,1862.823109
2.400000,0.900000,1734.867064
2.400000,1.000000,1615.773672
2.400000,1.100000,1508.538728
2.400000,1.200000,1407.441738
2.400000,1.300000,1313.731298
2.400000,1.400000,1225.954891
2.400000,1.500000,1147.828699
2.400000,1.600000,1076.495125
2.400000,1.700000,1009.327318
2.400000,1.800000,950.067811
2.400000,1.900000,908.462461
2.400000,2.000000,879.692354
2.400000,2.100000,886.489303
2.400000,2.200000,933.966756
2.400000,2.300000,1057.934492
2.400000,2.400000,1278.985739
2.400000,2.500000,1653.631927
2.400000,2.600000,2228.236073
2.400000,2.700000,3087.922346
2.400000,2.800000,4327.665736
2.400000,2.900000,6070.621973
2.400000,3.000000,8469.085552
2.400000,3.100000,11713.341666
2.400000,3.200000,16044.245635
2.400000,3.300000,21734.808332
2.400000,3.400000,29128.662466
2.400000,3.500000,38631.918198
2.400000,3.600000,50722.884596
2.400000,3.700000,65968.938048
2.400000,3.800000,85037.672910
2.400000,3.900000,108700.293575
2.400000,4.000000,137860.939818
2.400000,4.100000,173555.989969
2.400000,4.200000,216978.797386
2.400000,4.300000,269503.161040
2.400000,4.400000,332688.966612
2.400000,4.500000,408313.513718
2.400000,4.600000,498394.890324
2.400000,4.700000,605202.242420
2.400000,4.800000,731303.056833
2.400000,4.900000,879573.722350
2.400000,5.000000,1053243.815450
2.500000,-5.000000,2708813.474100
2.500000,-4.900000,2322951.265027
2.500000,-4.800000,1986596.255122
2.500000,-4.700000,1694186.488699
2.500000,-4.600000,1440683.463127
2.500000,-4.500000,1221545.209067
2.500000,-4.400000,1032679.240269
2.500000,-4.300000,870401.905403
2.500000,-4.200000,731423.644018
2.500000,-4.100000,612788.606296
2.500000,-4.000000,511873.839186
2.500000,-3.900000,426329.531712
2.500000,-3.800000,354092.787092
2.500000,-3.700000,293318.036834
2.500000,-3.600000,242387.699002
2.500000,-3.500000,199879.850138
2.500000,-3.400000,164548.873581
2.500000,-3.300000,135304.251653
2.500000,-3.200000,111203.838450
2.500000,-3.100000,91424.660142
2.500000,-3.000000,75262.284191
2.500000,-2.900000,62112.741902
2.500000,-2.800000,51452.838181
2.500000,-2.700000,42851.255535
2.500000,-2.600000,35924.163987
2.500000,-2.500000,30367.307077
2.500000,-2.400000,25914.622163
2.500000,-2.300000,22352.652241
2.500000,-2.200000,19498.020312
2.500000,-2.100000,17204.886423
2.500000,-2.000000,15359.819431
2.500000,-1.900000,13859.313232
2.500000,-1.800000,12629.430261
2.500000,-1.700000,11612.367417
2.500000,-1.600000,10753.894861
2.500000,-1.500000,10022.689141
2.500000,-1.400000,9392.095527
2.500000,-1.300000,8832.945381
2.500000,-1.200000,8334.787360
2.500000,-1.100000,7881.032900
2.500000,-1.000000,7466.734520
2.500000,-0.900000,7079.092006
2.500000,-0.800000,6725.177667
2.500000,-0.700000,6382.552429
2.500000,-0.600000,6063.139614
2.500000,-0.500000,5760.428668
2.500000,-0.400000,5470.179575
2.500000,-0.300000,5190.936578
2.500000,-0.200000,4924.438921
2.500000,-0.100000,4664.559567
2.500000,-0.000000,4415.750512
2.500000,0.100000,4176.587570
2.500000,0.200000,3945.747811
2.500000,0.300000,3721.755875
2.500000,0.400000,3504.091119
2.500000,0.500000,3300.879906
2.500000,0.600000,3102.261413
2.500000,0.700000,2917.197506
2.500000,0.800000,2737.449618
2.500000,0.900000,2570.696127
2.500000,1.000000,2412.120810
2.500000,1.100000,2269.643887
2.500000,1.200000,2129.769684
2.500000,1.300000,2006.660266
2.500000,1.400000,1885.495834
2.500000,1.500000,1774.477459
2.500000,1.600000,1673.292933
2.500000,1.700000,1579.574160
2.500000,1.800000,1493.429901
2.500000,1.900000,1423.668793
2.500000,2.000000,1368.217693
2.500000,2.100000,1348.225608
2.500000,2.200000,1372.221868
2.500000,2.300000,1463.360971
2.500000,2.400000,1653.631927
2.500000,2.500000,1985.939453
2.500000,2.600000,2521.478006
2.500000,2.700000,3329.733276
2.500000,2.800000,4509.766568
2.500000,2.900000,6181.544982
2.500000,3.000000,8498.795828
2.500000,3.100000,11646.186351
2.500000,3.200000,15858.191698
2.500000,3.300000,21407.161870
2.500000,3.400000,28638.198123
2.500000,3.500000,37943.916654
2.500000,3.600000,49807.079264
2.500000,3.700000,64785.227779
2.500000,3.800000,83540.563621
2.500000,3.900000,106846.069372
2.500000,4.000000,135586.835962
2.500000,4.100000,170804.449435
2.500000,4.200000,213680.126602
2.500000,4.300000,265575.605704
2.500000,4.400000,328048.093650
2.500000,4.500000,402865.370217
2.500000,4.600000,492033.319851
2.500000,4.700000,597811.200893
2.500000,4.800000,722755.513712
2.500000,4.900000,869734.105122
2.500000,5.000000,1041953.339163
2.600000,-5.000000,2705521.696298
2.600000,-4.900000,2320887.985655
2.600000,-4.800000,1985617.980362
2.600000,-4.700000,1694156.932042
2.600000,-4.600000,1441480.479785
2.600000,-4.500000,1223052.978264
2.600000,-4.400000,1034799.688354
2.600000,-4.300000,873041.633220
2.600000,-4.200000,734500.399580
2.600000,-4.100000,616229.631658
2.600000,-4.000000,515608.161941
2.600000,-3.900000,430305.400053
2.600000,-3.800000,358250.844880
2.600000,-3.700000,297613.698033
2.600000,-3.600000,246781.220267
2.600000,-3.500000,204333.912474
2.600000,-3.400000,169030.662084
2.600000,-3.300000,139790.990823
2.600000,-3.200000,115669.420523
2.600000,-3.100000,95851.641163
2.600000,-3.000000,79636.691249
2.600000,-2.900000,66415.466413
2.600000,-2.800000,55674.045403
2.600000,-2.700000,46982.177001
2.600000,-2.600000,39961.427617
2.600000,-2.500000,34299.697543
2.600000,-2.400000,29743.668726
2.600000,-2.300000,26071.886594
2.600000,-2.200000,23110.557130
2.600000,-2.100000,20708.324037
2.600000,-2.000000,18754.249409
2.600000,-1.900000,17145.912596
2.600000,-1.800000,15811.737256
2.600000,-1.700000,14690.214381
2.600000,-1.600000,13729.629552
2.600000,-1.500000,12898.464324
2.600000,-1.400000,12170.647363
2.600000,-1.300000,11516.361129
2.600000,-1.200000,10926.671371
2.600000,-1.100000,10388.436558
2.600000,-1.000000,9885.951107
2.600000,-0.900000,9417.353074
2.600000,-0.800000,8977.250939
2.600000,-0.700000,8558.441054
2.600000,-0.600000,8163.212902
2.600000,-0.500000,7784.654761
2.600000,-0.400000,7420.728495
2.600000,-0.300000,7073.286526
2.600000,-0.200000,6736.049339
2.600000,-0.100000,6410.400450
2.600000,-0.000000,6095.267143
2.600000,0.100000,5791.269046
2.600000,0.200000,5499.429303
2.600000,0.300000,5214.210102
2.600000,0.400000,4936.978818
2.600000,0.500000,4672.223696
2.600000,0.600000,4420.746365
2.600000,0.700000,4179.038963
2.600000,0.800000,3950.579644
2.600000,0.900000,3729.894361
2.600000,1.000000,3526.915896
2.600000,1.100000,3333.323181
2.600000,1.200000,3152.892913
2.600000,1.300000,2981.713427
2.600000,1.400000,2822.782133
2.600000,1.500000,2670.537027
2.600000,1.600000,2531.065939
2.600000,1.700000,2402.424527
2.600000,1.800000,2280.888937
2.600000,1.900000,2177.903708
2.600000,2.000000,2089.818085
2.600000,2.100000,2033.434739
2.600000,2.200000,2022.413771
2.600000,2.300000,2079.100957
2.600000,2.400000,2228.236073
2.600000,2.500000,2521.478006
2.600000,2.600000,3005.677104
2.600000,2.700000,3762.100759
2.600000,2.800000,4877.400926
2.600000,2.900000,6476.341075
2.600000,3.000000,8708.277141
2.600000,3.100000,11752.226268
2.600000,3.200000,15842.278969
2.600000,3.300000,21252.003316
2.600000,3.400000,28314.092592
2.600000,3.500000,37426.310553
2.600000,3.600000,49060.181995
2.600000,3.700000,63774.161874
2.600000,3.800000,82216.969063
2.600000,3.900000,105161.490631
2.600000,4.000000,133491.092312
2.600000,4.100000,168229.656103
2.600000,4.200000,210561.442981
2.600000,4.300000,261836.440864
2.600000,4.400000,323601.018326
2.600000,4.500000,397614.626943
2.600000,4.600000,485877.971000
2.600000,4.700000,590632.341228
2.600000,4.800000,714433.614299
2.600000,4.900000,860124.397362
2.600000,5.000000,1030908.725063
2.700000,-5.000000,2703935.184242
2.700000,-4.900000,2320494.631730
2.700000,-4.800000,1986267.123187
2.700000,-4.700000,1695717.274482
2.700000,-4.600000,1443830.186969
2.700000,-4.500000,1226079.134021
2.700000,-4.400000,1038402.217896
2.700000,-4.300000,877133.654235
2.700000,-4.200000,738994.655322
2.700000,-4.100000,621053.414832
2.700000,-4.000000,520698.286813
2.700000,-3.900000,435603.176042
2.700000,-3.800000,363701.789432
2.700000,-3.700000,303174.345936
2.700000,-3.600000,252407.235274
2.700000,-3.500000,209996.664055
2.700000,-3.400000,174696.593505
2.700000,-3.300000,145435.136019
2.700000,-3.200000,121266.460987
2.700000,-3.100000,101385.124283
2.700000,-3.000000,85086.973935
2.700000,-2.900000,71772.197107
2.700000,-2.800000,60929.194463
2.700000,-2.700000,52125.285667
2.700000,-2.600000,44985.463581
2.700000,-2.500000,39203.268723
2.700000,-2.400000,34518.166419
2.700000,-2.300000,30720.906823
2.700000,-2.200000,27629.261044
2.700000,-2.100000,25096.530891
2.700000,-2.000000,23014.468077
2.700000,-1.900000,21282.776694
2.700000,-1.800000,19821.661731
2.700000,-1.700000,18576.440464
2.700000,-1.600000,17499.821720
2.700000,-1.500000,16549.968345
2.700000,-1.400000,15709.030955
2.700000,-1.300000,14941.943840
2.700000,-1.200000,14245.632984
2.700000,-1.100000,13599.062446
2.700000,-1.000000,12997.190709
2.700000,-0.900000,12427.883733
2.700000,-0.800000,11890.719258
2.700000,-0.700000,11379.922796
2.700000,-0.600000,10891.741192
2.700000,-0.500000,10423.135175
2.700000,-0.400000,9972.764625
2.700000,-0.300000,9539.496492
2.700000,-0.200000,9117.714598
2.700000,-0.100000,8714.054290
2.700000,-0.000000,8317.438845
2.700000,0.100000,7936.670484
2.700000,0.200000,7568.673560
2.700000,0.300000,7208.086511
2.700000,0.400000,6859.724734
2.700000,0.500000,6527.175993
2.700000,0.600000,6204.274352
2.700000,0.700000,5898.396165
2.700000,0.800000,5604.342792
2.700000,0.900000,5321.699318
2.700000,1.000000,5053.856127
2.700000,1.100000,4805.113060
2.700000,1.200000,4566.435360
2.700000,1.300000,4344.808003
2.700000,1.400000,4131.325588
2.700000,1.500000,3930.084799
2.700000,1.600000,3744.829870
2.700000,1.700000,3568.346435
2.700000,1.800000,3401.735259
2.700000,1.900000,3254.419955
2.700000,2.000000,3123.923996
2.700000,2.100000,3026.285169
2.700000,2.200000,2971.485768
2.700000,2.300000,2983.773830
2.700000,2.400000,3087.922346
2.700000,2.500000,3329.733276
2.700000,2.600000,3762.100759
2.700000,2.700000,4454.353124
2.700000,2.800000,5501.206268
2.700000,2.900000,7021.658220
2.700000,3.000000,9161.368786
2.700000,3.100000,12099.092070
2.700000,3.200000,16067.569105
2.700000,3.300000,21330.797566
2.700000,3.400000,28223.585789
2.700000,3.500000,37137.284273
2.700000,3.600000,48540.409196
2.700000,3.700000,62986.647541
2.700000,3.800000,81118.684484
2.700000,3.900000,103704.589039
2.700000,4.000000,131621.045220
2.700000,4.100000,165886.977097
2.700000,4.200000,207674.460782
2.700000,4.300000,258330.415406
2.700000,4.400000,319393.606424
2.700000,4.500000,392609.828851
2.700000,4.600000,479972.694323
2.700000,4.700000,583713.402483
2.700000,4.800000,706373.016573
2.700000,4.900000,850789.477844
2.700000,5.000000,1020146.051068
2.800000,-5.000000,2704337.604653
2.800000,-4.900000,2322045.314489
2.800000,-4.800000,1988820.679691
2.800000,-4.700000,1699139.663935
2.800000,-4.600000,1447998.339541
2.800000,-4.500000,1230886.643862
2.800000,-4.400000,1043748.545523
2.800000,-4.300000,882929.088641
2.800000,-4.200000,745159.345386
2.800000,-4.100000,627514.408700
2.800000,-4.000000,527390.088924
2.800000,-3.900000,442464.724262
2.800000,-3.800000,370687.373230
2.800000,-3.700000,310236.327161
2.800000,-3.600000,259510.484400
2.800000,-3.500000,217101.110687
2.800000,-3.400000,181774.780025
2.800000,-3.300000,152461.290515
2.800000,-3.200000,128218.719467
2.800000,-3.100000,108244.251027
2.800000,-3.000000,91840.757772
2.800000,-2.900000,78407.182922
2.800000,-2.800000,67434.985835
2.800000,-2.700000,58491.549182
2.800000,-2.600000,51209.201614
2.800000,-2.500000,45279.659008
2.800000,-2.400000,40447.160099
2.800000,-2.300000,36495.662488
2.800000,-2.200000,33251.218628
2.800000,-2.100000,30568.782358
2.800000,-2.000000,28339.023180
2.800000,-1.900000,26455.977794
2.800000,-1.800000,24851.474836
2.800000,-1.700000,23461.067037
2.800000,-1.600000,22242.752536
2.800000,-1.500000,21157.760125
2.800000,-1.400000,20182.234023
2.800000,-1.300000,19287.369879
2.800000,-1.200000,18461.887397
2.800000,-1.100000,17692.991806
2.800000,-1.000000,16968.098245
2.800000,-0.900000,16282.936885
2.800000,-0.800000,15632.380309
2.800000,-0.700000,15007.293141
2.800000,-0.600000,14408.151861
2.800000,-0.500000,13835.238769
2.800000,-0.400000,13279.159086
2.800000,-0.300000,12741.946477
2.800000,-0.200000,12224.179578
2.800000,-0.100000,11718.474056
2.800000,-0.000000,11228.416255
2.800000,0.100000,10752.816698
2.800000,0.200000,10295.776293
2.800000,0.300000,9844.803098
2.800000,0.400000,9410.558805
2.800000,0.500000,8990.943384
2.800000,0.600000,8585.887156
2.800000,0.700000,8196.262811
2.800000,0.800000,7825.602528
2.800000,0.900000,7464.699524
2.800000,1.000000,7126.238231
2.800000,1.100000,6804.024247
2.800000,1.200000,6496.272064
2.800000,1.300000,6206.869442
2.800000,1.400000,5929.201501
2.800000,1.500000,5666.087137
2.800000,1.600000,5418.769870
2.800000,1.700000,5186.719872
2.800000,1.800000,4963.193773
2.800000,1.900000,4762.088221
2.800000,2.000000,4579.035432
2.800000,2.100000,4428.038299
2.800000,2.200000,4321.474720
2.800000,2.300000,4277.051020
2.800000,2.400000,4327.665736
2.800000,2.500000,4509.766568
2.800000,2.600000,4877.400926
2.800000,2.700000,5501.206268
2.800000,2.800000,6471.775266
2.800000,2.900000,7905.482244
2.800000,3.000000,9947.912916
2.800000,3.100000,12771.766086
2.800000,3.200000,16610.004919
2.800000,3.300000,21726.523326
2.800000,3.400000,28443.296606
2.800000,3.500000,37156.177552
2.800000,3.600000,48324.353935
2.800000,3.700000,62500.194152
2.800000,3.800000,80321.610699
2.800000,3.900000,102548.500790
2.800000,4.000000,130049.835409
2.800000,4.100000,163841.353953
2.800000,4.200000,205089.253541
2.800000,4.300000,255126.602194
2.800000,4.400000,315489.136552
2.800000,4.500000,387912.460718
2.800000,4.600000,474378.580737
2.800000,4.700000,577115.242762
2.800000,4.800000,698640.721069
2.800000,4.900000,841786.215025
2.800000,5.000000,1009727.272556
2.900000,-5.000000,2707052.283448
2.900000,-4.900000,2325860.780562
2.900000,-4.800000,1993593.122306
2.900000,-4.700000,1704736.942138
2.900000,-4.600000,1454304.401332
2.900000,-4.500000,1237788.785490
2.900000,-4.400000,1051148.789862
2.900000,-4.300000,890737.028078
2.900000,-4.200000,753294.928941
2.900000,-4.100000,635909.240759
2.900000,-4.000000,535977.380805
2.900000,-3.900000,451191.218296
2.900000,-3.800000,379498.765011
2.900000,-3.700000,319091.901036
2.900000,-3.600000,268363.827058
2.900000,-3.500000,225925.976046
2.900000,-3.400000,190541.285591
2.900000,-3.300000,161139.659006
2.900000,-3.200000,136794.876993
2.900000,-3.100000,116697.217208
2.900000,-3.000000,100157.617546
2.900000,-2.900000,86575.996788
2.900000,-2.800000,75444.738599
2.900000,-2.700000,66334.166487
2.900000,-2.600000,58881.396641
2.900000,-2.500000,52778.590528
2.900000,-2.400000,47768.487276
2.900000,-2.300000,43640.660769
2.900000,-2.200000,40220.520507
2.900000,-2.100000,37361.307600
2.900000,-2.000000,34954.301112
2.900000,-1.900000,32900.124177
2.900000,-1.800000,31123.374253
2.900000,-1.700000,29568.738597
2.900000,-1.600000,28187.084393
2.900000,-1.500000,26943.514738
2.900000,-1.400000,25808.288024
2.900000,-1.300000,24760.495599
2.900000,-1.200000,23789.150554
2.900000,-1.100000,22871.104183
2.900000,-1.000000,22004.522882
2.900000,-0.900000,21179.110644
2.900000,-0.800000,20395.453128
2.900000,-0.700000,19637.408275
2.900000,-0.600000,18910.081372
2.900000,-0.500000,18207.911113
2.900000,-0.400000,17529.603132
2.900000,-0.300000,16870.848818
2.900000,-0.200000,16234.993531
2.900000,-0.100000,15612.923421
2.900000,-0.000000,15008.308600
2.900000,0.100000,14422.523101
2.900000,0.200000,13853.443428
2.900000,0.300000,13297.070896
2.900000,0.400000,12757.825823
2.900000,0.500000,12234.687186
2.900000,0.600000,11730.100385
2.900000,0.700000,11244.515908
2.900000,0.800000,10775.204991
2.900000,0.900000,10324.068077
2.900000,1.000000,9894.371571
2.900000,1.100000,9481.926827
2.900000,1.200000,9087.626296
2.900000,1.300000,8717.699108
2.900000,1.400000,8360.320315
2.900000,1.500000,8023.178879
2.900000,1.600000,7700.922600
2.900000,1.700000,7394.104388
2.900000,1.800000,7102.246946
2.900000,1.900000,6832.705436
2.900000,2.000000,6587.046235
2.900000,2.100000,6369.202406
2.900000,2.200000,6195.540101
2.900000,2.300000,6087.891281
2.900000,2.400000,6070.621973
2.900000,2.500000,6181.544982
2.900000,2.600000,6476.341075
2.900000,2.700000,7021.658220
2.900000,2.800000,7905.482244
2.900000,2.900000,9242.774747
2.900000,3.000000,11177.648517
2.900000,3.100000,13884.111058
2.900000,3.200000,17584.600714
2.900000,3.300000,22539.776762
2.900000,3.400000,29079.608739
2.900000,3.500000,37585.353852
2.900000,3.600000,48514.347004
2.900000,3.700000,62414.268668
2.900000,3.800000,79919.703476
2.900000,3.900000,101782.643403
2.900000,4.000000,128869.468677
2.900000,4.100000,162185.415403
2.900000,4.200000,202892.774122
2.900000,4.300000,252314.550712
2.900000,4.400000,311977.159002
2.900000,4.500000,383608.567072
2.900000,4.600000,469183.668783
2.900000,4.700000,570912.949128
2.900000,4.800000,691309.838393
2.900000,4.900000,833195.745512
2.900000,5.000000,999725.671867
3.000000,-5.000000,2712462.171677
3.000000,-4.900000,2332323.667761
3.000000,-4.800000,2000963.722245
3.000000,-4.700000,1712883.615657
3.000000,-4.600000,1463107.522552
3.000000,-4.500000,1247143.254922
3.000000,-4.400000,1060956.437893
3.000000,-4.300000,900906.363683
3.000000,-4.200000,763752.819193
3.000000,-4.100000,646580.587753
3.000000,-4.000000,546802.892748
3.000000,-3.900000,462111.329047
3.000000,-3.800000,390467.918361
3.000000,-3.700000,330062.907333
3.000000,-3.600000,279303.089693
3.000000,-3.500000,236796.283853
3.000000,-3.400000,201315.109871
3.000000,-3.300000,171798.760622
3.000000,-3.200000,147311.623328
3.000000,-3.100000,127056.162909
3.000000,-3.000000,110347.663208
3.000000,-2.900000,96582.309495
3.000000,-2.800000,85259.709411
3.000000,-2.700000,75954.997240
3.000000,-2.600000,68299.027922
3.000000,-2.500000,61991.564685
3.000000,-2.400000,56773.153553
3.000000,-2.300000,52438.921119
3.000000,-2.200000,48812.812743
3.000000,-2.100000,45749.271366
3.000000,-2.000000,43140.125028
3.000000,-1.900000,40884.964086
3.000000,-1.800000,38910.193327
3.000000,-1.700000,37163.473477
3.000000,-1.600000,35590.807995
3.000000,-1.500000,34160.641853
3.000000,-1.400000,32844.479473
3.000000,-1.300000,31618.960984
3.000000,-1.200000,30474.515110
3.000000,-1.100000,29386.855299
3.000000,-1.000000,28353.855303
3.000000,-0.900000,27366.226020
3.000000,-0.800000,26419.911449
3.000000,-0.700000,25506.961716
3.000000,-0.600000,24629.150193
3.000000,-0.500000,23776.996300
3.000000,-0.400000,22951.986009
3.000000,-0.300000,22149.606606
3.000000,-0.200000,21371.358936
3.000000,-0.100000,20615.251148
3.000000,-0.000000,19873.692397
3.000000,0.100000,19154.852202
3.000000,0.200000,18453.388152
3.000000,0.300000,17768.506134
3.000000,0.400000,17104.749135
3.000000,0.500000,16460.543065
3.000000,0.600000,15833.216457
3.000000,0.700000,15229.136038
3.000000,0.800000,14647.265577
3.000000,0.900000,14083.570302
3.000000,1.000000,13544.226238
3.000000,1.100000,13025.479497
3.000000,1.200000,12531.057801
3.000000,1.300000,12061.068778
3.000000,1.400000,11605.392771
3.000000,1.500000,11172.299407
3.000000,1.600000,10760.895434
3.000000,1.700000,10368.033400
3.000000,1.800000,9990.242818
3.000000,1.900000,9635.520330
3.000000,2.000000,9306.763090
3.000000,2.100000,9009.312275
3.000000,2.200000,8757.049155
3.000000,2.300000,8568.750954
3.000000,2.400000,8469.085552
3.000000,2.500000,8498.795828
3.000000,2.600000,8708.277141
3.000000,2.700000,9161.368786
3.000000,2.800000,9947.912916
3.000000,2.900000,11177.648517
3.000000,3.000000,12996.132565
3.000000,3.100000,15569.408765
3.000000,3.200000,19121.415589
3.000000,3.300000,23915.453934
3.000000,3.400000,30263.645677
3.000000,3.500000,38553.345015
3.000000,3.600000,49237.929357
3.000000,3.700000,62856.447616
3.000000,3.800000,80039.362437
3.000000,3.900000,101536.113741
3.000000,4.000000,128203.418471
3.000000,4.100000,161040.231773
3.000000,4.200000,201201.432941
3.000000,4.300000,250007.158484
3.000000,4.400000,308969.988878
3.000000,4.500000,379809.405921
3.000000,4.600000,464491.496652
3.000000,4.700000,565218.100808
3.000000,4.800000,684492.922471
3.000000,4.900000,825117.505395
3.000000,5.000000,990243.426113
3.100000,-5.000000,2721001.819151
3.100000,-4.900000,2341861.074062
3.100000,-4.800000,2011355.631335
3.100000,-4.700000,1723998.980423
3.100000,-4.600000,1474827.714156
3.100000,-4.500000,1259364.039458
3.100000,-4.400000,1073581.770195
3.100000,-4.300000,913848.220179
3.100000,-4.200000,776931.218962
3.100000,-4.100000,659931.467101
3.100000,-4.000000,560260.923112
3.100000,-3.900000,475621.668201
3.100000,-3.800000,403981.908734
3.100000,-3.700000,343538.473438
3.100000,-3.600000,292702.043418
3.100000,-3.500000,250088.121831
3.100000,-3.400000,214472.746532
3.100000,-3.300000,184796.149651
3.100000,-3.200000,160131.883067
3.100000,-3.100000,139682.703057
3.100000,-3.000000,122765.541095
3.100000,-2.900000,108781.820102
3.100000,-2.800000,97232.512965
3.100000,-2.700000,87698.521910
3.100000,-2.600000,79805.898094
3.100000,-2.500000,73256.750354
3.100000,-2.400000,67802.402119
3.100000,-2.300000,63225.131468
3.100000,-2.200000,59360.201093
3.100000,-2.100000,56057.462902
3.100000,-2.000000,53213.706749
3.100000,-1.900000,50728.902203
3.100000,-1.800000,48529.566270
3.100000,-1.700000,46556.441822
3.100000,-1.600000,44765.973738
3.100000,-1.500000,43119.748964
3.100000,-1.400000,41592.891099
3.100000,-1.300000,40160.773687
3.100000,-1.200000,38812.189517
3.100000,-1.100000,37527.954884
3.100000,-1.000000,36299.968503
3.100000,-0.900000,35121.189782
3.100000,-0.800000,33991.301185
3.100000,-0.700000,32895.292808
3.100000,-0.600000,31835.445136
3.100000,-0.500000,30812.783191
3.100000,-0.400000,29813.911960
3.100000,-0.300000,28844.480143
3.100000,-0.200000,27897.806494
3.100000,-0.100000,26976.631044
3.100000,-0.000000,26076.899566
3.100000,0.100000,25198.418963
3.100000,0.200000,24343.483070
3.100000,0.300000,23509.283602
3.100000,0.400000,22696.622608
3.100000,0.500000,21906.147344
3.100000,0.600000,21137.870244
3.100000,0.700000,20393.797890
3.100000,0.800000,19672.856534
3.100000,0.900000,18976.675441
3.100000,1.000000,18306.693016
3.100000,1.100000,17662.170118
3.100000,1.200000,17043.160734
3.100000,1.300000,16451.666814
3.100000,1.400000,15881.108556
3.100000,1.500000,15335.749663
3.100000,1.600000,14810.973185
3.100000,1.700000,14310.568022
3.100000,1.800000,13829.877541
3.100000,1.900000,13372.424135
3.100000,2.000000,12941.852448
3.100000,2.100000,12547.868521
3.100000,2.200000,12198.803048
3.100000,2.300000,11913.276605
3.100000,2.400000,11713.341666
3.100000,2.500000,11646.186351
3.100000,2.600000,11752.226268
3.100000,2.700000,12099.092070
3.100000,2.800000,12771.766086
3.100000,2.900000,13884.111058
3.100000,3.000000,15569.408765
3.100000,3.100000,18000.942018
3.100000,3.200000,21396.296867
3.100000,3.300000,26011.377172
3.100000,3.400000,32160.387425
3.100000,3.500000,40225.317447
3.100000,3.600000,50655.583311
3.100000,3.700000,63982.143112
3.100000,3.800000,80834.525559
3.100000,3.900000,101958.004935
3.100000,4.000000,128196.862686
3.100000,4.100000,160548.918469
3.100000,4.200000,200163.013347
3.100000,4.300000,248346.081453
3.100000,4.400000,306603.891264
3.100000,4.500000,376651.691501
3.100000,4.600000,460439.408479
3.100000,4.700000,560166.616797
3.100000,4.800000,678315.001604
3.100000,4.900000,817682.832789
3.100000,5.000000,981404.192772
3.200000,-5.000000,2733183.100579
3.200000,-4.900000,2354974.283075
3.200000,-4.800000,2025263.873445
3.200000,-4.700000,1738578.100471
3.200000,-4.600000,1489958.700166
3.200000,-4.500000,1274942.350635
3.200000,-4.400000,1089505.442849
3.200000,-4.300000,930042.677674
3.200000,-4.200000,793312.947337
3.200000,-4.100000,676430.838557
3.200000,-4.000000,576817.295729
3.200000,-3.900000,492183.016283
3.200000,-3.800000,420499.164429
3.200000,-3.700000,359970.829588
3.200000,-3.600000,309015.191118
3.200000,-3.500000,266248.219018
3.200000,-3.400000,230452.012774
3.200000,-3.300000,200573.600436
3.200000,-3.200000,175689.900473
3.200000,-3.100000,155003.521599
3.200000,-3.000000,137834.683298
3.200000,-2.900000,123595.424468
3.200000,-2.800000,111778.809700
3.200000,-2.700000,101973.314026
3.200000,-2.600000,93805.696062
3.200000,-2.500000,86979.021133
3.200000,-2.400000,81247.212173
3.200000,-2.300000,76396.105801
3.200000,-2.200000,72254.524742
3.200000,-2.100000,68679.854669
3.200000,-2.000000,65566.036541
3.200000,-1.900000,62813.360362
3.200000,-1.800000,60350.934818
3.200000,-1.700000,58122.084907
3.200000,-1.600000,56077.910865
3.200000,-1.500000,54184.329788
3.200000,-1.400000,52413.444485
3.200000,-1.300000,50741.206706
3.200000,-1.200000,49156.902943
3.200000,-1.100000,47645.174641
3.200000,-1.000000,46193.478792
3.200000,-0.900000,44793.640079
3.200000,-0.800000,43446.088498
3.200000,-0.700000,42138.686228
3.200000,-0.600000,40869.105612
3.200000,-0.500000,39640.136659
3.200000,-0.400000,38442.989492
3.200000,-0.300000,37272.317777
3.200000,-0.200000,36132.992122
3.200000,-0.100000,35021.448478
3.200000,-0.000000,33933.093286
3.200000,0.100000,32870.505442
3.200000,0.200000,31833.330022
3.200000,0.300000,30820.198044
3.200000,0.400000,29831.005194
3.200000,0.500000,28870.507800
3.200000,0.600000,27932.366209
3.200000,0.700000,27021.975738
3.200000,0.800000,26140.125804
3.200000,0.900000,25283.578571
3.200000,1.000000,24459.197688
3.200000,1.100000,23663.614928
3.200000,1.200000,22897.930413
3.200000,1.300000,22160.632936
3.200000,1.400000,21450.721473
3.200000,1.500000,20767.609567
3.200000,1.600000,20110.263847
3.200000,1.700000,19480.589447
3.200000,1.800000,18870.923635
3.200000,1.900000,18291.116519
3.200000,2.000000,17741.612217
3.200000,2.100000,17227.343313
3.200000,2.200000,16759.353395
3.200000,2.300000,16357.992315
3.200000,2.400000,16044.245635
3.200000,2.500000,15858.191698
3.200000,2.600000,15842.278969
3.200000,2.700000,16067.569105
3.200000,2.800000,16610.004919
3.200000,2.900000,17584.600714
3.200000,3.000000,19121.415589
3.200000,3.100000,21396.296867
3.200000,3.200000,24619.164825
3.200000,3.300000,29038.817303
3.200000,3.400000,34977.425255
3.200000,3.500000,42803.927482
3.200000,3.600000,52964.946494
3.200000,3.700000,65993.378636
3.200000,3.800000,82503.407608
3.200000,3.900000,103240.167475
3.200000,4.000000,129045.086947
3.200000,4.100000,160906.843928
3.200000,4.200000,199960.873105
3.200000,4.300000,247516.182671
3.200000,4.400000,305064.907963
3.200000,4.500000,374316.185220
3.200000,4.600000,457206.541464
3.200000,4.700000,555927.341811
3.200000,4.800000,672950.429316
3.200000,4.900000,811063.478028
3.200000,5.000000,973381.956238
3.300000,-5.000000,2749576.174319
3.300000,-4.900000,2372241.434032
3.300000,-4.800000,2043264.286920
3.300000,-4.700000,1757184.597844
3.300000,-4.600000,1509057.531027
3.300000,-4.500000,1294427.301694
3.300000,-4.400000,1109285.780039
3.300000,-4.300000,950026.020274
3.300000,-4.200000,813428.553896
3.300000,-4.100000,696609.906241
3.300000,-4.000000,597003.197123
3.300000,-3.900000,512320.881956
3.300000,-3.800000,440541.382698
3.300000,-3.700000,379876.660421
3.300000,-3.600000,328749.721683
3.300000,-3.500000,285779.421024
3.300000,-3.400000,249754.290209
3.300000,-3.300000,219628.607232
3.300000,-3.200000,194476.860945
3.300000,-3.100000,173508.220778
3.300000,-3.000000,156046.918421
3.300000,-2.900000,141500.632730
3.300000,-2.800000,129377.895158
3.300000,-2.700000,119254.299430
3.300000,-2.600000,110768.877645
3.300000,-2.500000,103626.622559
3.300000,-2.400000,97570.369113
3.300000,-2.300000,92401.738015
3.300000,-2.200000,87944.301950
3.300000,-2.100000,84058.200919
3.300000,-2.000000,80634.139048
3.300000,-1.900000,77577.097085
3.300000,-1.800000,74814.474734
3.300000,-1.700000,72289.098449
3.300000,-1.600000,69954.406044
3.300000,-1.500000,67773.668029
3.300000,-1.400000,65724.121504
3.300000,-1.300000,63775.300451
3.300000,-1.200000,61921.034657
3.300000,-1.100000,60142.654481
3.300000,-1.000000,58429.908819
3.300000,-0.900000,56776.246589
3.300000,-0.800000,55177.080646
3.300000,-0.700000,53622.512874
3.300000,-0.600000,52111.713428
3.300000,-0.500000,50646.935032
3.300000,-0.400000,49213.219867
3.300000,-0.300000,47814.107172
3.300000,-0.200000,46447.269771
3.300000,-0.100000,45112.343173
3.300000,-0.000000,43805.604533
3.300000,0.100000,42527.452041
3.300000,0.200000,41278.543169
3.300000,0.300000,40053.636519
3.300000,0.400000,38858.277341
3.300000,0.500000,37692.669653
3.300000,0.600000,36558.675388
3.300000,0.700000,35456.039159
3.300000,0.800000,34381.703284
3.300000,0.900000,33338.425068
3.300000,1.000000,32329.676728
3.300000,1.100000,31355.191440
3.300000,1.200000,30410.410881
3.300000,1.300000,29504.761901
3.300000,1.400000,28624.922622
3.300000,1.500000,27778.484856
3.300000,1.600000,26963.867913
3.300000,1.700000,26175.542230
3.300000,1.800000,25415.277769
3.300000,1.900000,24689.266559
3.300000,2.000000,23992.231077
3.300000,2.100000,23336.358579
3.300000,2.200000,22727.768437
3.300000,2.300000,22188.623912
3.300000,2.400000,21734.808332
3.300000,2.500000,21407.161870
3.300000,2.600000,21252.003316
3.300000,2.700000,21330.797566
3.300000,2.800000,21726.523326
3.300000,2.900000,22539.776762
3.300000,3.000000,23915.453934
3.300000,3.100000,26011.377172
3.300000,3.200000,29038.817303
3.300000,3.300000,33253.065721
3.300000,3.400000,38960.192569
3.300000,3.500000,46530.798689
3.300000,3.600000,56411.735716
3.300000,3.700000,69123.090301
3.300000,3.800000,85281.529001
3.300000,3.900000,105619.190688
3.300000,4.000000,130978.177699
3.300000,4.100000,162335.541359
3.300000,4.200000,200821.280898
3.300000,4.300000,247735.533574
3.300000,4.400000,304569.787876
3.300000,4.500000,373017.816691
3.300000,4.600000,455006.150720
3.300000,4.700000,552714.824763
3.300000,4.800000,668606.753847
3.300000,4.900000,805458.757688
3.300000,5.000000,966372.666614
3.400000,-5.000000,2770854.553169
3.400000,-4.900000,2394322.113283
3.400000,-4.800000,2066014.167155
3.400000,-4.700000,1780472.035168
3.400000,-4.600000,1532767.914293
3.400000,-4.500000,1318461.092089
3.400000,-4.400000,1133548.906142
3.400000,-4.300000,974438.808567
3.400000,-4.200000,837912.097188
3.400000,-4.100000,721097.060635
3.400000,-4.000000,621435.538461
3.400000,-3.900000,536645.081392
3.400000,-3.800000,464714.318655
3.400000,-3.700000,403856.150510
3.400000,-3.600000,352501.182660
3.400000,-3.500000,309277.806574
3.400000,-3.400000,272971.531995
3.400000,-3.300000,242542.674363
3.400000,-3.200000,217070.801039
3.400000,-3.100000,195770.956630
3.400000,-3.000000,177961.613379
3.400000,-2.900000,163063.676863
3.400000,-2.800000,150579.525673
3.400000,-2.700000,140093.618828
3.400000,-2.600000,131243.213624
3.400000,-2.500000,123733.438904
3.400000,-2.400000,117317.293211
3.400000,-2.300000,111782.664536
3.400000,-2.200000,106964.290457
3.400000,-2.100000,102719.416747
3.400000,-2.000000,98942.134879
3.400000,-1.900000,95535.658624
3.400000,-1.800000,92430.733836
3.400000,-1.700000,89566.068019
3.400000,-1.600000,86898.260500
3.400000,-1.500000,84390.079231
3.400000,-1.400000,82016.383118
3.400000,-1.300000,79754.879863
3.400000,-1.200000,77589.040347
3.400000,-1.100000,75505.115312
3.400000,-1.000000,73494.959512
3.400000,-0.900000,71545.137581
3.400000,-0.800000,69657.005524
3.400000,-0.700000,67816.025073
3.400000,-0.600000,66028.195918
3.400000,-0.500000,64283.161910
3.400000,-0.400000,62580.170392
3.400000,-0.300000,60914.111337
3.400000,-0.200000,59280.249340
3.400000,-0.100000,57687.801074
3.400000,-0.000000,56124.594717
3.400000,0.100000,54594.628041
3.400000,0.200000,53098.967176
3.400000,0.300000,51632.886469
3.400000,0.400000,50196.034471
3.400000,0.500000,48795.005865
3.400000,0.600000,47427.565234
3.400000,0.700000,46094.469418
3.400000,0.800000,44799.112499
3.400000,0.900000,43535.910799
3.400000,1.000000,42310.812175
3.400000,1.100000,41124.302268
3.400000,1.200000,39972.552358
3.400000,1.300000,38864.958871
3.400000,1.400000,37785.084617
3.400000,1.500000,36746.462957
3.400000,1.600000,35742.528652
3.400000,1.700000,34770.510974
3.400000,1.800000,33830.323612
3.400000,1.900000,32924.851862
3.400000,2.000000,32056.477154
3.400000,2.100000,31229.627062
3.400000,2.200000,30453.935400
3.400000,2.300000,29747.821019
3.400000,2.400000,29128.662466
3.400000,2.500000,28638.198123
3.400000,2.600000,28314.092592
3.400000,2.700000,28223.585789
3.400000,2.800000,28443.296606
3.400000,2.900000,29079.608739
3.400000,3.000000,30263.645677
3.400000,3.100000,32160.387425
3.400000,3.200000,34977.425255
3.400000,3.300000,38960.192569
3.400000,3.400000,44419.315597
3.400000,3.500000,51717.619893
3.400000,3.600000,61295.980135
3.400000,3.700000,73672.310400
3.400000,3.800000,89460.055182
3.400000,3.900000,109383.567250
3.400000,4.000000,134279.358360
3.400000,4.100000,165119.669674
3.400000,4.200000,203022.927383
3.400000,4.300000,249290.294738
3.400000,4.400000,305394.123476
3.400000,4.500000,373025.460269
3.400000,4.600000,454100.354237
3.400000,4.700000,550790.360188
3.400000,4.800000,665549.089618
3.400000,4.900000,801130.877323
3.400000,5.000000,960637.663370
3.500000,-5.000000,2797775.793832
3.500000,-4.900000,2421975.748616
3.500000,-4.800000,2094256.331256
3.500000,-4.700000,1809185.118385
3.500000,-4.600000,1561836.204080
3.500000,-4.500000,1347779.562804
3.500000,-4.400000,1163027.625395
3.500000,-4.300000,1003996.721124
3.500000,-4.200000,867476.383141
3.500000,-4.100000,750602.271986
3.500000,-4.000000,650819.110371
3.500000,-3.900000,565858.037999
3.500000,-3.800000,493713.205662
3.500000,-3.700000,432600.322464
3.500000,-3.600000,380960.946189
3.500000,-3.500000,337418.508020
3.500000,-3.400000,300772.932418
3.500000,-3.300000,269984.673128
3.500000,-3.200000,244134.360650
3.500000,-3.100000,222443.423888
3.500000,-3.000000,204236.891709
3.500000,-2.900000,188930.090550
3.500000,-2.800000,176033.601854
3.500000,-2.700000,165131.049410
3.500000,-2.600000,155863.304511
3.500000,-2.500000,147936.323232
3.500000,-2.400000,141098.186525
3.500000,-2.300000,135151.599107
3.500000,-2.200000,129920.487268
3.500000,-2.100000,125270.594292
3.500000,-2.000000,121090.499789
3.500000,-1.900000,117288.433948
3.500000,-1.800000,113789.072318
3.500000,-1.700000,110537.212637
3.500000,-1.600000,107489.346311
3.500000,-1.500000,104607.528424
3.500000,-1.400000,101870.725364
3.500000,-1.300000,99243.016092
3.500000,-1.200000,96723.578882
3.500000,-1.100000,94290.774315
3.500000,-1.000000,91932.511511
3.500000,-0.900000,89645.780990
3.500000,-0.800000,87425.979269
3.500000,-0.700000,85256.581854
3.500000,-0.600000,83143.790271
3.500000,-0.500000,81083.045819
3.500000,-0.400000,79063.176023
3.500000,-0.300000,77090.415157
3.500000,-0.200000,75153.912307
3.500000,-0.100000,73261.313006
3.500000,-0.000000,71402.159755
3.500000,0.100000,69582.041831
3.500000,0.200000,67797.629777
3.500000,0.300000,66046.900889
3.500000,0.400000,64333.924525
3.500000,0.500000,62657.702425
3.500000,0.600000,61017.760011
3.500000,0.700000,59420.425193
3.500000,0.800000,57862.810824
3.500000,0.900000,56341.668490
3.500000,1.000000,54866.137523
3.500000,1.100000,53432.514516
3.500000,1.200000,52039.698940
3.500000,1.300000,50690.051716
3.500000,1.400000,49380.719004
3.500000,1.500000,48111.270321
3.500000,1.600000,46883.631239
3.500000,1.700000,45694.924467
3.500000,1.800000,44539.163911
3.500000,1.900000,43426.633481
3.500000,2.000000,42350.174162
3.500000,2.100000,41323.587072
3.500000,2.200000,40349.011903
3.500000,2.300000,39446.174430
3.500000,2.400000,38631.918198
3.500000,2.500000,37943.916654
3.500000,2.600000,37426.310553
3.500000,2.700000,37137.284273
3.500000,2.800000,37156.177552
3.500000,2.900000,37585.353852
3.500000,3.000000,38553.345015
3.500000,3.100000,40225.317447
3.500000,3.200000,42803.927482
3.500000,3.300000,46530.798689
3.500000,3.400000,51717.619893
3.500000,3.500000,58721.857976
3.500000,3.600000,67974.353394
3.500000,3.700000,79997.364720
3.500000,3.800000,95393.283453
3.500000,3.900000,114883.901540
3.500000,4.000000,139296.218919
3.500000,4.100000,169598.141770
3.500000,4.200000,206909.415311
3.500000,4.300000,252506.828710
3.500000,4.400000,307868.985272
3.500000,4.500000,374668.732456
3.500000,4.600000,454821.746485
3.500000,4.700000,550479.021476
3.500000,4.800000,664087.722623
3.500000,4.900000,798396.001073
3.500000,5.000000,956486.501791
3.600000,-5.000000,2831211.400897
3.600000,-4.900000,2456059.685594
3.600000,-4.800000,2128851.107006
3.600000,-4.700000,1844169.832098
3.600000,-4.600000,1597100.364555
3.600000,-4.500000,1383218.675549
3.600000,-4.400000,1198557.390845
3.600000,-4.300000,1039528.028654
3.600000,-4.200000,902941.240347
3.600000,-4.100000,785933.568099
3.600000,-4.000000,685960.404553
3.600000,-3.900000,600761.951947
3.600000,-3.800000,528333.850310
3.600000,-3.700000,466902.744090
3.600000,-3.600000,414907.755214
3.600000,-3.500000,370983.467751
3.600000,-3.400000,333936.554729
3.600000,-3.300000,302721.140528
3.600000,-3.200000,276435.238120
3.600000,-3.100000,254291.096448
3.600000,-3.000000,235621.905141
3.600000,-2.900000,219849.785932
3.600000,-2.800000,206478.830540
3.600000,-2.700000,195098.126624
3.600000,-2.600000,185354.437651
3.600000,-2.500000,176949.664086
3.600000,-2.400000,169638.637977
3.600000,-2.300000,163220.886493
3.600000,-2.200000,157522.774014
3.600000,-2.100000,152409.383965
3.600000,-2.000000,147771.828016
3.600000,-1.900000,143520.647454
3.600000,-1.800000,139576.904389
3.600000,-1.700000,135887.244877
3.600000,-1.600000,132406.192041
3.600000,-1.500000,129097.681113
3.600000,-1.400000,125939.586794
3.600000,-1.300000,122903.353125
3.600000,-1.200000,119975.003667
3.600000,-1.100000,117143.973500
3.600000,-1.000000,114392.880263
3.600000,-0.900000,111719.634101
3.600000,-0.800000,109114.384526
3.600000,-0.700000,106570.765970
3.600000,-0.600000,104089.220727
3.600000,-0.500000,101659.608801
3.600000,-0.400000,99281.787026
3.600000,-0.300000,96953.422921
3.600000,-0.200000,94666.594202
3.600000,-0.100000,92428.240750
3.600000,-0.000000,90228.664092
3.600000,0.100000,88070.428493
3.600000,0.200000,85955.494266
3.600000,0.300000,83876.083641
3.600000,0.400000,81841.737453
3.600000,0.500000,79846.879562
3.600000,0.600000,77895.986144
3.600000,0.700000,75988.338076
3.600000,0.800000,74128.350499
3.600000,0.900000,72306.189522
3.600000,1.000000,70538.391664
3.600000,1.100000,68813.905807
3.600000,1.200000,67138.483941
3.600000,1.300000,65511.561314
3.600000,1.400000,63929.139769
3.600000,1.500000,62394.870783
3.600000,1.600000,60905.651122
3.600000,1.700000,59458.390023
3.600000,1.800000,58053.995280
3.600000,1.900000,56692.579912
3.600000,2.000000,55376.160263
3.600000,2.100000,54109.301930
3.600000,2.200000,52901.199024
3.600000,2.300000,51767.091845
3.600000,2.400000,50722.884596
3.600000,2.500000,49807.079264
3.600000,2.600000,49060.181995
3.600000,2.700000,48540.409196
3.600000,2.800000,48324.353935
3.600000,2.900000,48514.347004
3.600000,3.000000,49237.929357
3.600000,3.100000,50655.583311
3.600000,3.200000,52964.946494
3.600000,3.300000,56411.735716
3.600000,3.400000,61295.980135
3.600000,3.500000,67974.353394
3.600000,3.600000,76880.489112
3.600000,3.700000,88521.353398
3.600000,3.800000,103503.134926
3.600000,3.900000,122535.596488
3.600000,4.000000,146443.089798
3.600000,4.100000,176188.299451
3.600000,4.200000,212878.651506
3.600000,4.300000,257793.215921
3.600000,4.400000,312389.183207
3.600000,4.500000,378341.339816
3.600000,4.600000,457552.818572
3.600000,4.700000,552162.043984
3.600000,4.800000,664608.017611
3.600000,4.900000,797626.063314
3.600000,5.000000,954286.944817
3.700000,-5.000000,2872148.717755
3.700000,-4.900000,2497557.924984
3.700000,-4.800000,2170777.961833
3.700000,-4.700000,1886398.904166
3.700000,-4.600000,1639521.717626
3.700000,-4.500000,1425737.415340
3.700000,-4.400000,1241080.544927
3.700000,-4.300000,1081974.380682
3.700000,-4.200000,945239.877850
3.700000,-4.100000,828025.745519
3.700000,-4.000000,727788.597249
3.700000,-3.900000,642276.449243
3.700000,-3.800000,569489.993060
3.700000,-3.700000,507661.675343
3.700000,-3.600000,455239.546213
3.700000,-3.500000,410866.702258
3.700000,-3.400000,373344.166129
3.700000,-3.300000,341635.839729
3.700000,-3.200000,314840.140843
3.700000,-3.100000,292176.237777
3.700000,-3.000000,272979.715837
3.700000,-2.900000,256671.114424
3.700000,-2.800000,242759.122918
3.700000,-2.700000,230842.262748
3.700000,-2.600000,220555.180229
3.700000,-2.500000,211611.652432
3.700000,-2.400000,203766.246413
3.700000,-2.300000,196811.797925
3.700000,-2.200000,190587.032534
3.700000,-2.100000,184950.282704
3.700000,-2.000000,179793.905452
3.700000,-1.900000,175030.950633
3.700000,-1.800000,170581.252769
3.700000,-1.700000,166395.450757
3.700000,-1.600000,162423.497672
3.700000,-1.500000,158635.563295
3.700000,-1.400000,154997.683317
3.700000,-1.300000,151492.224664
3.700000,-1.200000,148101.578076
3.700000,-1.100000,144815.857153
3.700000,-1.000000,141616.573287
3.700000,-0.900000,138498.325036
3.700000,-0.800000,135459.755250
3.700000,-0.700000,132485.862046
3.700000,-0.600000,129576.713037
3.700000,-0.500000,126731.561439
3.700000,-0.400000,123941.301601
3.700000,-0.300000,121204.696617
3.700000,-0.200000,118518.595449
3.700000,-0.100000,115881.292300
3.700000,-0.000000,113288.565320
3.700000,0.100000,110747.599166
3.700000,0.200000,108251.076148
3.700000,0.300000,105797.169556
3.700000,0.400000,103388.762898
3.700000,0.500000,101027.615377
3.700000,0.600000,98715.602700
3.700000,0.700000,96450.845315
3.700000,0.800000,94238.437084
3.700000,0.900000,92073.785773
3.700000,1.000000,89961.983549
3.700000,1.100000,87906.761420
3.700000,1.200000,85902.125915
3.700000,1.300000,83955.334342
3.700000,1.400000,82053.544071
3.700000,1.500000,80208.945929
3.700000,1.600000,78415.198032
3.700000,1.700000,76668.769603
3.700000,1.800000,74968.870567
3.700000,1.900000,73320.586272
3.700000,2.000000,71718.433398
3.700000,2.100000,70170.890635
3.700000,2.200000,68688.217245
3.700000,2.300000,67282.725373
3.700000,2.400000,65968.938048
3.700000,2.500000,64785.227779
3.700000,2.600000,63774.161874
3.700000,2.700000,62986.647541
3.700000,2.800000,62500.194152
3.700000,2.900000,62414.268668
3.700000,3.000000,62856.447616
3.700000,3.100000,63982.143112
3.700000,3.200000,65993.378636
3.700000,3.300000,69123.090301
3.700000,3.400000,73672.310400
3.700000,3.500000,79997.364720
3.700000,3.600000,88521.353398
3.700000,3.700000,99754.098828
3.700000,3.800000,114285.873710
3.700000,3.900000,132835.070337
3.700000,4.000000,156212.779637
3.700000,4.100000,185371.106787
3.700000,4.200000,221421.598035
3.700000,4.300000,265622.694149
3.700000,4.400000,319433.637235
3.700000,4.500000,384517.533310
3.700000,4.600000,462761.573189
3.700000,4.700000,556307.954523
3.700000,4.800000,667571.323660
3.700000,4.900000,799282.404668
3.700000,5.000000,954494.431304
3.800000,-5.000000,2921703.063756
3.800000,-4.900000,2547578.735791
3.800000,-4.800000,2221132.390278
3.800000,-4.700000,1936967.742305
3.800000,-4.600000,1690195.451145
3.800000,-4.500000,1476419.106601
3.800000,-4.400000,1291675.031736
3.800000,-4.300000,1132410.481811
3.800000,-4.200000,995442.854951
3.800000,-4.100000,877931.927668
3.800000,-4.000000,777346.672372
3.800000,-3.900000,691438.103619
3.800000,-3.800000,618213.793478
3.800000,-3.700000,555912.702565
3.800000,-3.600000,502984.913550
3.800000,-3.500000,458081.560199
3.800000,-3.400000,420004.901947
3.800000,-3.300000,387723.441011
3.800000,-3.200000,360344.388271
3.800000,-3.100000,337086.754391
3.800000,-3.000000,317284.993992
3.800000,-2.900000,300371.137596
3.800000,-2.800000,285850.355352
3.800000,-2.700000,273316.727176
3.800000,-2.600000,262422.838342
3.800000,-2.500000,252869.334835
3.800000,-2.400000,244413.836078
3.800000,-2.300000,236858.434517
3.800000,-2.200000,230035.892351
3.800000,-2.100000,223810.502091
3.800000,-2.000000,218069.864334
3.800000,-1.900000,212727.787319
3.800000,-1.800000,207709.955980
3.800000,-1.700000,202961.447136
3.800000,-1.600000,198435.844826
3.800000,-1.500000,194097.019696
3.800000,-1.400000,189923.896646
3.800000,-1.300000,185885.454709
3.800000,-1.200000,181972.708298
3.800000,-1.100000,178166.899684
3.800000,-1.000000,174458.694330
3.800000,-0.900000,170837.078025
3.800000,-0.800000,167302.456997
3.800000,-0.700000,163838.561957
3.800000,-0.600000,160448.659928
3.800000,-0.500000,157124.990971
3.800000,-0.400000,153863.455131
3.800000,-0.300000,150661.893637
3.800000,-0.200000,147516.283915
3.800000,-0.100000,144424.626585
3.800000,-0.000000,141384.920942
3.800000,0.100000,138399.615467
3.800000,0.200000,135466.143837
3.800000,0.300000,132580.350731
3.800000,0.400000,129746.258882
3.800000,0.500000,126964.795058
3.800000,0.600000,124237.497394
3.800000,0.700000,121564.682677
3.800000,0.800000,118947.201180
3.800000,0.900000,116384.963718
3.800000,1.000000,113882.284886
3.800000,1.100000,111441.780411
3.800000,1.200000,109057.246271
3.800000,1.300000,106734.104902
3.800000,1.400000,104468.544783
3.800000,1.500000,102261.592529
3.800000,1.600000,100113.469236
3.800000,1.700000,98020.017714
3.800000,1.800000,95975.423279
3.800000,1.900000,93991.561198
3.800000,2.000000,92060.173039
3.800000,2.100000,90187.953851
3.800000,2.200000,88386.278264
3.800000,2.300000,86662.253393
3.800000,2.400000,85037.672910
3.800000,2.500000,83540.563621
3.800000,2.600000,82216.969063
3.800000,2.700000,81118.684484
3.800000,2.800000,80321.610699
3.800000,2.900000,79919.703476
3.800000,3.000000,80039.362437
3.800000,3.100000,80834.525559
3.800000,3.200000,82503.407608
3.800000,3.300000,85281.529001
3.800000,3.400000,89460.055182
3.800000,3.500000,95393.283453
3.800000,3.600000,103503.134926
3.800000,3.700000,114285.873710
3.800000,3.800000,128341.803155
3.800000,3.900000,146373.253964
3.800000,4.000000,169184.830577
3.800000,4.100000,197731.409644
3.800000,4.200000,233103.260563
3.800000,4.300000,276567.468238
3.800000,4.400000,329565.729450
3.800000,4.500000,393751.265272
3.800000,4.600000,471008.604779
3.800000,4.700000,563459.327463
3.800000,4.800000,673520.172982
3.800000,4.900000,803899.737097
3.800000,5.000000,957648.744949
3.900000,-5.000000,2981154.386278
3.900000,-4.900000,2607393.071063
3.900000,-4.800000,2281179.466663
3.900000,-4.700000,1997128.583396
3.900000,-4.600000,1750361.929817
3.900000,-4.500000,1536493.302221
3.900000,-4.400000,1351573.489508
3.900000,-4.300000,1192053.255030
3.900000,-4.200000,1054760.483011
3.900000,-4.100000,936863.313654
3.900000,-4.000000,835838.965700
3.900000,-3.900000,749442.713120
3.900000,-3.800000,675688.285826
3.900000,-3.700000,612826.331877
3.900000,-3.600000,559308.761993
3.900000,-3.500000,513784.775771
3.900000,-3.400000,475071.618946
3.900000,-3.300000,442141.575319
3.900000,-3.200000,414094.652867
3.900000,-3.100000,390158.691545
3.900000,-3.000000,369674.554590
3.900000,-2.900000,352068.452247
3.900000,-2.800000,336860.540066
3.900000,-2.700000,323636.744665
3.900000,-2.600000,312049.874796
3.900000,-2.500000,301808.136055
3.900000,-2.400000,292671.687846
3.900000,-2.300000,284441.121670
3.900000,-2.200000,276948.434760
3.900000,-2.100000,270054.287254
3.900000,-2.000000,263658.741154
3.900000,-1.900000,257665.624060
3.900000,-1.800000,252004.435290
3.900000,-1.700000,246622.459521
3.900000,-1.600000,241470.972139
3.900000,-1.500000,236515.171720
3.900000,-1.400000,231730.010768
3.900000,-1.300000,227092.331388
3.900000,-1.200000,222582.469131
3.900000,-1.100000,218191.170939
3.900000,-1.000000,213907.919552
3.900000,-0.900000,209716.054444
3.900000,-0.800000,205617.928065
3.900000,-0.700000,201598.704975
3.900000,-0.600000,197659.942198
3.900000,-0.500000,193796.002829
3.900000,-0.400000,189997.651846
3.900000,-0.300000,186265.602534
3.900000,-0.200000,182597.419646
3.900000,-0.100000,178988.607084
3.900000,-0.000000,175440.022288
3.900000,0.100000,171946.968473
3.900000,0.200000,168514.415132
3.900000,0.300000,165136.652437
3.900000,0.400000,161815.229641
3.900000,0.500000,158551.653842
3.900000,0.600000,155351.749458
3.900000,0.700000,152207.172600
3.900000,0.800000,149127.530269
3.900000,0.900000,146110.210031
3.900000,1.000000,143156.328470
3.900000,1.100000,140270.707704
3.900000,1.200000,137452.000848
3.900000,1.300000,134699.590438
3.900000,1.400000,132009.763247
3.900000,1.500000,129387.370433
3.900000,1.600000,126830.828945
3.900000,1.700000,124333.195460
3.900000,1.800000,121895.050288
3.900000,1.900000,119521.288115
3.900000,2.000000,117207.072401
3.900000,2.100000,114957.418627
3.900000,2.200000,112780.705426
3.900000,2.300000,110688.555880
3.900000,2.400000,108700.293575
3.900000,2.500000,106846.069372
3.900000,2.600000,105161.490631
3.900000,2.700000,103704.589039
3.900000,2.800000,102548.500790
3.900000,2.900000,101782.643403
3.900000,3.000000,101536.113741
3.900000,3.100000,101958.004935
3.900000,3.200000,103240.167475
3.900000,3.300000,105619.190688
3.900000,3.400000,109383.567250
3.900000,3.500000,114883.901540
3.900000,3.600000,122535.596488
3.900000,3.700000,132835.070337
3.900000,3.800000,146373.253964
3.900000,3.900000,163842.957028
3.900000,4.000000,186057.084378
3.900000,4.100000,213948.768546
3.900000,4.200000,248614.763894
3.900000,4.300000,291303.055670
3.900000,4.400000,343452.073948
3.900000,4.500000,406710.270495
3.900000,4.600000,482946.186649
3.900000,4.700000,574277.915214
3.900000,4.800000,683103.744221
3.900000,4.900000,812126.351658
3.900000,5.000000,964381.992818
4.000000,-5.000000,3051927.746234
4.000000,-4.900000,2678421.287910
4.000000,-4.800000,2352329.998898
4.000000,-4.700000,2068285.079755
4.000000,-4.600000,1821420.041077
4.000000,-4.500000,1607353.272998
4.000000,-4.400000,1422151.671115
4.000000,-4.300000,1262270.616224
4.000000,-4.200000,1124556.681121
4.000000,-4.100000,1006173.187951
4.000000,-4.000000,904609.108730
4.000000,-3.900000,817626.189042
4.000000,-3.800000,743250.983874
4.000000,-3.700000,679729.227396
4.000000,-3.600000,625526.598122
4.000000,-3.500000,579295.596938
4.000000,-3.400000,539851.806071
4.000000,-3.300000,506174.883162
4.000000,-3.200000,477371.248307
4.000000,-3.100000,452670.729894
4.000000,-3.000000,431412.443952
4.000000,-2.900000,413031.167983
4.000000,-2.800000,397043.598196
4.000000,-2.700000,383043.921758
4.000000,-2.600000,370682.980009
4.000000,-2.500000,359672.258426
4.000000,-2.400000,349766.927289
4.000000,-2.300000,340775.220311
4.000000,-2.200000,332526.194853
4.000000,-2.100000,324887.610386
4.000000,-2.000000,317751.702611
4.000000,-1.900000,311026.848097
4.000000,-1.800000,304645.718721
4.000000,-1.700000,298549.754534
4.000000,-1.600000,292693.475657
4.000000,-1.500000,287043.285202
4.000000,-1.400000,281569.852292
4.000000,-1.300000,276253.653186
4.000000,-1.200000,271076.165333
4.000000,-1.100000,266026.835468
4.000000,-1.000000,261085.174547
4.000000,-0.900000,256252.044234
4.000000,-0.800000,251517.572015
4.000000,-0.700000,246869.147303
4.000000,-0.600000,242307.551004
4.000000,-0.500000,237829.199336
4.000000,-0.400000,233422.373763
4.000000,-0.300000,229092.338570
4.000000,-0.200000,224829.134868
4.000000,-0.100000,220635.616945
4.000000,-0.000000,216503.732317
4.000000,0.100000,212439.264643
4.000000,0.200000,208439.171706
4.000000,0.300000,204499.383859
4.000000,0.400000,200622.287072
4.000000,0.500000,196809.508966
4.000000,0.600000,193064.111621
4.000000,0.700000,189387.649350
4.000000,0.800000,185782.462785
4.000000,0.900000,182240.618396
4.000000,1.000000,178774.981523
4.000000,1.100000,175379.814705
4.000000,1.200000,172061.601307
4.000000,1.300000,168815.403991
4.000000,1.400000,165639.463564
4.000000,1.500000,162539.794408
4.000000,1.600000,159510.300001
4.000000,1.700000,156550.350449
4.000000,1.800000,153658.212320
4.000000,1.900000,150835.774892
4.000000,2.000000,148075.672445
4.000000,2.100000,145392.288310
4.000000,2.200000,142787.468560
4.000000,2.300000,140271.540765
4.000000,2.400000,137860.939818
4.000000,2.500000,135586.835962
4.000000,2.600000,133491.092312
4.000000,2.700000,131621.045220
4.000000,2.800000,130049.835409
4.000000,2.900000,128869.468677
4.000000,3.000000,128203.418471
4.000000,3.100000,128196.862686
4.000000,3.200000,129045.086947
4.000000,3.300000,130978.177699
4.000000,3.400000,134279.358360
4.000000,3.500000,139296.218919
4.000000,3.600000,146443.089798
4.000000,3.700000,156212.779637
4.000000,3.800000,169184.830577
4.000000,3.900000,186057.084378
4.000000,4.000000,207623.621764
4.000000,4.100000,234823.115428
4.000000,4.200000,268738.501326
4.000000,4.300000,310611.200197
4.000000,4.400000,361874.911659
4.000000,4.500000,424167.071811
4.000000,4.600000,499346.182303
4.000000,4.700000,589521.523427
4.000000,4.800000,697078.288674
4.000000,4.900000,824712.656739
4.000000,5.000000,975441.258559
4.100000,-5.000000,3135635.763832
4.100000,-4.900000,2762265.472109
4.100000,-4.800000,2436182.060300
4.100000,-4.700000,2152024.924090
4.100000,-4.600000,1904942.128653
4.100000,-4.500000,1690567.128431
4.100000,-4.400000,1504973.247522
4.100000,-4.300000,1344623.722338
4.100000,-4.200000,1206370.810789
4.100000,-4.100000,1087395.194202
4.100000,-4.000000,985185.554467
4.100000,-3.900000,897514.799511
4.100000,-3.800000,822408.941496
4.100000,-3.700000,758128.865039
4.100000,-3.600000,703135.540031
4.100000,-3.500000,656092.084375
4.100000,-3.400000,615815.763825
4.100000,-3.300000,581294.572009
4.100000,-3.200000,551633.081807
4.100000,-3.100000,526070.084590
4.100000,-3.000000,503945.022535
4.100000,-2.900000,484690.855007
4.100000,-2.800000,467829.054310
4.100000,-2.700000,452959.384128
4.100000,-2.600000,439729.671442
4.100000,-2.500000,427853.177645
4.100000,-2.400000,417092.610809
4.100000,-2.300000,407247.376968
4.100000,-2.200000,398154.258076
4.100000,-2.100000,389677.646509
4.100000,-2.000000,381716.601503
4.100000,-1.900000,374171.005218
4.100000,-1.800000,366980.624652
4.100000,-1.700000,360085.948898
4.100000,-1.600000,353437.360451
4.100000,-1.500000,347006.562851
4.100000,-1.400000,340761.990196
4.100000,-1.300000,334683.845260
4.100000,-1.200000,328753.668223
4.100000,-1.100000,322958.556088
4.100000,-1.000000,317283.726131
4.100000,-0.900000,311721.961302
4.100000,-0.800000,306267.196401
4.100000,-0.700000,300909.970536
4.100000,-0.600000,295647.623312
4.100000,-0.500000,290475.243976
4.100000,-0.400000,285384.886905
4.100000,-0.300000,280371.340163
4.100000,-0.200000,275438.786154
4.100000,-0.100000,270580.176478
4.100000,-0.000000,265789.066068
4.100000,0.100000,261075.140364
4.100000,0.200000,256430.209499
4.100000,0.300000,251849.997449
4.100000,0.400000,247345.150913
4.100000,0.500000,242910.899833
4.100000,0.600000,238552.344474
4.100000,0.700000,234265.749433
4.100000,0.800000,230056.070029
4.100000,0.900000,225921.978347
4.100000,1.000000,221868.223543
4.100000,1.100000,217897.144650
4.100000,1.200000,214006.483508
4.100000,1.300000,210198.038490
4.100000,1.400000,206465.540187
4.100000,1.500000,202819.422377
4.100000,1.600000,199252.238129
4.100000,1.700000,195761.303768
4.100000,1.800000,192343.344660
4.100000,1.900000,189004.480329
4.100000,2.000000,185740.855086
4.100000,2.100000,182554.690963
4.100000,2.200000,179452.212484
4.100000,2.300000,176449.792227
4.100000,2.400000,173555.989969
4.100000,2.500000,170804.449435
4.100000,2.600000,168229.656103
4.100000,2.700000,165886.977097
4.100000,2.800000,163841.353953
4.100000,2.900000,162185.415403
4.100000,3.000000,161040.231773
4.100000,3.100000,160548.918469
4.100000,3.200000,160906.843928
4.100000,3.300000,162335.541359
4.100000,3.400000,165119.669674
4.100000,3.500000,169598.141770
4.100000,3.600000,176188.299451
4.100000,3.700000,185371.106787
4.100000,3.800000,197731.409644
4.100000,3.900000,213948.768546
4.100000,4.000000,234823.115428
4.100000,4.100000,261283.002257
4.100000,4.200000,294398.292018
4.100000,4.300000,335411.925382
4.100000,4.400000,385743.854421
4.100000,4.500000,447023.191333
4.100000,4.600000,521103.438077
4.100000,4.700000,610079.739660
4.100000,4.800000,716332.266422
4.100000,4.900000,842535.942397
4.100000,5.000000,991703.273043
4.200000,-5.000000,3234095.225370
4.200000,-4.900000,2860730.498335
4.200000,-4.800000,2534525.323444
4.200000,-4.700000,2250132.428815
4.200000,-4.600000,2002711.481541
4.200000,-4.500000,1787904.662612
4.200000,-4.400000,1601794.975684
4.200000,-4.300000,1440858.120376
4.200000,-4.200000,1301948.640403
4.200000,-4.100000,1182260.564522
4.200000,-4.000000,1079289.200127
4.200000,-3.900000,990810.862129
4.200000,-3.800000,914867.167498
4.200000,-3.700000,849709.565660
4.200000,-3.600000,793815.721178
4.200000,-3.500000,745849.592874
4.200000,-3.400000,704634.042963
4.200000,-3.300000,669160.268888
4.200000,-3.200000,638535.606357
4.200000,-3.100000,612001.481043
4.200000,-3.000000,588898.655599
4.200000,-2.900000,568669.722647
4.200000,-2.800000,550830.420635
4.200000,-2.700000,534984.694801
4.200000,-2.600000,520786.479136
4.200000,-2.500000,507943.431380
4.200000,-2.400000,496225.065621
4.200000,-2.300000,485428.082438
4.200000,-2.200000,475391.049788
4.200000,-2.100000,465980.643311
4.200000,-2.000000,457090.977873
4.200000,-1.900000,448632.944471
4.200000,-1.800000,440535.071122
4.200000,-1.700000,432745.025037
4.200000,-1.600000,425210.414510
4.200000,-1.500000,417904.098868
4.200000,-1.400000,410796.666246
4.200000,-1.300000,403859.843985
4.200000,-1.200000,397085.759465
4.200000,-1.100000,390453.305870
4.200000,-1.000000,383956.773275
4.200000,-0.900000,377577.926759
4.200000,-0.800000,371316.426339
4.200000,-0.700000,365158.754238
4.200000,-0.600000,359104.781793
4.200000,-0.500000,353149.654049
4.200000,-0.400000,347282.957660
4.200000,-0.300000,341505.394422
4.200000,-0.200000,335813.133235
4.200000,-0.100000,330205.856312
4.200000,-0.000000,324670.870752
4.200000,0.100000,319221.395399
4.200000,0.200000,313850.034144
4.200000,0.300000,308548.988227
4.200000,0.400000,303330.567373
4.200000,0.500000,298193.967259
4.200000,0.600000,293134.400080
4.200000,0.700000,288158.700247
4.200000,0.800000,283267.646001
4.200000,0.900000,278460.539822
4.200000,1.000000,273741.306259
4.200000,1.100000,269112.660825
4.200000,1.200000,264570.384592
4.200000,1.300000,260121.550386
4.200000,1.400000,255758.493081
4.200000,1.500000,251489.959632
4.200000,1.600000,247305.622321
4.200000,1.700000,243210.032001
4.200000,1.800000,239192.482210
4.200000,1.900000,235266.165377
4.200000,2.000000,231418.385871
4.200000,2.100000,227657.050727
4.200000,2.200000,223991.244416
4.200000,2.300000,220427.273156
4.200000,2.400000,216978.797386
4.200000,2.500000,213680.126602
4.200000,2.600000,210561.442981
4.200000,2.700000,207674.460782
4.200000,2.800000,205089.253541
4.200000,2.900000,202892.774122
4.200000,3.000000,201201.432941
4.200000,3.100000,200163.013347
4.200000,3.200000,199960.873105
4.200000,3.300000,200821.280898
4.200000,3.400000,203022.927383
4.200000,3.500000,206909.415311
4.200000,3.600000,212878.651506
4.200000,3.700000,221421.598035
4.200000,3.800000,233103.260563
4.200000,3.900000,248614.763894
4.200000,4.000000,268738.501326
4.200000,4.100000,294398.292018
4.200000,4.200000,326663.016350
4.200000,4.300000,366760.428103
4.200000,4.400000,416112.882968
4.200000,4.500000,476329.858889
4.200000,4.600000,549258.596617
4.200000,4.700000,636989.842118
4.200000,4.800000,741889.049761
4.200000,4.900000,866616.036821
4.200000,5.000000,1014176.878966
4.300000,-5.000000,3349331.977476
4.300000,-4.900000,2975834.091702
4.300000,-4.800000,2649373.852829
4.300000,-4.700000,2364609.454178
4.300000,-4.600000,2116714.153196
4.300000,-4.500000,1901344.260669
4.300000,-4.400000,1714587.531669
4.300000,-4.300000,1552929.231392
4.300000,-4.200000,1413242.239811
4.300000,-4.100000,1292712.790127
4.300000,-4.000000,1188853.500989
4.300000,-3.900000,1099446.206153
4.300000,-3.800000,1022531.230417
4.300000,-3.700000,956379.798711
4.300000,-3.600000,899460.975894
4.300000,-3.500000,850452.595926
4.300000,-3.400000,808178.938106
4.300000,-3.300000,771634.269762
4.300000,-3.200000,739929.174295
4.300000,-3.100000,712307.798687
4.300000,-3.000000,688113.665368
4.300000,-2.900000,666794.451190
4.300000,-2.800000,647867.176750
4.300000,-2.700000,630933.855468
4.300000,-2.600000,615651.047233
4.300000,-2.500000,601733.965005
4.300000,-2.400000,588943.368127
4.300000,-2.300000,577086.930541
4.300000,-2.200000,565998.746854
4.300000,-2.100000,555544.978962
4.300000,-2.000000,545624.878503
4.300000,-1.900000,536144.844693
4.300000,-1.800000,527035.137801
4.300000,-1.700000,518244.798191
4.300000,-1.600000,509723.976409
4.300000,-1.500000,501437.543347
4.300000,-1.400000,493360.514583
4.300000,-1.300000,485469.697442
4.300000,-1.200000,477748.007898
4.300000,-1.100000,470183.535637
4.300000,-1.000000,462755.921203
4.300000,-0.900000,455463.652354
4.300000,-0.800000,448293.650063
4.300000,-0.700000,441241.512854
4.300000,-0.600000,434299.842112
4.300000,-0.500000,427464.860812
4.300000,-0.400000,420727.520598
4.300000,-0.300000,414090.182067
4.300000,-0.200000,407543.052483
4.300000,-0.100000,401088.184635
4.300000,-0.000000,394721.535471
4.300000,0.100000,388440.605863
4.300000,0.200000,382246.768065
4.300000,0.300000,376137.762455
4.300000,0.400000,370113.983021
4.300000,0.500000,364180.481814
4.300000,0.600000,358334.696384
4.300000,0.700000,352579.259615
4.300000,0.800000,346917.461768
4.300000,0.900000,341346.017676
4.300000,1.000000,335875.116277
4.300000,1.100000,330499.084011
4.300000,1.200000,325223.884170
4.300000,1.300000,320049.257064
4.300000,1.400000,314966.878407
4.300000,1.500000,309986.365126
4.300000,1.600000,305105.245624
4.300000,1.700000,300320.184250
4.300000,1.800000,295622.061737
4.300000,1.900000,291023.523703
4.300000,2.000000,286516.289372
4.300000,2.100000,282100.458681
4.300000,2.200000,277785.266204
4.300000,2.300000,273584.355166
4.300000,2.400000,269503.161040
4.300000,2.500000,265575.605704
4.300000,2.600000,261836.440864
4.300000,2.700000,258330.415406
4.300000,2.800000,255126.602194
4.300000,2.900000,252314.550712
4.300000,3.000000,250007.158484
4.300000,3.100000,248346.081453
4.300000,3.200000,247516.182671
4.300000,3.300000,247735.533574
4.300000,3.400000,249290.294738
4.300000,3.500000,252506.828710
4.300000,3.600000,257793.215921
4.300000,3.700000,265622.694149
4.300000,3.800000,276567.468238
4.300000,3.900000,291303.055670
4.300000,4.000000,310611.200197
4.300000,4.100000,335411.925382
4.300000,4.200000,366760.428103
4.300000,4.300000,405888.905998
4.300000,4.400000,454196.753572
4.300000,4.500000,513293.088418
4.300000,4.600000,585019.165831
4.300000,4.700000,671446.258202
4.300000,4.800000,774936.443669
4.300000,4.900000,898136.786344
4.300000,5.000000,1044036.974261
4.400000,-5.000000,3483620.818475
4.400000,-4.900000,3109841.553200
4.400000,-4.800000,2782976.106614
4.400000,-4.700000,2497695.820862
4.400000,-4.600000,2249186.354590
4.400000,-4.500000,2033105.694135
4.400000,-4.400000,1845560.835045
4.400000,-4.300000,1683044.088061
4.400000,-4.200000,1542431.558773
4.400000,-4.100000,1420927.813249
4.400000,-4.000000,1316044.455782
4.400000,-3.900000,1225572.269586
4.400000,-3.800000,1147556.057109
4.400000,-3.700000,1080272.607632
4.400000,-3.600000,1022204.302735
4.400000,-3.500000,972019.665302
4.400000,-3.400000,928559.610275
4.400000,-3.300000,890812.396478
4.400000,-3.200000,857898.989667
4.400000,-3.100000,829064.824494
4.400000,-3.000000,803656.238854
4.400000,-2.900000,781119.345345
4.400000,-2.800000,760980.768868
4.400000,-2.700000,742835.404271
4.400000,-2.600000,726349.225675
4.400000,-2.500000,711236.513311
4.400000,-2.400000,697258.001442
4.400000,-2.300000,684221.842007
4.400000,-2.200000,671962.504826
4.400000,-2.100000,660352.359493
4.400000,-2.000000,649280.582212
4.400000,-1.900000,638664.951724
4.400000,-1.800000,628429.135401
4.400000,-1.700000,618523.820077
4.400000,-1.600000,608897.669848
4.400000,-1.500000,599523.539893
4.400000,-1.400000,590367.235106
4.400000,-1.300000,581407.365615
4.400000,-1.200000,572630.863733
4.400000,-1.100000,564017.162231
4.400000,-1.000000,555556.310055
4.400000,-0.900000,547237.411063
4.400000,-0.800000,539056.008666
4.400000,-0.700000,530996.363428
4.400000,-0.600000,523060.943935
4.400000,-0.500000,515241.827078
4.400000,-0.400000,507530.586869
4.400000,-0.300000,499925.194409
4.400000,-0.200000,492420.114081
4.400000,-0.100000,485017.261038
4.400000,-0.000000,477710.456139
4.400000,0.100000,470500.332372
4.400000,0.200000,463386.400308
4.400000,0.300000,456362.251726
4.400000,0.400000,449433.035220
4.400000,0.500000,442601.586279
4.400000,0.600000,435869.026964
4.400000,0.700000,429239.045671
4.400000,0.800000,422705.477518
4.400000,0.900000,416276.096423
4.400000,1.000000,409951.486581
4.400000,1.100000,403737.504907
4.400000,1.200000,397631.243251
4.400000,1.300000,391630.807037
4.400000,1.400000,385741.341332
4.400000,1.500000,379960.613795
4.400000,1.600000,374283.674972
4.400000,1.700000,368718.051993
4.400000,1.800000,363250.896888
4.400000,1.900000,357886.096086
4.400000,2.000000,352624.916963
4.400000,2.100000,347465.876530
4.400000,2.200000,342419.150950
4.400000,2.300000,337486.963104
4.400000,2.400000,332688.966612
4.400000,2.500000,328048.093650
4.400000,2.600000,323601.018326
4.400000,2.700000,319393.606424
4.400000,2.800000,315489.136552
4.400000,2.900000,311977.159002
4.400000,3.000000,308969.988878
4.400000,3.100000,306603.891264
4.400000,3.200000,305064.907963
4.400000,3.300000,304569.787876
4.400000,3.400000,305394.123476
4.400000,3.500000,307868.985272
4.400000,3.600000,312389.183207
4.400000,3.700000,319433.637235
4.400000,3.800000,329565.729450
4.400000,3.900000,343452.073948
4.400000,4.000000,361874.911659
4.400000,4.100000,385743.854421
4.400000,4.200000,416112.882968
4.400000,4.300000,454196.753572
4.400000,4.400000,501393.051116
4.400000,4.500000,559306.884036
4.400000,4.600000,629761.192276
4.400000,4.700000,714824.309547
4.400000,4.800000,816839.946474
4.400000,4.900000,938455.936658
4.400000,5.000000,1082640.491803
4.500000,-5.000000,3639499.487197
4.500000,-4.900000,3265282.224790
4.500000,-4.800000,2937850.166222
4.500000,-4.700000,2651899.120742
4.500000,-4.600000,2402612.532642
4.500000,-4.500000,2185669.517539
4.500000,-4.400000,1997183.990397
4.500000,-4.300000,1833658.861000
4.500000,-4.200000,1691973.584453
4.500000,-4.100000,1569342.849996
4.500000,-4.000000,1463286.515380
4.500000,-3.900000,1371602.762018
4.500000,-3.800000,1292343.163829
4.500000,-3.700000,1223786.393732
4.500000,-3.600000,1164420.111884
4.500000,-3.500000,1112922.394842
4.500000,-3.400000,1068132.301374
4.500000,-3.300000,1029045.511907
4.500000,-3.200000,994784.028279
4.500000,-3.100000,964600.246697
4.500000,-3.000000,937840.174074
4.500000,-2.900000,913953.822808
4.500000,-2.800000,892463.663579
4.500000,-2.700000,872979.773661
4.500000,-2.600000,855157.299783
4.500000,-2.500000,838714.843228
4.500000,-2.400000,823415.968407
4.500000,-2.300000,809070.777380
4.500000,-2.200000,795516.611462
4.500000,-2.100000,782614.642345
4.500000,-2.000000,770270.324527
4.500000,-1.900000,758389.154077
4.500000,-1.800000,746903.700503
4.500000,-1.700000,735757.812817
4.500000,-1.600000,724907.493645
4.500000,-1.500000,714316.632956
4.500000,-1.400000,703960.228744
4.500000,-1.300000,693811.020232
4.500000,-1.200000,683855.019530
4.500000,-1.100000,674075.307229
4.500000,-1.000000,664460.106599
4.500000,-0.900000,654997.719355
4.500000,-0.800000,645682.957608
4.500000,-0.700000,636503.884156
4.500000,-0.600000,627455.389209
4.500000,-0.500000,618535.734444
4.500000,-0.400000,609733.094366
4.500000,-0.300000,601046.268649
4.500000,-0.200000,592471.055801
4.500000,-0.100000,584006.027986
4.500000,-0.000000,575648.691592
4.500000,0.100000,567391.835498
4.500000,0.200000,559243.999789
4.500000,0.300000,551198.557770
4.500000,0.400000,543252.995841
4.500000,0.500000,535418.218734
4.500000,0.600000,527688.930771
4.500000,0.700000,520068.516476
4.500000,0.800000,512561.009753
4.500000,0.900000,505164.551198
4.500000,1.000000,497884.753857
4.500000,1.100000,490724.322329
4.500000,1.200000,483677.893664
4.500000,1.300000,476756.231388
4.500000,1.400000,469948.128534
4.500000,1.500000,463262.975394
4.500000,1.600000,456693.816734
4.500000,1.700000,450243.764164
4.500000,1.800000,443903.447139
4.500000,1.900000,437676.614141
4.500000,2.000000,431562.056958
4.500000,2.100000,425562.775944
4.500000,2.200000,419680.807183
4.500000,2.300000,413927.271273
4.500000,2.400000,408313.513718
4.500000,2.500000,402865.370217
4.500000,2.600000,397614.626943
4.500000,2.700000,392609.828851
4.500000,2.800000,387912.460718
4.500000,2.900000,383608.567072
4.500000,3.000000,379809.405921
4.500000,3.100000,376651.691501
4.500000,3.200000,374316.185220
4.500000,3.300000,373017.816691
4.500000,3.400000,373025.460269
4.500000,3.500000,374668.732456
4.500000,3.600000,378341.339816
4.500000,3.700000,384517.533310
4.500000,3.800000,393751.265272
4.500000,3.900000,406710.270495
4.500000,4.000000,424167.071811
4.500000,4.100000,447023.191333
4.500000,4.200000,476329.858889
4.500000,4.300000,513293.088418
4.500000,4.400000,559306.884036
4.500000,4.500000,615957.955678
4.500000,4.600000,685071.414230
4.500000,4.700000,768698.100985
4.500000,4.800000,869170.796613
4.500000,4.900000,989130.129564
4.500000,5.000000,1131529.093813
4.600000,-5.000000,3819800.630574
4.600000,-4.900000,3444970.158714
4.600000,-4.800000,3116803.151891
4.600000,-4.700000,2830006.814221
4.600000,-4.600000,2579780.212887
4.600000,-4.500000,2361809.050184
4.600000,-4.400000,2172214.729912
4.600000,-4.300000,2007515.591880
4.600000,-4.200000,1864597.757680
4.600000,-4.100000,1740679.358395
4.600000,-4.000000,1633292.336308
4.600000,-3.900000,1540238.166239
4.600000,-3.800000,1459577.650268
4.600000,-3.700000,1389591.647803
4.600000,-3.600000,1328773.826567
4.600000,-3.500000,1275810.218079
4.600000,-3.400000,1229535.576813
4.600000,-3.300000,1188960.272152
4.600000,-3.200000,1153203.480400
4.600000,-3.100000,1121516.746548
4.600000,-3.000000,1093259.519782
4.600000,-2.900000,1067876.147786
4.600000,-2.800000,1044894.048391
4.600000,-2.700000,1023922.600514
4.600000,-2.600000,1004618.439392
4.600000,-2.500000,986707.071753
4.600000,-2.400000,969948.467410
4.600000,-2.300000,954152.730384
4.600000,-2.200000,939156.321361
4.600000,-2.100000,924829.026481
4.600000,-2.000000,911070.162985
4.600000,-1.900000,897789.117737
4.600000,-1.800000,884915.583535
4.600000,-1.700000,872395.541692
4.600000,-1.600000,860185.479161
4.600000,-1.500000,848244.221939
4.600000,-1.400000,836552.881267
4.600000,-1.300000,825082.381625
4.600000,-1.200000,813816.605894
4.600000,-1.100000,802740.135991
4.600000,-1.000000,791837.970851
4.600000,-0.900000,781102.073559
4.600000,-0.800000,770525.688168
4.600000,-0.700000,760098.087053
4.600000,-0.600000,749811.053432
4.600000,-0.500000,739662.786060
4.600000,-0.400000,729642.009016
4.600000,-0.300000,719750.514963
4.600000,-0.200000,709979.904987
4.600000,-0.100000,700330.701007
4.600000,-0.000000,690791.517219
4.600000,0.100000,681373.543561
4.600000,0.200000,672066.778714
4.600000,0.300000,662876.099703
4.600000,0.400000,653796.954964
4.600000,0.500000,644835.588144
4.600000,0.600000,635990.096919
4.600000,0.700000,627267.093854
4.600000,0.800000,618665.772663
4.600000,0.900000,610183.044039
4.600000,1.000000,601830.425855
4.600000,1.100000,593605.064761
4.600000,1.200000,585507.491332
4.600000,1.300000,577546.284654
4.600000,1.400000,569709.079199
4.600000,1.500000,562004.684144
4.600000,1.600000,554431.028740
4.600000,1.700000,546983.656774
4.600000,1.800000,539661.280610
4.600000,1.900000,532462.192832
4.600000,2.000000,525386.318826
4.600000,2.100000,518435.364160
4.600000,2.200000,511614.702131
4.600000,2.300000,504929.891251
4.600000,2.400000,498394.890324
4.600000,2.500000,492033.319851
4.600000,2.600000,485877.971000
4.600000,2.700000,479972.694323
4.600000,2.800000,474378.580737
4.600000,2.900000,469183.668783
4.600000,3.000000,464491.496652
4.600000,3.100000,460439.408479
4.600000,3.200000,457206.541464
4.600000,3.300000,455006.150720
4.600000,3.400000,454100.354237
4.600000,3.500000,454821.746485
4.600000,3.600000,457552.818572
4.600000,3.700000,462761.573189
4.600000,3.800000,471008.604779
4.600000,3.900000,482946.186649
4.600000,4.000000,499346.182303
4.600000,4.100000,521103.438077
4.600000,4.200000,549258.596617
4.600000,4.300000,585019.165831
4.600000,4.400000,629761.192276
4.600000,4.500000,685071.414230
4.600000,4.600000,752758.466668
4.600000,4.700000,834863.430234
4.600000,4.800000,933718.267848
4.600000,4.900000,1051942.083496
4.600000,5.000000,1192479.920092
4.700000,-5.000000,4027659.793348
4.700000,-4.900000,3652026.671641
4.700000,-4.800000,3322945.858672
4.700000,-4.700000,3035120.373235
4.700000,-4.600000,2783771.816349
4.700000,-4.500000,2564593.361951
4.700000,-4.400000,2373718.166732
4.700000,-4.300000,2207666.096805
4.700000,-4.200000,2063340.117634
4.700000,-4.100000,1937961.471585
4.700000,-4.000000,1829071.924454
4.700000,-3.900000,1734475.696360
4.700000,-3.800000,1652243.805282
4.700000,-3.700000,1580659.597874
4.700000,-3.600000,1518224.763516
4.700000,-3.500000,1463628.569292
4.700000,-3.400000,1415707.921983
4.700000,-3.300000,1373478.399850
4.700000,-3.200000,1336065.250900
4.700000,-3.100000,1302718.641369
4.700000,-3.000000,1272799.928059
4.700000,-2.900000,1245761.747024
4.700000,-2.800000,1221126.719362
4.700000,-2.700000,1198510.080375
4.700000,-2.600000,1177573.955258
4.700000,-2.500000,1158034.144559
4.700000,-2.400000,1139662.618311
4.700000,-2.300000,1122261.790672
4.700000,-2.200000,1105676.572538
4.700000,-2.100000,1089772.127392
4.700000,-2.000000,1074451.050869
4.700000,-1.900000,1059617.458055
4.700000,-1.800000,1045208.406620
4.700000,-1.700000,1031165.912895
4.700000,-1.600000,1017444.856518
4.700000,-1.500000,1004012.429866
4.700000,-1.400000,990840.117795
4.700000,-1.300000,977901.496259
4.700000,-1.200000,965181.488789
4.700000,-1.100000,952666.522506
4.700000,-1.000000,940340.143581
4.700000,-0.900000,928188.581595
4.700000,-0.800000,916209.466211
4.700000,-0.700000,904392.722536
4.700000,-0.600000,892725.881705
4.700000,-0.500000,881212.578304
4.700000,-0.400000,869839.415400
4.700000,-0.300000,858603.291601
4.700000,-0.200000,847498.473740
4.700000,-0.100000,836526.384351
4.700000,-0.000000,825681.270682
4.700000,0.100000,814960.923726
4.700000,0.200000,804368.083460
4.700000,0.300000,793894.912564
4.700000,0.400000,783548.836021
4.700000,0.500000,773329.995874
4.700000,0.600000,763240.207116
4.700000,0.700000,753279.690559
4.700000,0.800000,743454.655893
4.700000,0.900000,733761.839029
4.700000,1.000000,724205.672822
4.700000,1.100000,714792.032475
4.700000,1.200000,705519.268508
4.700000,1.300000,696389.537767
4.700000,1.400000,687400.513509
4.700000,1.500000,678555.592337
4.700000,1.600000,669848.480529
4.700000,1.700000,661284.320094
4.700000,1.800000,652855.850110
4.700000,1.900000,644564.341504
4.700000,2.000000,636407.711115
4.700000,2.100000,628388.492737
4.700000,2.200000,620510.023610
4.700000,2.300000,612776.660620
4.700000,2.400000,605202.242420
4.700000,2.500000,597811.200893
4.700000,2.600000,590632.341228
4.700000,2.700000,583713.402483
4.700000,2.800000,577115.242762
4.700000,2.900000,570912.949128
4.700000,3.000000,565218.100808
4.700000,3.100000,560166.616797
4.700000,3.200000,555927.341811
4.700000,3.300000,552714.824763
4.700000,3.400000,550790.360188
4.700000,3.500000,550479.021476
4.700000,3.600000,552162.043984
4.700000,3.700000,556307.954523
4.700000,3.800000,563459.327463
4.700000,3.900000,574277.915214
4.700000,4.000000,589521.523427
4.700000,4.100000,610079.739660
4.700000,4.200000,636989.842118
4.700000,4.300000,671446.258202
4.700000,4.400000,714824.309547
4.700000,4.500000,768698.100985
4.700000,4.600000,834863.430234
4.700000,4.700000,915362.147799
4.700000,4.800000,1012507.757757
4.700000,4.900000,1128905.926818
4.700000,5.000000,1267498.530566
4.800000,-5.000000,4266568.001447
4.800000,-4.900000,3889939.469594
4.800000,-4.800000,3559739.572591
4.800000,-4.700000,3270693.060396
4.800000,-4.600000,3018028.425496
4.800000,-4.500000,2797450.240892
4.800000,-4.400000,2605098.916755
4.800000,-4.300000,2437508.362713
4.800000,-4.200000,2291582.126620
4.800000,-4.100000,2164559.927736
4.800000,-4.000000,2053979.919685
4.800000,-3.900000,1957660.768523
4.800000,-3.800000,1873673.803181
4.800000,-3.700000,1800312.891902
4.800000,-3.600000,1736078.863780
4.800000,-3.500000,1679668.579749
4.800000,-3.400000,1629928.756571
4.800000,-3.300000,1585867.303667
4.800000,-3.200000,1546617.879476
4.800000,-3.100000,1511438.020472
4.800000,-3.000000,1479689.009791
4.800000,-2.900000,1450819.508240
4.800000,-2.800000,1424365.535903
4.800000,-2.700000,1399934.109371
4.800000,-2.600000,1377192.912440
4.800000,-2.500000,1355861.038436
4.800000,-2.400000,1335707.735316
4.800000,-2.300000,1316538.276795
4.800000,-2.200000,1298198.542788
4.800000,-2.100000,1280550.856550
4.800000,-2.000000,1263503.905871
4.800000,-1.900000,1246957.135394
4.800000,-1.800000,1230850.838040
4.800000,-1.700000,1215126.213537
4.800000,-1.600000,1199736.720702
4.800000,-1.500000,1184652.847308
4.800000,-1.400000,1169841.578402
4.800000,-1.300000,1155279.162513
4.800000,-1.200000,1140951.968955
4.800000,-1.100000,1126838.412552
4.800000,-1.000000,1112930.776273
4.800000,-0.900000,1099210.696053
4.800000,-0.800000,1085678.610422
4.800000,-0.700000,1072316.384260
4.800000,-0.600000,1059125.190919
4.800000,-0.500000,1046094.111625
4.800000,-0.400000,1033214.204856
4.800000,-0.300000,1020487.868854
4.800000,-0.200000,1007901.342565
4.800000,-0.100000,995462.838048
4.800000,-0.000000,983155.676445
4.800000,0.100000,970992.366920
4.800000,0.200000,958962.986833
4.800000,0.300000,947068.671418
4.800000,0.400000,935310.806726
4.800000,0.500000,923693.383834
4.800000,0.600000,912214.668374
4.800000,0.700000,900879.576449
4.800000,0.800000,889688.899277
4.800000,0.900000,878641.793583
4.800000,1.000000,867746.431762
4.800000,1.100000,857004.065096
4.800000,1.200000,846414.759899
4.800000,1.300000,835982.215131
4.800000,1.400000,825703.453406
4.800000,1.500000,815580.435345
4.800000,1.600000,805609.883591
4.800000,1.700000,795793.681390
4.800000,1.800000,786127.779380
4.800000,1.900000,776611.564910
4.800000,2.000000,767242.329630
4.800000,2.100000,758020.967367
4.800000,2.200000,748953.459165
4.800000,2.300000,740043.266910
4.800000,2.400000,731303.056833
4.800000,2.500000,722755.513712
4.800000,2.600000,714433.614299
4.800000,2.700000,706373.016573
4.800000,2.800000,698640.721069
4.800000,2.900000,691309.838393
4.800000,3.000000,684492.922471
4.800000,3.100000,678315.001604
4.800000,3.200000,672950.429316
4.800000,3.300000,668606.753847
4.800000,3.400000,665549.089618
4.800000,3.500000,664087.722623
4.800000,3.600000,664608.017611
4.800000,3.700000,667571.323660
4.800000,3.800000,673520.172982
4.800000,3.900000,683103.744221
4.800000,4.000000,697078.288674
4.800000,4.100000,716332.266422
4.800000,4.200000,741889.049761
4.800000,4.300000,774936.443669
4.800000,4.400000,816839.946474
4.800000,4.500000,869170.796613
4.800000,4.600000,933718.267848
4.800000,4.700000,1012507.757757
4.800000,4.800000,1107844.217077
4.800000,4.900000,1222323.195437
4.800000,5.000000,1358867.495833
4.900000,-5.000000,4540387.767583
4.900000,-4.900000,4162545.918415
4.900000,-4.800000,3831019.837853
4.900000,-4.700000,3540538.203277
4.900000,-4.600000,3286349.574662
4.900000,-4.500000,3064163.194902
4.900000,-4.400000,2870134.288587
4.900000,-4.300000,2700796.460586
4.900000,-4.200000,2553073.478471
4.900000,-4.100000,2424203.588989
4.900000,-4.000000,2311732.596760
4.900000,-3.900000,2213492.024705
4.900000,-3.800000,2127553.577791
4.900000,-3.700000,2052217.419691
4.900000,-3.600000,1985993.081507
4.900000,-3.500000,1927576.049929
4.900000,-3.400000,1875820.282564
4.900000,-3.300000,1829739.841597
4.900000,-3.200000,1788469.029452
4.900000,-3.100000,1751268.340938
4.900000,-3.000000,1717498.324749
4.900000,-2.900000,1686617.069536
4.900000,-2.800000,1658153.575439
4.900000,-2.700000,1631726.391190
4.900000,-2.600000,1606997.074224
4.900000,-2.500000,1583691.781387
4.900000,-2.400000,1561576.580180
4.900000,-2.300000,1540459.239942
4.900000,-2.200000,1520184.629962
4.900000,-2.100000,1500622.234110
4.900000,-2.000000,1481669.157490
4.900000,-1.900000,1463234.143708
4.900000,-1.800000,1445256.231473
4.900000,-1.700000,1427676.723725
4.900000,-1.600000,1410446.274310
4.900000,-1.500000,1393537.070511
4.900000,-1.400000,1376918.903510
4.900000,-1.300000,1360559.960304
4.900000,-1.200000,1344455.655300
4.900000,-1.100000,1328579.858273
4.900000,-1.000000,1312920.989655
4.900000,-0.900000,1297465.957861
4.900000,-0.800000,1282213.452692
4.900000,-0.700000,1267143.512232
4.900000,-0.600000,1252259.955609
4.900000,-0.500000,1237548.709562
4.900000,-0.400000,1223000.873746
4.900000,-0.300000,1208617.776565
4.900000,-0.200000,1194389.592179
4.900000,-0.100000,1180319.612788
4.900000,-0.000000,1166400.231553
4.900000,0.100000,1152628.721833
4.900000,0.200000,1139006.488174
4.900000,0.300000,1125534.265387
4.900000,0.400000,1112207.888717
4.900000,0.500000,1099032.373009
4.900000,0.600000,1086010.818202
4.900000,0.700000,1073145.081719
4.900000,0.800000,1060433.846687
4.900000,0.900000,1047884.125468
4.900000,1.000000,1035493.834986
4.900000,1.100000,1023273.609816
4.900000,1.200000,1011219.498553
4.900000,1.300000,999333.356726
4.900000,1.400000,987616.684011
4.900000,1.500000,976066.011400
4.900000,1.600000,964687.495581
4.900000,1.700000,953474.046416
4.900000,1.800000,942422.159939
4.900000,1.900000,931538.174618
4.900000,2.000000,920811.117757
4.900000,2.100000,910246.861810
4.900000,2.200000,899847.452581
4.900000,2.300000,889621.931324
4.900000,2.400000,879573.722350
4.900000,2.500000,869734.105122
4.900000,2.600000,860124.397362
4.900000,2.700000,850789.477844
4.900000,2.800000,841786.215025
4.900000,2.900000,833195.745512
4.900000,3.000000,825117.505395
4.900000,3.100000,817682.832789
4.900000,3.200000,811063.478028
4.900000,3.300000,805458.757688
4.900000,3.400000,801130.877323
4.900000,3.500000,798396.001073
4.900000,3.600000,797626.063314
4.900000,3.700000,799282.404668
4.900000,3.800000,803899.737097
4.900000,3.900000,812126.351658
4.900000,4.000000,824712.656739
4.900000,4.100000,842535.942397
4.900000,4.200000,866616.036821
4.900000,4.300000,898136.786344
4.900000,4.400000,938455.936658
4.900000,4.500000,989130.129564
4.900000,4.600000,1051942.083496
4.900000,4.700000,1128905.926818
4.900000,4.800000,1222323.195437
4.900000,4.900000,1334770.517471
4.900000,5.000000,1469162.973982
5.000000,-5.000000,4853385.370497
5.000000,-4.900000,4474101.237585
5.000000,-4.800000,4141018.789268
5.000000,-4.700000,3848886.627290
5.000000,-4.600000,3592945.599344
5.000000,-4.500000,3368929.582785
5.000000,-4.400000,3173000.068807
5.000000,-4.300000,3001700.090622
5.000000,-4.200000,2851958.189235
5.000000,-4.100000,2721022.412058
5.000000,-4.000000,2606454.048490
5.000000,-3.900000,2506074.410686
5.000000,-3.800000,2417973.276313
5.000000,-3.700000,2340453.950282
5.000000,-3.600000,2272027.812072
5.000000,-3.500000,2211397.296254
5.000000,-3.400000,2157421.679728
5.000000,-3.300000,2109113.869687
5.000000,-3.200000,2065616.395509
5.000000,-3.100000,2026190.033969
5.000000,-3.000000,1990200.141945
5.000000,-2.900000,1957104.381205
5.000000,-2.800000,1926438.017711
5.000000,-2.700000,1897815.910708
5.000000,-2.600000,1870902.774791
5.000000,-2.500000,1845424.113531
5.000000,-2.400000,1821150.013791
5.000000,-2.300000,1797891.230715
5.000000,-2.200000,1775491.324715
5.000000,-2.100000,1753815.025627
5.000000,-2.000000,1732769.469243
5.000000,-1.900000,1712258.496949
5.000000,-1.800000,1692221.096929
5.000000,-1.700000,1672594.351559
5.000000,-1.600000,1653339.046258
5.000000,-1.500000,1634417.735749
5.000000,-1.400000,1615801.745838
5.000000,-1.300000,1597468.754726
5.000000,-1.200000,1579402.964165
5.000000,-1.100000,1561579.767736
5.000000,-1.000000,1543990.366504
5.000000,-0.900000,1526619.396469
5.000000,-0.800000,1509466.827823
5.000000,-0.700000,1492512.108149
5.000000,-0.600000,1475751.379044
5.000000,-0.500000,1459185.228218
5.000000,-0.400000,1442793.881643
5.000000,-0.300000,1426577.975272
5.000000,-0.200000,1410536.802694
5.000000,-0.100000,1394663.945820
5.000000,-0.000000,1378949.039716
5.000000,0.100000,1363403.543697
5.000000,0.200000,1348016.945002
5.000000,0.300000,1332790.946688
5.000000,0.400000,1317724.459411
5.000000,0.500000,1302825.395854
5.000000,0.600000,1288091.759837
5.000000,0.700000,1273528.340899
5.000000,0.800000,1259133.741608
5.000000,0.900000,1244911.073900
5.000000,1.000000,1230863.872751
5.000000,1.100000,1217000.188616
5.000000,1.200000,1203314.122624
5.000000,1.300000,1189813.800377
5.000000,1.400000,1176492.375114
5.000000,1.500000,1163359.083394
5.000000,1.600000,1150407.637841
5.000000,1.700000,1137636.052961
5.000000,1.800000,1125044.608735
5.000000,1.900000,1112630.580377
5.000000,2.000000,1100390.739225
5.000000,2.100000,1088329.267181
5.000000,2.200000,1076445.194001
5.000000,2.300000,1064748.802996
5.000000,2.400000,1053243.815450
5.000000,2.500000,1041953.339163
5.000000,2.600000,1030908.725063
5.000000,2.700000,1020146.051068
5.000000,2.800000,1009727.272556
5.000000,2.900000,999725.671867
5.000000,3.000000,990243.426113
5.000000,3.100000,981404.192772
5.000000,3.200000,973381.956238
5.000000,3.300000,966372.666614
5.000000,3.400000,960637.663370
5.000000,3.500000,956486.501791
5.000000,3.600000,954286.944817
5.000000,3.700000,954494.431304
5.000000,3.800000,957648.744949
5.000000,3.900000,964381.992818
5.000000,4.000000,975441.258559
5.000000,4.100000,991703.273043
5.000000,4.200000,1014176.878966
5.000000,4.300000,1044036.974261
5.000000,4.400000,1082640.491803
5.000000,4.500000,1131529.093813
5.000000,4.600000,1192479.920092
5.000000,4.700000,1267498.530566
5.000000,4.800000,1358867.495833
5.000000,4.900000,1469162.973982
5.000000,5.000000,1601284.401668
